pdb,chain,wtAA,mutAA,mutPos,ddG,id
1A43,A,G,A,156,2.8,1A43_A_G156A
1A43,A,E,D,159,4.9,1A43_A_E159D
1A43,A,R,A,167,4.55,1A43_A_R167A
1A43,A,W,A,184,0.7,1A43_A_W184A
1A43,A,C,S,218,3.7,1A43_A_C218S
1A5E,A,W,D,15,-0.19,1A5E_A_W15D
1A5E,A,L,S,37,-0.81,1A5E_A_L37S
1A5E,A,L,R,121,-0.66,1A5E_A_L121R
1AEP,A,L,K,14,1.18,1AEP_A_L14K
1AEP,A,T,A,28,-0.48,1AEP_A_T28A
1AEP,A,A,K,137,1.4,1AEP_A_A137K
1AEP,A,T,A,141,1.03,1AEP_A_T141A
1AG2,A,M,V,129,0.33,1AG2_A_M129V
1AG2,A,F,W,175,1.48,1AG2_A_F175W
1AG2,A,V,I,180,0.5,1AG2_A_V180I
1AG2,A,T,A,183,4.62,1AG2_A_T183A
1AG2,A,T,V,190,-0.19,1AG2_A_T190V
1AG2,A,F,S,198,2.46,1AG2_A_F198S
1AG2,A,E,K,200,0.23,1AG2_A_E200K
1AG2,A,R,H,208,1.44,1AG2_A_R208H
1AG2,A,V,I,210,0.26,1AG2_A_V210I
1AG2,A,Q,R,217,2.13,1AG2_A_Q217R
1AJ3,A,H,A,10,-0.5,1AJ3_A_H10A
1AJ3,A,H,G,10,0.5,1AJ3_A_H10G
1AJ3,A,F,A,12,3.7,1AJ3_A_F12A
1AJ3,A,F,L,12,1.3,1AJ3_A_F12L
1AJ3,A,R,A,14,0.3,1AJ3_A_R14A
1AJ3,A,R,G,14,1.9,1AJ3_A_R14G
1AJ3,A,M,A,16,2.2,1AJ3_A_M16A
1AJ3,A,D,A,17,0.2,1AJ3_A_D17A
1AJ3,A,D,G,17,1.2,1AJ3_A_D17G
1AJ3,A,S,A,21,-0.5,1AJ3_A_S21A
1AJ3,A,S,G,21,0.5,1AJ3_A_S21G
1AJ3,A,W,F,22,1.31,1AJ3_A_W22F
1AJ3,A,I,A,23,3.65,1AJ3_A_I23A
1AJ3,A,I,V,23,1.6,1AJ3_A_I23V
1AJ3,A,E,A,25,-0.1,1AJ3_A_E25A
1AJ3,A,E,G,25,1.1,1AJ3_A_E25G
1AJ3,A,K,A,26,0,1AJ3_A_K26A
1AJ3,A,V,A,30,0.2,1AJ3_A_V30A
1AJ3,A,T,A,40,-0.3,1AJ3_A_T40A
1AJ3,A,T,G,40,0.1,1AJ3_A_T40G
1AJ3,A,V,A,42,0.4,1AJ3_A_V42A
1AJ3,A,N,A,44,-0.2,1AJ3_A_N44A
1AJ3,A,N,G,44,0.4,1AJ3_A_N44G
1AJ3,A,L,A,45,0.2,1AJ3_A_L45A
1AJ3,A,K,A,47,-0.4,1AJ3_A_K47A
1AJ3,A,K,G,47,0.5,1AJ3_A_K47G
1AJ3,A,H,A,49,1.4,1AJ3_A_H49A
1AJ3,A,R,A,51,-0.3,1AJ3_A_R51A
1AJ3,A,R,G,51,0.6,1AJ3_A_R51G
1AJ3,A,L,A,52,2.8,1AJ3_A_L52A
1AJ3,A,A,G,54,1.1,1AJ3_A_A54G
1AJ3,A,L,A,56,3.8,1AJ3_A_L56A
1AJ3,A,A,G,58,1.1,1AJ3_A_A58G
1AJ3,A,H,A,59,2.3,1AJ3_A_H59A
1AJ3,A,I,A,63,2.8,1AJ3_A_I63A
1AJ3,A,I,V,63,0.6,1AJ3_A_I63V
1AJ3,A,Q,A,64,0.7,1AJ3_A_Q64A
1AJ3,A,Q,G,64,1.8,1AJ3_A_Q64G
1AJ3,A,V,A,66,2.3,1AJ3_A_V66A
1AJ3,A,D,A,68,0.1,1AJ3_A_D68A
1AJ3,A,D,G,68,1.3,1AJ3_A_D68G
1AJ3,A,K,A,72,0.1,1AJ3_A_K72A
1AJ3,A,K,G,72,1.4,1AJ3_A_K72G
1AJ3,A,L,A,73,2.4,1AJ3_A_L73A
1AJ3,A,I,A,84,2,1AJ3_A_I84A
1AJ3,A,I,V,84,0.6,1AJ3_A_I84V
1AJ3,A,Q,A,86,0,1AJ3_A_Q86A
1AJ3,A,Q,G,86,1.3,1AJ3_A_Q86G
1AJ3,A,L,A,88,2.8,1AJ3_A_L88A
1AJ3,A,A,G,89,1.1,1AJ3_A_A89G
1AJ3,A,F,A,91,2.8,1AJ3_A_F91A
1AJ3,A,F,L,91,-0.5,1AJ3_A_F91L
1AJ3,A,D,A,93,-0.7,1AJ3_A_D93A
1AJ3,A,D,G,93,0.3,1AJ3_A_D93G
1AJ3,A,W,F,95,2.1,1AJ3_A_W95F
1AJ3,A,K,A,96,0.4,1AJ3_A_K96A
1AJ3,A,K,G,96,1.3,1AJ3_A_K96G
1AJ3,A,L,A,98,3.8,1AJ3_A_L98A
1AJ3,A,Q,A,100,-0.4,1AJ3_A_Q100A
1AJ3,A,Q,G,100,0.7,1AJ3_A_Q100G
1AJ3,A,A,G,102,2.6,1AJ3_A_A102G
1AJ3,A,A,G,104,1.8,1AJ3_A_A104G
1AJ3,A,R,A,105,0,1AJ3_A_R105A
1AKY,A,V,I,8,1.2,1AKY_A_V8I
1AKY,A,Q,E,48,0.96,1AKY_A_Q48E
1AKY,A,T,H,77,0.9,1AKY_A_T77H
1AKY,A,T,H,110,2.13,1AKY_A_T110H
1AKY,A,N,D,169,2.15,1AKY_A_N169D
1AKY,A,I,F,213,1.91,1AKY_A_I213F
1AM7,A,H,D,31,1.6,1AM7_A_H31D
1AM7,A,H,N,48,5,1AM7_A_H48N
1AMQ,A,C,A,82,1.3,1AMQ_A_C82A
1AMQ,A,C,S,82,2.44,1AMQ_A_C82S
1AMQ,A,C,A,191,2.2,1AMQ_A_C191A
1AMQ,A,C,F,191,1.6,1AMQ_A_C191F
1AMQ,A,C,G,191,0.02,1AMQ_A_C191G
1AMQ,A,C,R,191,1.69,1AMQ_A_C191R
1AMQ,A,C,S,191,1.9,1AMQ_A_C191S
1AMQ,A,C,W,191,3.9,1AMQ_A_C191W
1AMQ,A,C,Y,191,2.3,1AMQ_A_C191Y
1AMQ,A,C,A,192,1.6,1AMQ_A_C192A
1AMQ,A,C,S,192,0.99,1AMQ_A_C192S
1AMQ,A,C,A,270,2.5,1AMQ_A_C270A
1AMQ,A,C,A,401,-3.2,1AMQ_A_C401A
1AMQ,A,C,S,401,1.79,1AMQ_A_C401S
1ANK,A,D,H,84,1.4,1ANK_A_D84H
1ANK,A,G,V,85,2.4,1ANK_A_G85V
1ANK,A,F,L,86,0.8,1ANK_A_F86L
1ANK,A,R,G,88,0.2,1ANK_A_R88G
1AON,U,I,C,3,0.44,1AON_U_I3C
1AON,U,I,W,3,0.25,1AON_U_I3W
1AON,U,I,W,48,0.2,1AON_U_I48W
1AON,U,V,C,95,0.25,1AON_U_V95C
1APS,A,Y,F,11,-1.04,1APS_A_Y11F
1APS,A,Y,I,11,2.24,1APS_A_Y11I
1APS,A,V,A,13,2.63,1APS_A_V13A
1APS,A,V,A,17,1.84,1APS_A_V17A
1APS,A,V,A,20,0.29,1APS_A_V20A
1APS,A,F,L,22,1.29,1APS_A_F22L
1APS,A,Y,A,25,0.24,1APS_A_Y25A
1APS,A,A,G,30,1.65,1APS_A_A30G
1APS,A,V,A,36,2.54,1APS_A_V36A
1APS,A,W,F,38,0.02,1APS_A_W38F
1APS,A,V,A,39,1.63,1APS_A_V39A
1APS,A,T,A,42,1.84,1APS_A_T42A
1APS,A,G,A,45,1.73,1APS_A_G45A
1APS,A,V,A,47,1.87,1APS_A_V47A
1APS,A,V,A,51,1.89,1APS_A_V51A
1APS,A,W,A,64,1.51,1APS_A_W64A
1APS,A,I,V,75,1.41,1APS_A_I75V
1APS,A,T,S,78,1.41,1APS_A_T78S
1APS,A,E,D,83,1.51,1APS_A_E83D
1APS,A,I,V,86,1.77,1APS_A_I86V
1APS,A,L,A,89,1.67,1APS_A_L89A
1ARR,A,Q,G,9,-0.68,1ARR_A_Q9G
1ARR,A,R,G,13,-0.36,1ARR_A_R13G
1ARR,A,R,G,16,1.55,1ARR_A_R16G
1ARR,A,E,G,17,1.19,1ARR_A_E17G
1ARR,A,L,Q,19,1.8,1ARR_A_L19Q
1ARR,A,D,G,20,2.79,1ARR_A_D20G
1ARR,A,R,G,23,2.14,1ARR_A_R23G
1ARR,A,K,G,24,2.45,1ARR_A_K24G
1ARR,A,K,T,24,1.2,1ARR_A_K24T
1ARR,A,E,G,27,0.75,1ARR_A_E27G
1ARR,A,E,G,28,1.69,1ARR_A_E28G
1ARR,A,N,G,34,-0.64,1ARR_A_N34G
1ARR,A,S,G,35,0.46,1ARR_A_S35G
1ARR,A,Q,G,39,1.22,1ARR_A_Q39G
1ARR,A,K,G,46,1.6,1ARR_A_K46G
1ARR,A,K,G,47,1.16,1ARR_A_K47G
1ARR,A,E,G,48,2.59,1ARR_A_E48G
1AZP,A,V,I,30,-0.7,1AZP_A_V30I
1B26,A,R,A,190,0.36,1B26_A_R190A
1B26,A,K,A,193,-0.98,1B26_A_K193A
1B26,A,E,A,231,0.49,1B26_A_E231A
1B8E,A,W,Y,19,3.45,1B8E_A_W19Y
1BLC,A,D,N,179,0.44,1BLC_A_D179N
1BNI,A,I,A,4,1.9,1BNI_A_I4A
1BNI,A,I,V,4,0.69,1BNI_A_I4V
1BNI,A,N,A,5,2.06,1BNI_A_N5A
1BNI,A,T,A,6,2.24,1BNI_A_T6A
1BNI,A,T,D,6,-0.11,1BNI_A_T6D
1BNI,A,T,E,6,0.27,1BNI_A_T6E
1BNI,A,T,G,6,1.6,1BNI_A_T6G
1BNI,A,T,H,6,2.65,1BNI_A_T6H
1BNI,A,T,N,6,1.27,1BNI_A_T6N
1BNI,A,T,Q,6,1.87,1BNI_A_T6Q
1BNI,A,T,S,6,0.22,1BNI_A_T6S
1BNI,A,F,L,7,4.35,1BNI_A_F7L
1BNI,A,D,A,8,0.99,1BNI_A_D8A
1BNI,A,D,G,8,1.24,1BNI_A_D8G
1BNI,A,D,S,8,0.97,1BNI_A_D8S
1BNI,A,V,A,10,3.63,1BNI_A_V10A
1BNI,A,V,T,10,2.58,1BNI_A_V10T
1BNI,A,D,A,12,-1.1,1BNI_A_D12A
1BNI,A,D,G,12,1.29,1BNI_A_D12G
1BNI,A,D,S,12,0.78,1BNI_A_D12S
1BNI,A,Y,A,13,3.71,1BNI_A_Y13A
1BNI,A,Y,F,13,0.52,1BNI_A_Y13F
1BNI,A,L,A,14,4.8,1BNI_A_L14A
1BNI,A,Q,I,15,-1.19,1BNI_A_Q15I
1BNI,A,T,A,16,0.39,1BNI_A_T16A
1BNI,A,T,G,16,1.66,1BNI_A_T16G
1BNI,A,T,R,16,-0.58,1BNI_A_T16R
1BNI,A,T,S,16,1.87,1BNI_A_T16S
1BNI,A,Y,A,17,2.43,1BNI_A_Y17A
1BNI,A,Y,F,17,0.44,1BNI_A_Y17F
1BNI,A,Y,G,17,4.9,1BNI_A_Y17G
1BNI,A,Y,S,17,2.57,1BNI_A_Y17S
1BNI,A,H,A,18,-2.15,1BNI_A_H18A
1BNI,A,H,D,18,2.56,1BNI_A_H18D
1BNI,A,H,G,18,0.98,1BNI_A_H18G
1BNI,A,H,K,18,1.05,1BNI_A_H18K
1BNI,A,H,N,18,1.8,1BNI_A_H18N
1BNI,A,H,Q,18,1.6,1BNI_A_H18Q
1BNI,A,H,R,18,1.17,1BNI_A_H18R
1BNI,A,H,S,18,2.28,1BNI_A_H18S
1BNI,A,K,R,19,-0.54,1BNI_A_K19R
1BNI,A,D,M,22,0.27,1BNI_A_D22M
1BNI,A,N,A,23,2.5,1BNI_A_N23A
1BNI,A,Y,F,24,-0.05,1BNI_A_Y24F
1BNI,A,I,A,25,3.59,1BNI_A_I25A
1BNI,A,I,V,25,1.18,1BNI_A_I25V
1BNI,A,T,A,26,2.14,1BNI_A_T26A
1BNI,A,T,D,26,0.08,1BNI_A_T26D
1BNI,A,T,E,26,0.05,1BNI_A_T26E
1BNI,A,T,G,26,2.08,1BNI_A_T26G
1BNI,A,T,N,26,1.29,1BNI_A_T26N
1BNI,A,T,Q,26,1.72,1BNI_A_T26Q
1BNI,A,T,S,26,0.56,1BNI_A_T26S
1BNI,A,T,V,26,2.31,1BNI_A_T26V
1BNI,A,K,A,27,0.53,1BNI_A_K27A
1BNI,A,K,G,27,0.3,1BNI_A_K27G
1BNI,A,S,A,28,-0.51,1BNI_A_S28A
1BNI,A,S,E,28,-0.51,1BNI_A_S28E
1BNI,A,S,G,28,0.47,1BNI_A_S28G
1BNI,A,E,A,29,-1.36,1BNI_A_E29A
1BNI,A,E,G,29,1.91,1BNI_A_E29G
1BNI,A,E,Q,29,0.11,1BNI_A_E29Q
1BNI,A,E,S,29,1.23,1BNI_A_E29S
1BNI,A,Q,A,31,-0.1,1BNI_A_Q31A
1BNI,A,Q,G,31,1.04,1BNI_A_Q31G
1BNI,A,Q,S,31,0.25,1BNI_A_Q31S
1BNI,A,A,C,32,1.43,1BNI_A_A32C
1BNI,A,A,D,32,0.7,1BNI_A_A32D
1BNI,A,A,E,32,0.6,1BNI_A_A32E
1BNI,A,A,F,32,0.7,1BNI_A_A32F
1BNI,A,A,G,32,-0.91,1BNI_A_A32G
1BNI,A,A,H,32,0.8,1BNI_A_A32H
1BNI,A,A,I,32,0.8,1BNI_A_A32I
1BNI,A,A,K,32,-0.31,1BNI_A_A32K
1BNI,A,A,L,32,0.3,1BNI_A_A32L
1BNI,A,A,M,32,0.3,1BNI_A_A32M
1BNI,A,A,N,32,0.7,1BNI_A_A32N
1BNI,A,A,Q,32,0.5,1BNI_A_A32Q
1BNI,A,A,R,32,0.15,1BNI_A_A32R
1BNI,A,A,S,32,0.4,1BNI_A_A32S
1BNI,A,A,T,32,0.8,1BNI_A_A32T
1BNI,A,A,V,32,0.9,1BNI_A_A32V
1BNI,A,A,W,32,1.07,1BNI_A_A32W
1BNI,A,A,Y,32,0.8,1BNI_A_A32Y
1BNI,A,L,Q,33,1.34,1BNI_A_L33Q
1BNI,A,G,A,34,3.12,1BNI_A_G34A
1BNI,A,G,D,34,3.39,1BNI_A_G34D
1BNI,A,G,H,34,3.15,1BNI_A_G34H
1BNI,A,G,K,34,3.12,1BNI_A_G34K
1BNI,A,G,N,34,2.75,1BNI_A_G34N
1BNI,A,G,R,34,2.61,1BNI_A_G34R
1BNI,A,G,S,34,3.2,1BNI_A_G34S
1BNI,A,G,T,34,3.37,1BNI_A_G34T
1BNI,A,V,A,36,1.5,1BNI_A_V36A
1BNI,A,V,T,36,1.15,1BNI_A_V36T
1BNI,A,N,D,41,2.54,1BNI_A_N41D
1BNI,A,D,E,44,0.11,1BNI_A_D44E
1BNI,A,V,A,45,1.83,1BNI_A_V45A
1BNI,A,V,T,45,2.44,1BNI_A_V45T
1BNI,A,I,A,51,4.71,1BNI_A_I51A
1BNI,A,I,V,51,1.86,1BNI_A_I51V
1BNI,A,G,A,53,3.4,1BNI_A_G53A
1BNI,A,D,A,54,3.3,1BNI_A_D54A
1BNI,A,D,N,54,2.67,1BNI_A_D54N
1BNI,A,I,A,55,1.29,1BNI_A_I55A
1BNI,A,I,T,55,1,1BNI_A_I55T
1BNI,A,I,V,55,0.37,1BNI_A_I55V
1BNI,A,S,A,57,-0.15,1BNI_A_S57A
1BNI,A,N,A,58,2.7,1BNI_A_N58A
1BNI,A,N,D,58,-0.5,1BNI_A_N58D
1BNI,A,R,A,59,-0.64,1BNI_A_R59A
1BNI,A,K,R,62,0.48,1BNI_A_K62R
1BNI,A,G,S,65,-0.74,1BNI_A_G65S
1BNI,A,K,A,66,-1,1BNI_A_K66A
1BNI,A,R,K,69,3.2,1BNI_A_R69K
1BNI,A,R,M,69,2.86,1BNI_A_R69M
1BNI,A,R,S,69,2.83,1BNI_A_R69S
1BNI,A,E,A,73,2.5,1BNI_A_E73A
1BNI,A,E,F,73,2.1,1BNI_A_E73F
1BNI,A,E,Q,73,2.7,1BNI_A_E73Q
1BNI,A,E,W,73,2.2,1BNI_A_E73W
1BNI,A,I,A,76,1.9,1BNI_A_I76A
1BNI,A,I,T,76,2.69,1BNI_A_I76T
1BNI,A,I,V,76,0.88,1BNI_A_I76V
1BNI,A,N,A,77,1.88,1BNI_A_N77A
1BNI,A,Y,F,78,1.5,1BNI_A_Y78F
1BNI,A,T,V,79,-0.3,1BNI_A_T79V
1BNI,A,R,K,83,4.43,1BNI_A_R83K
1BNI,A,R,Q,83,2.05,1BNI_A_R83Q
1BNI,A,N,A,84,2.24,1BNI_A_N84A
1BNI,A,S,A,85,-0.3,1BNI_A_S85A
1BNI,A,I,A,88,4.46,1BNI_A_I88A
1BNI,A,I,L,88,0.3,1BNI_A_I88L
1BNI,A,I,V,88,1.49,1BNI_A_I88V
1BNI,A,L,T,89,3.3,1BNI_A_L89T
1BNI,A,L,V,89,0.5,1BNI_A_L89V
1BNI,A,S,A,91,2.6,1BNI_A_S91A
1BNI,A,S,A,92,3,1BNI_A_S92A
1BNI,A,D,N,93,4.11,1BNI_A_D93N
1BNI,A,W,F,94,1.06,1BNI_A_W94F
1BNI,A,W,L,94,1.59,1BNI_A_W94L
1BNI,A,W,Y,94,1.27,1BNI_A_W94Y
1BNI,A,I,A,96,4,1BNI_A_I96A
1BNI,A,I,V,96,1.18,1BNI_A_I96V
1BNI,A,T,V,99,2.99,1BNI_A_T99V
1BNI,A,H,A,102,0.24,1BNI_A_H102A
1BNI,A,Y,F,103,0.06,1BNI_A_Y103F
1BNI,A,Q,A,104,0.21,1BNI_A_Q104A
1BNI,A,T,V,105,2.4,1BNI_A_T105V
1BNI,A,K,R,108,-0.9,1BNI_A_K108R
1BNI,A,I,A,109,2.1,1BNI_A_I109A
1BNI,A,I,V,109,0.82,1BNI_A_I109V
1BNI,A,R,A,110,0.46,1BNI_A_R110A
1BOY,A,R,W,200,-0.6,1BOY_A_R200W
1BTA,A,K,A,21,1.04,1BTA_A_K21A
1BTA,A,K,Q,21,1.09,1BTA_A_K21Q
1BTA,A,K,Q,22,1.2,1BTA_A_K22Q
1BTA,A,C,A,40,-0.1,1BTA_A_C40A
1BTA,A,E,K,57,0.73,1BTA_A_E57K
1BTA,A,K,E,60,1.17,1BTA_A_K60E
1BTA,A,K,L,60,-0.6,1BTA_A_K60L
1BTA,A,R,L,75,-0.75,1BTA_A_R75L
1BTA,A,R,Q,75,0.37,1BTA_A_R75Q
1BTA,A,K,A,78,0.05,1BTA_A_K78A
1BTA,A,K,Q,78,-0.38,1BTA_A_K78Q
1BTA,A,C,A,82,0.6,1BTA_A_C82A
1BVC,A,W,F,7,0.9,1BVC_A_W7F
1BVC,A,W,F,14,1.1,1BVC_A_W14F
1BVC,A,H,V,24,0.52,1BVC_A_H24V
1BVC,A,I,A,28,2.06,1BVC_A_I28A
1BVC,A,I,L,28,0.6,1BVC_A_I28L
1BVC,A,I,M,28,0.6,1BVC_A_I28M
1BVC,A,I,V,28,-0.04,1BVC_A_I28V
1BVC,A,L,A,29,2.37,1BVC_A_L29A
1BVC,A,L,I,29,1.12,1BVC_A_L29I
1BVC,A,L,M,29,-0.12,1BVC_A_L29M
1BVC,A,L,V,29,1.72,1BVC_A_L29V
1BVC,A,I,A,30,1.9,1BVC_A_I30A
1BVC,A,L,A,32,2.04,1BVC_A_L32A
1BVC,A,H,Q,36,0.83,1BVC_A_H36Q
1BVC,A,H,Q,48,0.62,1BVC_A_H48Q
1BVC,A,L,I,49,0.8,1BVC_A_L49I
1BVC,A,H,Q,64,0.45,1BVC_A_H64Q
1BVC,A,V,T,68,0.6,1BVC_A_V68T
1BVC,A,L,A,69,1.2,1BVC_A_L69A
1BVC,A,L,I,69,0.02,1BVC_A_L69I
1BVC,A,L,M,69,0,1BVC_A_L69M
1BVC,A,L,V,69,0.1,1BVC_A_L69V
1BVC,A,H,Q,82,0.05,1BVC_A_H82Q
1BVC,A,H,G,93,-0.04,1BVC_A_H93G
1BVC,A,I,A,111,1.84,1BVC_A_I111A
1BVC,A,I,L,111,0.64,1BVC_A_I111L
1BVC,A,I,M,111,1.14,1BVC_A_I111M
1BVC,A,H,Q,113,0.26,1BVC_A_H113Q
1BVC,A,H,F,119,0.68,1BVC_A_H119F
1BVC,A,F,K,123,2.1,1BVC_A_F123K
1BVC,A,F,T,123,3.5,1BVC_A_F123T
1BVC,A,A,K,130,3.7,1BVC_A_A130K
1BVC,A,A,L,130,2.3,1BVC_A_A130L
1BVC,A,M,A,131,2.2,1BVC_A_M131A
1BVC,A,L,I,135,1.54,1BVC_A_L135I
1BVC,A,L,M,135,0.8,1BVC_A_L135M
1BVC,A,L,V,135,2.25,1BVC_A_L135V
1BVC,A,I,A,142,1.92,1BVC_A_I142A
1BVC,A,I,L,142,-0.63,1BVC_A_I142L
1BVC,A,I,M,142,-0.93,1BVC_A_I142M
1BVC,A,I,V,142,0.12,1BVC_A_I142V
1C9O,A,Q,L,2,-0.6,1C9O_A_Q2L
1C9O,A,R,A,3,1.89,1C9O_A_R3A
1C9O,A,R,E,3,2.8,1C9O_A_R3E
1C9O,A,R,K,3,0.19,1C9O_A_R3K
1C9O,A,R,L,3,0.93,1C9O_A_R3L
1C9O,A,N,S,11,-0.33,1C9O_A_N11S
1C9O,A,E,K,12,0.43,1C9O_A_E12K
1C9O,A,Y,F,15,0.1,1C9O_A_Y15F
1C9O,A,E,A,21,0.29,1C9O_A_E21A
1C9O,A,E,K,21,0.43,1C9O_A_E21K
1C9O,A,G,Q,23,0.31,1C9O_A_G23Q
1C9O,A,S,D,24,-0.22,1C9O_A_S24D
1C9O,A,H,E,29,0.77,1C9O_A_H29E
1C9O,A,T,S,31,-0.19,1C9O_A_T31S
1C9O,A,E,K,36,0.98,1C9O_A_E36K
1C9O,A,F,W,38,-0.7,1C9O_A_F38W
1C9O,A,E,A,46,0.22,1C9O_A_E46A
1C9O,A,E,K,46,0.7,1C9O_A_E46K
1C9O,A,E,K,50,0.76,1C9O_A_E50K
1C9O,A,E,W,50,-0.3,1C9O_A_E50W
1C9O,A,Q,E,53,0.1,1C9O_A_Q53E
1C9O,A,N,K,55,0.29,1C9O_A_N55K
1C9O,A,R,E,56,-0.77,1C9O_A_R56E
1C9O,A,V,T,64,0.31,1C9O_A_V64T
1C9O,A,L,E,66,1.27,1C9O_A_L66E
1CAH,A,W,F,5,2.5,1CAH_A_W5F
1CAH,A,C,S,206,-2.35,1CAH_A_C206S
1CEY,A,D,A,12,-2.5,1CEY_A_D12A
1CEY,A,D,A,13,-2.7,1CEY_A_D13A
1CEY,A,F,N,14,-2.9,1CEY_A_F14N
1CEY,A,A,G,48,-0.2,1CEY_A_A48G
1CEY,A,D,A,57,-3.4,1CEY_A_D57A
1CEY,A,A,G,74,0.31,1CEY_A_A74G
1CEY,A,A,G,77,0.31,1CEY_A_A77G
1CEY,A,A,G,80,-0.6,1CEY_A_A80G
1CEY,A,A,G,88,-0.1,1CEY_A_A88G
1CEY,A,A,G,90,-0.5,1CEY_A_A90G
1CEY,A,A,G,99,0.5,1CEY_A_A99G
1CEY,A,A,G,101,1,1CEY_A_A101G
1CEY,A,A,G,113,1.3,1CEY_A_A113G
1CEY,A,A,G,114,0.8,1CEY_A_A114G
1CHK,A,W,F,28,4.43,1CHK_A_W28F
1CHK,A,W,F,101,4.27,1CHK_A_W101F
1CHK,A,W,F,227,2.97,1CHK_A_W227F
1CSE,I,V,A,14,1.04,1CSE_I_V14A
1CSE,I,V,A,18,1.2,1CSE_I_V18A
1CSE,I,L,A,27,0.16,1CSE_I_L27A
1CSE,I,V,A,54,1.58,1CSE_I_V54A
1CSE,I,V,A,62,1.01,1CSE_I_V62A
1CSP,A,M,R,1,-1.8,1CSP_A_M1R
1CSP,A,E,K,3,-2.8,1CSP_A_E3K
1CSP,A,E,L,3,-1.6,1CSP_A_E3L
1CSP,A,E,Q,3,-1.39,1CSP_A_E3Q
1CSP,A,E,R,3,-2.66,1CSP_A_E3R
1CSP,A,N,D,10,-0.7,1CSP_A_N10D
1CSP,A,F,A,15,2.27,1CSP_A_F15A
1CSP,A,F,A,17,1.53,1CSP_A_F17A
1CSP,A,D,Q,25,0.93,1CSP_A_D25Q
1CSP,A,F,A,27,0.89,1CSP_A_F27A
1CSP,A,F,A,38,-0.31,1CSP_A_F38A
1CSP,A,E,S,43,-0.29,1CSP_A_E43S
1CSP,A,A,E,46,0.6,1CSP_A_A46E
1CSP,A,A,K,46,-1.41,1CSP_A_A46K
1CSP,A,S,E,48,-0.1,1CSP_A_S48E
1CSP,A,S,R,48,-1.58,1CSP_A_S48R
1CSP,A,E,Q,50,1.27,1CSP_A_E50Q
1CSP,A,R,Q,56,-0.38,1CSP_A_R56Q
1CSP,A,K,I,65,-1.53,1CSP_A_K65I
1CSP,A,E,K,66,-2.18,1CSP_A_E66K
1CSP,A,E,L,66,-2.1,1CSP_A_E66L
1CUN,A,Q,A,115,0.15,1CUN_A_Q115A
1CUN,A,Q,G,115,1.15,1CUN_A_Q115G
1CUN,A,F,L,117,2.55,1CUN_A_F117L
1CUN,A,A,G,119,1.75,1CUN_A_A119G
1CUN,A,A,G,126,1.65,1CUN_A_A126G
1CUN,A,I,A,128,1.65,1CUN_A_I128A
1CUN,A,I,V,128,2.85,1CUN_A_I128V
1CUN,A,K,A,152,0.15,1CUN_A_K152A
1CUN,A,K,G,152,1.45,1CUN_A_K152G
1CUN,A,A,G,156,1.45,1CUN_A_A156G
1CUN,A,F,L,157,1.85,1CUN_A_F157L
1CUN,A,V,A,163,-0.15,1CUN_A_V163A
1CUN,A,V,G,163,1,1CUN_A_V163G
1CUN,A,H,A,164,2.9,1CUN_A_H164A
1CUN,A,V,A,171,1.55,1CUN_A_V171A
1CUN,A,A,G,173,1.95,1CUN_A_A173G
1CUN,A,A,G,191,1.35,1CUN_A_A191G
1CUN,A,M,A,193,2.65,1CUN_A_M193A
1CUN,A,L,A,196,4.55,1CUN_A_L196A
1CUN,A,G,A,198,0.9,1CUN_A_G198A
1CUN,A,S,A,201,-0.15,1CUN_A_S201A
1CUN,A,S,G,201,1,1CUN_A_S201G
1CUN,A,L,A,203,4.05,1CUN_A_L203A
1CUN,A,A,G,206,2.25,1CUN_A_A206G
1CUN,A,A,G,212,1.45,1CUN_A_A212G
1CUN,A,L,A,214,3.65,1CUN_A_L214A
1DKT,A,I,V,6,0.57,1DKT_A_I6V
1DKT,A,Y,A,8,0.7,1DKT_A_Y8A
1DKT,A,S,A,9,0.43,1DKT_A_S9A
1DKT,A,K,A,11,-0.62,1DKT_A_K11A
1DKT,A,F,L,17,2.79,1DKT_A_F17L
1DKT,A,E,A,18,1.25,1DKT_A_E18A
1DKT,A,V,A,22,1.53,1DKT_A_V22A
1DKT,A,V,A,32,1.13,1DKT_A_V32A
1DKT,A,S,A,39,0.83,1DKT_A_S39A
1DKT,A,L,A,46,2.07,1DKT_A_L46A
1DKT,A,V,A,55,1.06,1DKT_A_V55A
1DKT,A,V,G,55,2.1,1DKT_A_V55G
1DKT,A,M,L,58,0.52,1DKT_A_M58L
1DKT,A,H,A,65,0.6,1DKT_A_H65A
1DKT,A,L,A,67,2.03,1DKT_A_L67A
1DKT,A,R,A,70,2.8,1DKT_A_R70A
1DKT,A,R,A,71,0.68,1DKT_A_R71A
1E65,A,V,A,5,0,1E65_A_V5A
1E65,A,I,A,7,3.11,1E65_A_I7A
1E65,A,I,S,7,3.44,1E65_A_I7S
1E65,A,I,A,20,1.56,1E65_A_I20A
1E65,A,I,T,20,2.39,1E65_A_I20T
1E65,A,I,V,20,0.38,1E65_A_I20V
1E65,A,V,A,22,1.44,1E65_A_V22A
1E65,A,V,T,22,0.96,1E65_A_V22T
1E65,A,V,T,31,1.08,1E65_A_V31T
1E65,A,H,G,46,2.5,1E65_A_H46G
1E65,A,L,T,50,2.34,1E65_A_L50T
1E65,A,L,V,50,0.36,1E65_A_L50V
1E65,A,V,G,60,3.11,1E65_A_V60G
1E65,A,I,A,81,2.39,1E65_A_I81A
1E65,A,I,T,81,2.51,1E65_A_I81T
1E65,A,I,V,81,0.07,1E65_A_I81V
1E65,A,A,G,82,3.11,1E65_A_A82G
1E65,A,V,T,95,-0.96,1E65_A_V95T
1E65,A,F,S,110,3.95,1E65_A_F110S
1E65,A,H,G,117,2.18,1E65_A_H117G
1E65,A,L,A,125,0.72,1E65_A_L125A
1EY0,A,K,A,6,-0.19,1EY0_A_K6A
1EY0,A,K,G,6,-0.25,1EY0_A_K6G
1EY0,A,L,A,7,1.35,1EY0_A_L7A
1EY0,A,L,G,7,1.26,1EY0_A_L7G
1EY0,A,L,I,7,0.77,1EY0_A_L7I
1EY0,A,L,V,7,1.15,1EY0_A_L7V
1EY0,A,H,A,8,0.48,1EY0_A_H8A
1EY0,A,H,G,8,0.85,1EY0_A_H8G
1EY0,A,K,A,9,1.38,1EY0_A_K9A
1EY0,A,K,F,9,1.03,1EY0_A_K9F
1EY0,A,K,G,9,1.88,1EY0_A_K9G
1EY0,A,E,A,10,1.34,1EY0_A_E10A
1EY0,A,E,G,10,1.86,1EY0_A_E10G
1EY0,A,E,K,10,1.98,1EY0_A_E10K
1EY0,A,E,Q,10,0.97,1EY0_A_E10Q
1EY0,A,A,G,12,2.37,1EY0_A_A12G
1EY0,A,A,V,12,0.89,1EY0_A_A12V
1EY0,A,T,A,13,0.73,1EY0_A_T13A
1EY0,A,T,C,13,1.2,1EY0_A_T13C
1EY0,A,T,G,13,1.16,1EY0_A_T13G
1EY0,A,T,I,13,0.05,1EY0_A_T13I
1EY0,A,T,S,13,0.35,1EY0_A_T13S
1EY0,A,T,V,13,0.26,1EY0_A_T13V
1EY0,A,L,A,14,2.38,1EY0_A_L14A
1EY0,A,L,G,14,3.84,1EY0_A_L14G
1EY0,A,L,I,14,1.6,1EY0_A_L14I
1EY0,A,L,V,14,1.63,1EY0_A_L14V
1EY0,A,I,A,15,2.73,1EY0_A_I15A
1EY0,A,I,G,15,3.43,1EY0_A_I15G
1EY0,A,I,L,15,0.62,1EY0_A_I15L
1EY0,A,I,M,15,0.15,1EY0_A_I15M
1EY0,A,I,V,15,0.88,1EY0_A_I15V
1EY0,A,K,A,16,0.06,1EY0_A_K16A
1EY0,A,K,F,16,0.38,1EY0_A_K16F
1EY0,A,K,G,16,0.76,1EY0_A_K16G
1EY0,A,A,G,17,-0.19,1EY0_A_A17G
1EY0,A,A,V,17,1.94,1EY0_A_A17V
1EY0,A,I,A,18,2.65,1EY0_A_I18A
1EY0,A,I,G,18,2.63,1EY0_A_I18G
1EY0,A,I,L,18,0.14,1EY0_A_I18L
1EY0,A,I,M,18,0.68,1EY0_A_I18M
1EY0,A,I,V,18,0.96,1EY0_A_I18V
1EY0,A,D,A,19,0.09,1EY0_A_D19A
1EY0,A,D,F,19,1.28,1EY0_A_D19F
1EY0,A,D,G,19,0.42,1EY0_A_D19G
1EY0,A,D,K,19,0.41,1EY0_A_D19K
1EY0,A,D,N,19,-0.07,1EY0_A_D19N
1EY0,A,G,A,20,0.12,1EY0_A_G20A
1EY0,A,G,V,20,2.18,1EY0_A_G20V
1EY0,A,D,A,21,-0.83,1EY0_A_D21A
1EY0,A,D,G,21,-0.46,1EY0_A_D21G
1EY0,A,D,K,21,-1.1,1EY0_A_D21K
1EY0,A,D,N,21,-1.43,1EY0_A_D21N
1EY0,A,T,A,22,1.69,1EY0_A_T22A
1EY0,A,T,C,22,0.95,1EY0_A_T22C
1EY0,A,T,G,22,2.54,1EY0_A_T22G
1EY0,A,T,I,22,0.61,1EY0_A_T22I
1EY0,A,T,S,22,0.74,1EY0_A_T22S
1EY0,A,T,V,22,0.85,1EY0_A_T22V
1EY0,A,V,A,23,2.7,1EY0_A_V23A
1EY0,A,V,F,23,1.93,1EY0_A_V23F
1EY0,A,V,I,23,-0.03,1EY0_A_V23I
1EY0,A,V,L,23,0.02,1EY0_A_V23L
1EY0,A,V,S,23,4.76,1EY0_A_V23S
1EY0,A,V,T,23,3.34,1EY0_A_V23T
1EY0,A,K,A,24,0.34,1EY0_A_K24A
1EY0,A,K,F,24,0.4,1EY0_A_K24F
1EY0,A,K,G,24,1.6,1EY0_A_K24G
1EY0,A,L,A,25,2.77,1EY0_A_L25A
1EY0,A,L,G,25,4.58,1EY0_A_L25G
1EY0,A,L,I,25,1.83,1EY0_A_L25I
1EY0,A,L,V,25,1.85,1EY0_A_L25V
1EY0,A,M,A,26,1.61,1EY0_A_M26A
1EY0,A,M,G,26,1.95,1EY0_A_M26G
1EY0,A,M,I,26,0.84,1EY0_A_M26I
1EY0,A,M,L,26,0.31,1EY0_A_M26L
1EY0,A,Y,A,27,3.63,1EY0_A_Y27A
1EY0,A,Y,C,27,2.72,1EY0_A_Y27C
1EY0,A,Y,F,27,0.4,1EY0_A_Y27F
1EY0,A,Y,H,27,1.86,1EY0_A_Y27H
1EY0,A,Y,I,27,2.28,1EY0_A_Y27I
1EY0,A,Y,K,27,3.78,1EY0_A_Y27K
1EY0,A,Y,L,27,1.55,1EY0_A_Y27L
1EY0,A,Y,M,27,1.94,1EY0_A_Y27M
1EY0,A,Y,N,27,3.83,1EY0_A_Y27N
1EY0,A,Y,Q,27,3.31,1EY0_A_Y27Q
1EY0,A,Y,R,27,3.05,1EY0_A_Y27R
1EY0,A,Y,S,27,3.21,1EY0_A_Y27S
1EY0,A,Y,T,27,3.18,1EY0_A_Y27T
1EY0,A,Y,V,27,2.65,1EY0_A_Y27V
1EY0,A,Y,W,27,0.72,1EY0_A_Y27W
1EY0,A,K,A,28,0.7,1EY0_A_K28A
1EY0,A,K,E,28,0.79,1EY0_A_K28E
1EY0,A,K,F,28,0.85,1EY0_A_K28F
1EY0,A,K,G,28,0.8,1EY0_A_K28G
1EY0,A,K,Q,28,0.28,1EY0_A_K28Q
1EY0,A,G,A,29,1.41,1EY0_A_G29A
1EY0,A,G,C,29,1.26,1EY0_A_G29C
1EY0,A,G,F,29,1.46,1EY0_A_G29F
1EY0,A,G,V,29,3.11,1EY0_A_G29V
1EY0,A,Q,A,30,0.25,1EY0_A_Q30A
1EY0,A,Q,G,30,0.93,1EY0_A_Q30G
1EY0,A,M,A,32,1.81,1EY0_A_M32A
1EY0,A,M,G,32,2.54,1EY0_A_M32G
1EY0,A,M,I,32,0.56,1EY0_A_M32I
1EY0,A,M,L,32,0.76,1EY0_A_M32L
1EY0,A,T,A,33,1.52,1EY0_A_T33A
1EY0,A,T,C,33,1.04,1EY0_A_T33C
1EY0,A,T,G,33,2.62,1EY0_A_T33G
1EY0,A,T,I,33,-0.73,1EY0_A_T33I
1EY0,A,T,S,33,1.35,1EY0_A_T33S
1EY0,A,T,V,33,-0.47,1EY0_A_T33V
1EY0,A,F,A,34,3.8,1EY0_A_F34A
1EY0,A,R,A,35,1.38,1EY0_A_R35A
1EY0,A,R,G,35,2.26,1EY0_A_R35G
1EY0,A,L,A,36,3.66,1EY0_A_L36A
1EY0,A,L,I,36,3.09,1EY0_A_L36I
1EY0,A,L,V,36,3.58,1EY0_A_L36V
1EY0,A,L,A,37,1.51,1EY0_A_L37A
1EY0,A,L,G,37,3.79,1EY0_A_L37G
1EY0,A,L,I,37,1.82,1EY0_A_L37I
1EY0,A,L,V,37,2.78,1EY0_A_L37V
1EY0,A,L,A,38,1.51,1EY0_A_L38A
1EY0,A,L,G,38,0.28,1EY0_A_L38G
1EY0,A,L,I,38,2.06,1EY0_A_L38I
1EY0,A,L,V,38,0.14,1EY0_A_L38V
1EY0,A,V,A,39,2.16,1EY0_A_V39A
1EY0,A,V,G,39,4.61,1EY0_A_V39G
1EY0,A,V,I,39,-0.11,1EY0_A_V39I
1EY0,A,V,L,39,0.9,1EY0_A_V39L
1EY0,A,V,S,39,2.44,1EY0_A_V39S
1EY0,A,V,T,39,1.55,1EY0_A_V39T
1EY0,A,D,A,40,-0.41,1EY0_A_D40A
1EY0,A,D,G,40,0.38,1EY0_A_D40G
1EY0,A,T,A,41,-0.07,1EY0_A_T41A
1EY0,A,T,C,41,-0.74,1EY0_A_T41C
1EY0,A,T,G,41,1.79,1EY0_A_T41G
1EY0,A,T,I,41,-0.86,1EY0_A_T41I
1EY0,A,T,S,41,0.88,1EY0_A_T41S
1EY0,A,T,V,41,-0.9,1EY0_A_T41V
1EY0,A,E,A,43,-0.32,1EY0_A_E43A
1EY0,A,E,D,43,-0.2,1EY0_A_E43D
1EY0,A,E,G,43,-0.59,1EY0_A_E43G
1EY0,A,T,A,44,0.23,1EY0_A_T44A
1EY0,A,T,C,44,0.04,1EY0_A_T44C
1EY0,A,T,G,44,0.37,1EY0_A_T44G
1EY0,A,T,I,44,0.56,1EY0_A_T44I
1EY0,A,T,S,44,-0.04,1EY0_A_T44S
1EY0,A,T,V,44,-0.09,1EY0_A_T44V
1EY0,A,K,A,45,-0.19,1EY0_A_K45A
1EY0,A,K,G,45,-0.2,1EY0_A_K45G
1EY0,A,H,A,46,0.45,1EY0_A_H46A
1EY0,A,H,G,46,0.17,1EY0_A_H46G
1EY0,A,H,Y,46,0,1EY0_A_H46Y
1EY0,A,K,A,48,-0.09,1EY0_A_K48A
1EY0,A,K,E,48,-0.1,1EY0_A_K48E
1EY0,A,K,F,48,0.25,1EY0_A_K48F
1EY0,A,K,G,48,-0.24,1EY0_A_K48G
1EY0,A,K,Q,48,0.02,1EY0_A_K48Q
1EY0,A,K,A,49,0.25,1EY0_A_K49A
1EY0,A,K,F,49,-0.2,1EY0_A_K49F
1EY0,A,K,G,49,0.1,1EY0_A_K49G
1EY0,A,G,A,50,-0.16,1EY0_A_G50A
1EY0,A,G,C,50,0.75,1EY0_A_G50C
1EY0,A,G,F,50,0.55,1EY0_A_G50F
1EY0,A,G,V,50,1,1EY0_A_G50V
1EY0,A,V,A,51,0.05,1EY0_A_V51A
1EY0,A,V,G,51,0.17,1EY0_A_V51G
1EY0,A,V,I,51,-0.09,1EY0_A_V51I
1EY0,A,V,L,51,0.1,1EY0_A_V51L
1EY0,A,V,S,51,-0.01,1EY0_A_V51S
1EY0,A,V,T,51,-0.2,1EY0_A_V51T
1EY0,A,E,A,52,0.05,1EY0_A_E52A
1EY0,A,E,F,52,0.51,1EY0_A_E52F
1EY0,A,E,G,52,0.27,1EY0_A_E52G
1EY0,A,K,A,53,0.17,1EY0_A_K53A
1EY0,A,K,G,53,0.08,1EY0_A_K53G
1EY0,A,Y,A,54,1.97,1EY0_A_Y54A
1EY0,A,Y,F,54,0.38,1EY0_A_Y54F
1EY0,A,Y,G,54,1.72,1EY0_A_Y54G
1EY0,A,Y,L,54,3.31,1EY0_A_Y54L
1EY0,A,G,A,55,0.44,1EY0_A_G55A
1EY0,A,G,V,55,1.48,1EY0_A_G55V
1EY0,A,E,A,57,0.1,1EY0_A_E57A
1EY0,A,E,C,57,0.64,1EY0_A_E57C
1EY0,A,E,F,57,0.79,1EY0_A_E57F
1EY0,A,E,G,57,1.41,1EY0_A_E57G
1EY0,A,E,K,57,-0.01,1EY0_A_E57K
1EY0,A,E,Q,57,0.14,1EY0_A_E57Q
1EY0,A,A,G,58,2.53,1EY0_A_A58G
1EY0,A,A,V,58,2.63,1EY0_A_A58V
1EY0,A,S,A,59,-0.62,1EY0_A_S59A
1EY0,A,S,F,59,-0.56,1EY0_A_S59F
1EY0,A,S,G,59,1.03,1EY0_A_S59G
1EY0,A,A,C,60,1.12,1EY0_A_A60C
1EY0,A,A,F,60,0.8,1EY0_A_A60F
1EY0,A,A,G,60,1.45,1EY0_A_A60G
1EY0,A,A,V,60,2.68,1EY0_A_A60V
1EY0,A,F,A,61,2.34,1EY0_A_F61A
1EY0,A,F,G,61,4.76,1EY0_A_F61G
1EY0,A,T,A,62,2.23,1EY0_A_T62A
1EY0,A,T,C,62,1.05,1EY0_A_T62C
1EY0,A,T,G,62,3.52,1EY0_A_T62G
1EY0,A,T,I,62,1.17,1EY0_A_T62I
1EY0,A,T,S,62,2.15,1EY0_A_T62S
1EY0,A,T,V,62,-0.1,1EY0_A_T62V
1EY0,A,K,A,63,0.32,1EY0_A_K63A
1EY0,A,K,E,63,1.47,1EY0_A_K63E
1EY0,A,K,F,63,1.83,1EY0_A_K63F
1EY0,A,K,G,63,1.57,1EY0_A_K63G
1EY0,A,K,Q,63,0.89,1EY0_A_K63Q
1EY0,A,K,A,64,-0.16,1EY0_A_K64A
1EY0,A,K,E,64,1.68,1EY0_A_K64E
1EY0,A,K,F,64,0.09,1EY0_A_K64F
1EY0,A,K,G,64,0.51,1EY0_A_K64G
1EY0,A,K,Q,64,0,1EY0_A_K64Q
1EY0,A,M,A,65,2.06,1EY0_A_M65A
1EY0,A,M,F,65,1.62,1EY0_A_M65F
1EY0,A,M,G,65,4.66,1EY0_A_M65G
1EY0,A,M,I,65,1.43,1EY0_A_M65I
1EY0,A,M,L,65,0.73,1EY0_A_M65L
1EY0,A,V,A,66,2.34,1EY0_A_V66A
1EY0,A,V,G,66,4.49,1EY0_A_V66G
1EY0,A,V,I,66,0.76,1EY0_A_V66I
1EY0,A,V,K,66,4.83,1EY0_A_V66K
1EY0,A,V,L,66,-0.37,1EY0_A_V66L
1EY0,A,V,M,66,0.14,1EY0_A_V66M
1EY0,A,V,S,66,3.09,1EY0_A_V66S
1EY0,A,V,T,66,1.34,1EY0_A_V66T
1EY0,A,V,W,66,2.69,1EY0_A_V66W
1EY0,A,E,A,67,1.05,1EY0_A_E67A
1EY0,A,E,F,67,1.33,1EY0_A_E67F
1EY0,A,E,G,67,1,1EY0_A_E67G
1EY0,A,E,Q,67,0.57,1EY0_A_E67Q
1EY0,A,N,A,68,0.38,1EY0_A_N68A
1EY0,A,N,G,68,0.35,1EY0_A_N68G
1EY0,A,A,G,69,2.1,1EY0_A_A69G
1EY0,A,A,T,69,3.03,1EY0_A_A69T
1EY0,A,A,V,69,2.8,1EY0_A_A69V
1EY0,A,K,A,70,0.16,1EY0_A_K70A
1EY0,A,K,C,70,0.48,1EY0_A_K70C
1EY0,A,K,E,70,0.3,1EY0_A_K70E
1EY0,A,K,F,70,0.03,1EY0_A_K70F
1EY0,A,K,G,70,0.6,1EY0_A_K70G
1EY0,A,K,Q,70,0.25,1EY0_A_K70Q
1EY0,A,K,W,70,0.4,1EY0_A_K70W
1EY0,A,K,A,71,0.55,1EY0_A_K71A
1EY0,A,K,F,71,-0.04,1EY0_A_K71F
1EY0,A,K,G,71,1.31,1EY0_A_K71G
1EY0,A,I,L,72,0.23,1EY0_A_I72L
1EY0,A,I,M,72,1.88,1EY0_A_I72M
1EY0,A,I,V,72,1.79,1EY0_A_I72V
1EY0,A,E,A,73,1.46,1EY0_A_E73A
1EY0,A,E,F,73,0.88,1EY0_A_E73F
1EY0,A,E,G,73,2.76,1EY0_A_E73G
1EY0,A,E,K,73,2.06,1EY0_A_E73K
1EY0,A,E,Q,73,0.64,1EY0_A_E73Q
1EY0,A,V,A,74,3.23,1EY0_A_V74A
1EY0,A,V,I,74,1.91,1EY0_A_V74I
1EY0,A,V,L,74,1.12,1EY0_A_V74L
1EY0,A,V,T,74,3.88,1EY0_A_V74T
1EY0,A,E,A,75,1.69,1EY0_A_E75A
1EY0,A,E,G,75,3.43,1EY0_A_E75G
1EY0,A,E,K,75,2.22,1EY0_A_E75K
1EY0,A,E,Q,75,0.61,1EY0_A_E75Q
1EY0,A,E,V,75,2.31,1EY0_A_E75V
1EY0,A,F,A,76,4.1,1EY0_A_F76A
1EY0,A,F,G,76,4.73,1EY0_A_F76G
1EY0,A,D,A,77,2.39,1EY0_A_D77A
1EY0,A,D,G,77,1.81,1EY0_A_D77G
1EY0,A,D,K,77,3.28,1EY0_A_D77K
1EY0,A,D,N,77,2.69,1EY0_A_D77N
1EY0,A,K,A,78,0.5,1EY0_A_K78A
1EY0,A,K,C,78,0.26,1EY0_A_K78C
1EY0,A,K,E,78,0.69,1EY0_A_K78E
1EY0,A,K,F,78,-0.05,1EY0_A_K78F
1EY0,A,K,G,78,1.07,1EY0_A_K78G
1EY0,A,K,Q,78,0.15,1EY0_A_K78Q
1EY0,A,G,A,79,2.17,1EY0_A_G79A
1EY0,A,G,D,79,2.28,1EY0_A_G79D
1EY0,A,G,S,79,2.14,1EY0_A_G79S
1EY0,A,G,V,79,2.23,1EY0_A_G79V
1EY0,A,Q,A,80,0.02,1EY0_A_Q80A
1EY0,A,Q,F,80,0.58,1EY0_A_Q80F
1EY0,A,Q,G,80,1.25,1EY0_A_Q80G
1EY0,A,R,A,81,1.1,1EY0_A_R81A
1EY0,A,R,G,81,2.06,1EY0_A_R81G
1EY0,A,T,A,82,0.89,1EY0_A_T82A
1EY0,A,T,C,82,0.19,1EY0_A_T82C
1EY0,A,T,G,82,2.03,1EY0_A_T82G
1EY0,A,T,I,82,-0.51,1EY0_A_T82I
1EY0,A,T,S,82,0.75,1EY0_A_T82S
1EY0,A,T,V,82,-0.24,1EY0_A_T82V
1EY0,A,D,A,83,3.76,1EY0_A_D83A
1EY0,A,D,G,83,2.64,1EY0_A_D83G
1EY0,A,K,A,84,-0.1,1EY0_A_K84A
1EY0,A,K,E,84,0,1EY0_A_K84E
1EY0,A,K,F,84,0.75,1EY0_A_K84F
1EY0,A,K,G,84,0.39,1EY0_A_K84G
1EY0,A,K,Q,84,0.15,1EY0_A_K84Q
1EY0,A,Y,A,85,0.41,1EY0_A_Y85A
1EY0,A,Y,F,85,0.07,1EY0_A_Y85F
1EY0,A,Y,G,85,1.05,1EY0_A_Y85G
1EY0,A,Y,L,85,0.15,1EY0_A_Y85L
1EY0,A,G,A,86,0.31,1EY0_A_G86A
1EY0,A,G,F,86,1.99,1EY0_A_G86F
1EY0,A,G,V,86,3.74,1EY0_A_G86V
1EY0,A,R,A,87,0.79,1EY0_A_R87A
1EY0,A,R,G,87,2.53,1EY0_A_R87G
1EY0,A,G,A,88,-0.19,1EY0_A_G88A
1EY0,A,G,V,88,0.24,1EY0_A_G88V
1EY0,A,G,W,88,0.1,1EY0_A_G88W
1EY0,A,L,A,89,2.6,1EY0_A_L89A
1EY0,A,L,F,89,1.2,1EY0_A_L89F
1EY0,A,L,G,89,3.18,1EY0_A_L89G
1EY0,A,L,I,89,1.04,1EY0_A_L89I
1EY0,A,L,V,89,1.42,1EY0_A_L89V
1EY0,A,A,G,90,1.92,1EY0_A_A90G
1EY0,A,A,S,90,2.24,1EY0_A_A90S
1EY0,A,A,V,90,-0.04,1EY0_A_A90V
1EY0,A,Y,F,91,2.27,1EY0_A_Y91F
1EY0,A,Y,L,91,3.83,1EY0_A_Y91L
1EY0,A,I,A,92,4.12,1EY0_A_I92A
1EY0,A,I,L,92,0.6,1EY0_A_I92L
1EY0,A,I,M,92,1.75,1EY0_A_I92M
1EY0,A,I,V,92,0.46,1EY0_A_I92V
1EY0,A,Y,F,93,1.81,1EY0_A_Y93F
1EY0,A,Y,L,93,4.53,1EY0_A_Y93L
1EY0,A,A,G,94,2.54,1EY0_A_A94G
1EY0,A,A,V,94,1.13,1EY0_A_A94V
1EY0,A,D,A,95,3.5,1EY0_A_D95A
1EY0,A,D,G,95,2.93,1EY0_A_D95G
1EY0,A,G,A,96,1.8,1EY0_A_G96A
1EY0,A,G,F,96,2.55,1EY0_A_G96F
1EY0,A,G,V,96,3.74,1EY0_A_G96V
1EY0,A,K,A,97,0.22,1EY0_A_K97A
1EY0,A,K,E,97,0.47,1EY0_A_K97E
1EY0,A,K,F,97,0.58,1EY0_A_K97F
1EY0,A,K,G,97,1.85,1EY0_A_K97G
1EY0,A,K,Q,97,0.3,1EY0_A_K97Q
1EY0,A,M,A,98,4.43,1EY0_A_M98A
1EY0,A,M,G,98,4.44,1EY0_A_M98G
1EY0,A,M,I,98,4.39,1EY0_A_M98I
1EY0,A,M,L,98,2.3,1EY0_A_M98L
1EY0,A,V,A,99,3.35,1EY0_A_V99A
1EY0,A,V,I,99,0.14,1EY0_A_V99I
1EY0,A,V,L,99,0.15,1EY0_A_V99L
1EY0,A,V,T,99,3.36,1EY0_A_V99T
1EY0,A,N,G,100,4.98,1EY0_A_N100G
1EY0,A,E,A,101,1.36,1EY0_A_E101A
1EY0,A,E,F,101,2.74,1EY0_A_E101F
1EY0,A,E,G,101,2.47,1EY0_A_E101G
1EY0,A,A,F,102,1.71,1EY0_A_A102F
1EY0,A,A,G,102,1.37,1EY0_A_A102G
1EY0,A,A,V,102,1.84,1EY0_A_A102V
1EY0,A,L,A,103,4.6,1EY0_A_L103A
1EY0,A,L,I,103,1.11,1EY0_A_L103I
1EY0,A,L,V,103,2.05,1EY0_A_L103V
1EY0,A,V,A,104,2.82,1EY0_A_V104A
1EY0,A,V,I,104,-0.27,1EY0_A_V104I
1EY0,A,V,L,104,0.76,1EY0_A_V104L
1EY0,A,V,S,104,4.86,1EY0_A_V104S
1EY0,A,V,T,104,2.45,1EY0_A_V104T
1EY0,A,R,A,105,1.32,1EY0_A_R105A
1EY0,A,R,C,105,2.55,1EY0_A_R105C
1EY0,A,R,F,105,2.84,1EY0_A_R105F
1EY0,A,R,G,105,2.4,1EY0_A_R105G
1EY0,A,Q,A,106,-0.25,1EY0_A_Q106A
1EY0,A,Q,G,106,1.5,1EY0_A_Q106G
1EY0,A,G,A,107,4.41,1EY0_A_G107A
1EY0,A,L,I,108,3.34,1EY0_A_L108I
1EY0,A,L,V,108,3.81,1EY0_A_L108V
1EY0,A,A,G,109,0.98,1EY0_A_A109G
1EY0,A,A,V,109,2.82,1EY0_A_A109V
1EY0,A,K,A,110,1.13,1EY0_A_K110A
1EY0,A,K,G,110,2.59,1EY0_A_K110G
1EY0,A,V,A,111,4.26,1EY0_A_V111A
1EY0,A,V,G,111,4.82,1EY0_A_V111G
1EY0,A,V,I,111,0.74,1EY0_A_V111I
1EY0,A,V,L,111,0.88,1EY0_A_V111L
1EY0,A,V,S,111,4.71,1EY0_A_V111S
1EY0,A,V,T,111,2.36,1EY0_A_V111T
1EY0,A,A,C,112,0.75,1EY0_A_A112C
1EY0,A,A,F,112,1.35,1EY0_A_A112F
1EY0,A,A,G,112,-0.2,1EY0_A_A112G
1EY0,A,A,V,112,1.19,1EY0_A_A112V
1EY0,A,Y,A,113,-0.06,1EY0_A_Y113A
1EY0,A,Y,F,113,-0.07,1EY0_A_Y113F
1EY0,A,Y,G,113,0.2,1EY0_A_Y113G
1EY0,A,Y,L,113,-0.2,1EY0_A_Y113L
1EY0,A,V,A,114,-0.14,1EY0_A_V114A
1EY0,A,V,G,114,0.03,1EY0_A_V114G
1EY0,A,V,I,114,0.15,1EY0_A_V114I
1EY0,A,V,L,114,1.07,1EY0_A_V114L
1EY0,A,V,S,114,0.04,1EY0_A_V114S
1EY0,A,V,T,114,0.31,1EY0_A_V114T
1EY0,A,Y,A,115,0.25,1EY0_A_Y115A
1EY0,A,Y,F,115,0.02,1EY0_A_Y115F
1EY0,A,Y,G,115,0.56,1EY0_A_Y115G
1EY0,A,Y,L,115,0.22,1EY0_A_Y115L
1EY0,A,K,A,116,-0.69,1EY0_A_K116A
1EY0,A,K,F,116,-0.21,1EY0_A_K116F
1EY0,A,K,G,116,-1.05,1EY0_A_K116G
1EY0,A,N,A,118,1.88,1EY0_A_N118A
1EY0,A,N,D,118,2.34,1EY0_A_N118D
1EY0,A,N,G,118,1.61,1EY0_A_N118G
1EY0,A,N,A,119,1.03,1EY0_A_N119A
1EY0,A,N,G,119,0.97,1EY0_A_N119G
1EY0,A,T,A,120,1.08,1EY0_A_T120A
1EY0,A,T,C,120,1.59,1EY0_A_T120C
1EY0,A,T,G,120,1.87,1EY0_A_T120G
1EY0,A,T,I,120,1.54,1EY0_A_T120I
1EY0,A,T,S,120,0.57,1EY0_A_T120S
1EY0,A,T,V,120,1.63,1EY0_A_T120V
1EY0,A,H,A,121,2.92,1EY0_A_H121A
1EY0,A,H,G,121,4.09,1EY0_A_H121G
1EY0,A,E,A,122,0.27,1EY0_A_E122A
1EY0,A,E,F,122,0.44,1EY0_A_E122F
1EY0,A,E,G,122,1.99,1EY0_A_E122G
1EY0,A,E,K,122,2.53,1EY0_A_E122K
1EY0,A,E,Q,122,1.52,1EY0_A_E122Q
1EY0,A,Q,A,123,0.1,1EY0_A_Q123A
1EY0,A,Q,F,123,0.51,1EY0_A_Q123F
1EY0,A,Q,G,123,0.44,1EY0_A_Q123G
1EY0,A,H,A,124,-0.57,1EY0_A_H124A
1EY0,A,H,E,124,-0.46,1EY0_A_H124E
1EY0,A,H,F,124,-0.51,1EY0_A_H124F
1EY0,A,H,G,124,0.52,1EY0_A_H124G
1EY0,A,H,L,124,-1.31,1EY0_A_H124L
1EY0,A,H,Q,124,-0.69,1EY0_A_H124Q
1EY0,A,L,A,125,4.78,1EY0_A_L125A
1EY0,A,L,I,125,0.96,1EY0_A_L125I
1EY0,A,L,V,125,2.3,1EY0_A_L125V
1EY0,A,R,A,126,1.64,1EY0_A_R126A
1EY0,A,R,G,126,2.86,1EY0_A_R126G
1EY0,A,K,A,127,-0.24,1EY0_A_K127A
1EY0,A,K,E,127,-0.13,1EY0_A_K127E
1EY0,A,K,F,127,0.22,1EY0_A_K127F
1EY0,A,K,G,127,0.79,1EY0_A_K127G
1EY0,A,K,Q,127,-0.1,1EY0_A_K127Q
1EY0,A,S,A,128,-0.83,1EY0_A_S128A
1EY0,A,S,F,128,1,1EY0_A_S128F
1EY0,A,S,G,128,1.52,1EY0_A_S128G
1EY0,A,E,A,129,2.2,1EY0_A_E129A
1EY0,A,E,F,129,3.88,1EY0_A_E129F
1EY0,A,E,G,129,3.72,1EY0_A_E129G
1EY0,A,A,G,130,1,1EY0_A_A130G
1EY0,A,A,V,130,1.08,1EY0_A_A130V
1EY0,A,Q,A,131,0.1,1EY0_A_Q131A
1EY0,A,Q,F,131,0.55,1EY0_A_Q131F
1EY0,A,Q,G,131,2.26,1EY0_A_Q131G
1EY0,A,A,G,132,3.6,1EY0_A_A132G
1EY0,A,A,V,132,4.73,1EY0_A_A132V
1EY0,A,K,A,133,1.32,1EY0_A_K133A
1EY0,A,K,F,133,1.26,1EY0_A_K133F
1EY0,A,K,G,133,3.22,1EY0_A_K133G
1EY0,A,K,Q,133,0.44,1EY0_A_K133Q
1EY0,A,K,A,134,-0.12,1EY0_A_K134A
1EY0,A,K,C,134,0.7,1EY0_A_K134C
1EY0,A,K,F,134,0.26,1EY0_A_K134F
1EY0,A,K,G,134,0.79,1EY0_A_K134G
1EY0,A,E,A,135,0.73,1EY0_A_E135A
1EY0,A,E,F,135,1.1,1EY0_A_E135F
1EY0,A,E,G,135,1.64,1EY0_A_E135G
1EY0,A,E,K,135,1.17,1EY0_A_E135K
1EY0,A,E,Q,135,0.71,1EY0_A_E135Q
1EY0,A,K,A,136,0.75,1EY0_A_K136A
1EY0,A,K,F,136,0.97,1EY0_A_K136F
1EY0,A,K,G,136,0.02,1EY0_A_K136G
1EY0,A,L,A,137,2.18,1EY0_A_L137A
1EY0,A,L,G,137,4.43,1EY0_A_L137G
1EY0,A,L,I,137,0.76,1EY0_A_L137I
1EY0,A,L,V,137,1.42,1EY0_A_L137V
1EY0,A,N,A,138,0.97,1EY0_A_N138A
1EY0,A,N,G,138,-0.59,1EY0_A_N138G
1EY0,A,I,A,139,3.29,1EY0_A_I139A
1EY0,A,I,G,139,4.22,1EY0_A_I139G
1EY0,A,I,L,139,0.09,1EY0_A_I139L
1EY0,A,I,M,139,0.39,1EY0_A_I139M
1EY0,A,I,V,139,1.37,1EY0_A_I139V
1EY0,A,S,A,141,0.27,1EY0_A_S141A
1EY0,A,S,G,141,0.82,1EY0_A_S141G
1FKJ,A,V,A,2,2.43,1FKJ_A_V2A
1FKJ,A,V,A,4,2.78,1FKJ_A_V4A
1FKJ,A,I,V,7,0.92,1FKJ_A_I7V
1FKJ,A,T,A,21,1.6,1FKJ_A_T21A
1FKJ,A,T,S,21,1.44,1FKJ_A_T21S
1FKJ,A,T,V,21,-0.86,1FKJ_A_T21V
1FKJ,A,V,A,23,2.97,1FKJ_A_V23A
1FKJ,A,V,A,24,3.2,1FKJ_A_V24A
1FKJ,A,T,A,27,1.97,1FKJ_A_T27A
1FKJ,A,T,S,27,1.49,1FKJ_A_T27S
1FKJ,A,T,V,27,-0.58,1FKJ_A_T27V
1FKJ,A,F,A,36,3.54,1FKJ_A_F36A
1FKJ,A,L,A,50,2.57,1FKJ_A_L50A
1FKJ,A,V,A,55,2.13,1FKJ_A_V55A
1FKJ,A,I,A,56,2.48,1FKJ_A_I56A
1FKJ,A,I,D,56,3.16,1FKJ_A_I56D
1FKJ,A,I,T,56,1.95,1FKJ_A_I56T
1FKJ,A,R,A,57,0.81,1FKJ_A_R57A
1FKJ,A,R,G,57,2.29,1FKJ_A_R57G
1FKJ,A,W,F,59,-2.72,1FKJ_A_W59F
1FKJ,A,W,L,59,-2.35,1FKJ_A_W59L
1FKJ,A,E,A,60,2.13,1FKJ_A_E60A
1FKJ,A,E,G,60,2.84,1FKJ_A_E60G
1FKJ,A,E,A,61,2.13,1FKJ_A_E61A
1FKJ,A,E,G,61,2.84,1FKJ_A_E61G
1FKJ,A,V,A,63,2.97,1FKJ_A_V63A
1FKJ,A,T,A,75,2.63,1FKJ_A_T75A
1FKJ,A,T,V,75,0.81,1FKJ_A_T75V
1FKJ,A,I,A,76,3.81,1FKJ_A_I76A
1FKJ,A,I,V,76,0.76,1FKJ_A_I76V
1FKJ,A,I,A,91,1.54,1FKJ_A_I91A
1FKJ,A,I,V,91,0.4,1FKJ_A_I91V
1FKJ,A,L,A,97,3.56,1FKJ_A_L97A
1FKJ,A,V,A,98,2.16,1FKJ_A_V98A
1FKJ,A,V,A,101,2.75,1FKJ_A_V101A
1FKJ,A,L,A,106,2.32,1FKJ_A_L106A
1FNA,A,L,A,8,1.81,1FNA_A_L8A
1FNA,A,V,A,10,1.17,1FNA_A_V10A
1FNA,A,A,G,13,1.18,1FNA_A_A13G
1FNA,A,L,A,18,0.99,1FNA_A_L18A
1FNA,A,I,A,20,0.65,1FNA_A_I20A
1FNA,A,I,V,20,0.18,1FNA_A_I20V
1FNA,A,W,F,22,1.97,1FNA_A_W22F
1FNA,A,V,A,29,1.37,1FNA_A_V29A
1FNA,A,Y,A,32,4.23,1FNA_A_Y32A
1FNA,A,Y,F,32,0.54,1FNA_A_Y32F
1FNA,A,Y,L,32,2.74,1FNA_A_Y32L
1FNA,A,I,A,34,4.86,1FNA_A_I34A
1FNA,A,I,V,34,0.11,1FNA_A_I34V
1FNA,A,Y,A,36,1.49,1FNA_A_Y36A
1FNA,A,F,A,48,1.98,1FNA_A_F48A
1FNA,A,V,A,50,2.85,1FNA_A_V50A
1FNA,A,A,G,57,2.49,1FNA_A_A57G
1FNA,A,I,A,59,3.33,1FNA_A_I59A
1FNA,A,I,V,59,0.72,1FNA_A_I59V
1FNA,A,L,A,62,2.88,1FNA_A_L62A
1FNA,A,V,A,66,0.91,1FNA_A_V66A
1FNA,A,Y,A,68,1.88,1FNA_A_Y68A
1FNA,A,Y,F,68,2.14,1FNA_A_Y68F
1FNA,A,I,A,70,4.11,1FNA_A_I70A
1FNA,A,I,V,70,1.28,1FNA_A_I70V
1FNA,A,V,A,72,3.17,1FNA_A_V72A
1FNA,A,A,G,74,1.56,1FNA_A_A74G
1FNA,A,S,A,85,-0.13,1FNA_A_S85A
1FNA,A,I,A,88,0.67,1FNA_A_I88A
1FNA,A,I,V,88,0.33,1FNA_A_I88V
1FNA,A,I,A,90,0.69,1FNA_A_I90A
1FNA,A,I,V,90,0.4,1FNA_A_I90V
1FNA,A,Y,A,92,1.11,1FNA_A_Y92A
1FNA,A,Y,F,92,-0.13,1FNA_A_Y92F
1FTG,A,L,A,6,3.78,1FTG_A_L6A
1FTG,A,E,K,20,-1.6,1FTG_A_E20K
1FTG,A,I,A,22,1.7,1FTG_A_I22A
1FTG,A,I,V,22,2.19,1FTG_A_I22V
1FTG,A,V,A,31,2.65,1FTG_A_V31A
1FTG,A,E,K,40,-2.21,1FTG_A_E40K
1FTG,A,D,A,43,0.18,1FTG_A_D43A
1FTG,A,I,V,51,2.23,1FTG_A_I51V
1FTG,A,I,V,52,2,1FTG_A_I52V
1FTG,A,E,K,61,-0.88,1FTG_A_E61K
1FTG,A,D,K,65,0.51,1FTG_A_D65K
1FTG,A,S,A,71,0.91,1FTG_A_S71A
1FTG,A,E,K,72,-1.41,1FTG_A_E72K
1FTG,A,D,K,75,1.1,1FTG_A_D75K
1FTG,A,A,G,84,2.42,1FTG_A_A84G
1FTG,A,N,A,97,0.83,1FTG_A_N97A
1FTG,A,Q,A,99,-1.72,1FTG_A_Q99A
1FTG,A,I,V,104,0.91,1FTG_A_I104V
1FTG,A,S,A,110,1.28,1FTG_A_S110A
1FTG,A,V,A,117,2.3,1FTG_A_V117A
1FTG,A,T,S,122,-0.65,1FTG_A_T122S
1FTG,A,D,K,126,-1.01,1FTG_A_D126K
1FTG,A,V,A,139,1.76,1FTG_A_V139A
1FTG,A,L,A,143,0.39,1FTG_A_L143A
1FTG,A,D,K,150,0.6,1FTG_A_D150K
1FTG,A,I,V,156,3.85,1FTG_A_I156V
1FTG,A,V,A,160,2.71,1FTG_A_V160A
1FVK,A,C,S,30,1.79,1FVK_A_C30S
1FVK,A,H,L,32,-5.3,1FVK_A_H32L
1FVK,A,H,S,32,-5.2,1FVK_A_H32S
1FVK,A,H,Y,32,-6.8,1FVK_A_H32Y
1FVK,A,C,S,33,1.15,1FVK_A_C33S
1G4I,A,F,A,22,-0.25,1G4I_A_F22A
1G4I,A,F,I,22,-1.43,1G4I_A_F22I
1G4I,A,F,Y,22,-0.83,1G4I_A_F22Y
1G4I,A,H,A,48,1.93,1G4I_A_H48A
1G4I,A,H,N,48,2.44,1G4I_A_H48N
1G4I,A,H,Q,48,0.49,1G4I_A_H48Q
1G4I,A,F,A,106,1.23,1G4I_A_F106A
1G4I,A,F,I,106,-0.95,1G4I_A_F106I
1G4I,A,F,Y,106,-0.07,1G4I_A_F106Y
1G6N,A,S,A,128,0.26,1G6N_A_S128A
1H7M,A,D,A,2,0.53,1H7M_A_D2A
1H7M,A,E,A,6,1.82,1H7M_A_E6A
1H7M,A,R,A,8,0.77,1H7M_A_R8A
1H7M,A,K,A,9,0.29,1H7M_A_K9A
1H7M,A,D,A,12,-0.24,1H7M_A_D12A
1H7M,A,K,A,15,0.91,1H7M_A_K15A
1H7M,A,R,A,21,-0.07,1H7M_A_R21A
1H7M,A,K,A,22,-0.43,1H7M_A_K22A
1H7M,A,K,A,28,1.2,1H7M_A_K28A
1H7M,A,K,A,33,-0.12,1H7M_A_K33A
1H7M,A,R,A,39,0.07,1H7M_A_R39A
1H7M,A,R,A,42,-0.33,1H7M_A_R42A
1H7M,A,D,A,44,-0.05,1H7M_A_D44A
1H7M,A,K,A,46,1.82,1H7M_A_K46A
1H7M,A,E,A,47,0.05,1H7M_A_E47A
1H7M,A,D,A,48,-0.36,1H7M_A_D48A
1H7M,A,E,A,50,-0.57,1H7M_A_E50A
1H7M,A,R,A,54,0.26,1H7M_A_R54A
1H7M,A,E,A,62,2.1,1H7M_A_E62A
1H7M,A,E,A,64,0.26,1H7M_A_E64A
1H7M,A,E,A,69,0.74,1H7M_A_E69A
1H7M,A,R,A,76,-0.19,1H7M_A_R76A
1H7M,A,H,A,78,0.5,1H7M_A_H78A
1H7M,A,D,A,87,1.36,1H7M_A_D87A
1H7M,A,E,A,90,0.62,1H7M_A_E90A
1H7M,A,R,A,92,0.43,1H7M_A_R92A
1HFZ,A,H,A,32,2.13,1HFZ_A_H32A
1HFZ,A,H,Y,32,-0.07,1HFZ_A_H32Y
1HFZ,A,V,A,42,0.93,1HFZ_A_V42A
1HFZ,A,V,G,42,1.15,1HFZ_A_V42G
1HFZ,A,V,N,42,0.24,1HFZ_A_V42N
1HFZ,A,Q,A,54,0.41,1HFZ_A_Q54A
1HFZ,A,I,W,59,0.93,1HFZ_A_I59W
1HFZ,A,Y,A,103,2.39,1HFZ_A_Y103A
1HFZ,A,W,Y,104,2.44,1HFZ_A_W104Y
1HFZ,A,A,S,106,1.05,1HFZ_A_A106S
1HFZ,A,H,A,107,0.79,1HFZ_A_H107A
1HFZ,A,H,W,107,1.72,1HFZ_A_H107W
1HFZ,A,H,Y,107,0.19,1HFZ_A_H107Y
1HFZ,A,L,E,110,0.19,1HFZ_A_L110E
1HFZ,A,L,H,110,-1.39,1HFZ_A_L110H
1HFZ,A,L,R,110,-0.43,1HFZ_A_L110R
1HFZ,A,K,E,114,0.65,1HFZ_A_K114E
1HFZ,A,K,N,114,-2.66,1HFZ_A_K114N
1HFZ,A,K,Q,114,0.6,1HFZ_A_K114Q
1HFZ,A,Q,A,117,0.96,1HFZ_A_Q117A
1HFZ,A,W,H,118,0.6,1HFZ_A_W118H
1HFZ,A,W,Y,118,1.17,1HFZ_A_W118Y
1HK0,X,M,A,43,0.7,1HK0_X_M43A
1HK0,X,Q,A,54,-0.5,1HK0_X_Q54A
1HK0,X,F,A,56,1.2,1HK0_X_F56A
1HK0,X,R,A,79,2.3,1HK0_X_R79A
1HK0,X,I,A,81,2.6,1HK0_X_I81A
1HK0,X,V,A,132,3.8,1HK0_X_V132A
1HK0,X,Q,A,143,0.4,1HK0_X_Q143A
1HK0,X,L,A,145,2.6,1HK0_X_L145A
1HK0,X,M,A,147,1.1,1HK0_X_M147A
1HK0,X,V,A,170,-1.3,1HK0_X_V170A
1HME,A,S,H,33,1.85,1HME_A_S33H
1HME,A,I,H,34,0.95,1HME_A_I34H
1HME,A,G,H,35,0.33,1HME_A_G35H
1HMK,A,V,A,8,0.83,1HMK_A_V8A
1HMK,A,L,A,12,2.73,1HMK_A_L12A
1HMK,A,W,F,26,2.11,1HMK_A_W26F
1HMK,A,V,A,27,1.24,1HMK_A_V27A
1HMK,A,T,I,29,-3.55,1HMK_A_T29I
1HMK,A,T,V,29,-2.26,1HMK_A_T29V
1HMK,A,A,I,30,-1.47,1HMK_A_A30I
1HMK,A,A,T,30,-0.48,1HMK_A_A30T
1HMK,A,T,I,33,0.64,1HMK_A_T33I
1HMK,A,T,A,38,1.3,1HMK_A_T38A
1HMK,A,L,A,52,3.22,1HMK_A_L52A
1HMK,A,I,V,55,2.72,1HMK_A_I55V
1HMK,A,W,A,60,2.01,1HMK_A_W60A
1HMK,A,W,F,60,0.68,1HMK_A_W60F
1HMK,A,D,N,87,1.14,1HMK_A_D87N
1HMK,A,I,V,89,0.86,1HMK_A_I89V
1HMK,A,V,A,90,-0.9,1HMK_A_V90A
1HMK,A,K,A,93,1.72,1HMK_A_K93A
1HMK,A,I,V,95,1.72,1HMK_A_I95V
1HMK,A,L,A,96,1.75,1HMK_A_L96A
1HMK,A,Y,F,103,2.13,1HMK_A_Y103F
1HMK,A,W,F,104,1.96,1HMK_A_W104F
1HMK,A,L,A,105,0.28,1HMK_A_L105A
1HMK,A,L,A,110,0.35,1HMK_A_L110A
1HMK,A,W,F,118,0.31,1HMK_A_W118F
1HMS,A,F,S,4,3.67,1HMS_A_F4S
1HMS,A,W,E,8,3.82,1HMS_A_W8E
1HMS,A,F,S,16,3.98,1HMS_A_F16S
1HMS,A,F,Y,16,2.56,1HMS_A_F16Y
1HMS,A,K,I,21,0,1HMS_A_K21I
1HMS,A,T,E,40,2.4,1HMS_A_T40E
1HMS,A,T,Q,40,2.73,1HMS_A_T40Q
1HMS,A,T,V,40,0.76,1HMS_A_T40V
1HMS,A,F,S,57,2.43,1HMS_A_F57S
1HMS,A,F,S,64,3.82,1HMS_A_F64S
1HMS,A,L,G,66,3.67,1HMS_A_L66G
1HMS,A,G,S,67,1.22,1HMS_A_G67S
1HMS,A,E,S,72,3.67,1HMS_A_E72S
1HMS,A,R,T,106,2.84,1HMS_A_R106T
1HMS,A,R,K,126,3.26,1HMS_A_R126K
1HMS,A,R,Q,126,0.31,1HMS_A_R126Q
1HMS,A,Y,F,128,2.68,1HMS_A_Y128F
1HTI,A,S,D,105,1.3,1HTI_A_S105D
1HTI,A,Q,A,179,-0.1,1HTI_A_Q179A
1HTI,A,Q,D,179,-1.5,1HTI_A_Q179D
1HTI,A,K,A,193,-1,1HTI_A_K193A
1HUU,A,A,S,27,1.19,1HUU_A_A27S
1HUU,A,S,T,31,-0.41,1HUU_A_S31T
1HUU,A,V,I,42,0.82,1HUU_A_V42I
1HUU,A,A,S,56,0.13,1HUU_A_A56S
1HUU,A,M,I,69,0,1HUU_A_M69I
1IET,A,D,R,60,-0.14,1IET_A_D60R
1IFC,A,W,Y,6,0.87,1IFC_A_W6Y
1IFC,A,I,C,23,-0.51,1IFC_A_I23C
1IFC,A,S,C,53,-1.5,1IFC_A_S53C
1IFC,A,V,C,60,0.07,1IFC_A_V60C
1IFC,A,V,N,60,0.83,1IFC_A_V60N
1IFC,A,L,A,64,1.68,1IFC_A_L64A
1IFC,A,L,G,64,2.26,1IFC_A_L64G
1IFC,A,G,A,65,0.94,1IFC_A_G65A
1IFC,A,F,A,68,0.42,1IFC_A_F68A
1IFC,A,L,C,72,-0.02,1IFC_A_L72C
1IFC,A,W,Y,82,0.39,1IFC_A_W82Y
1IFC,A,L,C,89,1.25,1IFC_A_L89C
1IFC,A,F,A,93,2.37,1IFC_A_F93A
1IFC,A,A,C,104,-1.32,1IFC_A_A104C
1IGV,A,L,V,6,2.2,1IGV_A_L6V
1IGV,A,F,A,10,4.83,1IGV_A_F10A
1IGV,A,Y,F,13,1.19,1IGV_A_Y13F
1IGV,A,E,Q,17,-0.48,1IGV_A_E17Q
1IGV,A,D,N,19,-0.83,1IGV_A_D19N
1IGV,A,L,A,23,3.73,1IGV_A_L23A
1IGV,A,L,G,23,4.28,1IGV_A_L23G
1IGV,A,E,Q,26,-0.09,1IGV_A_E26Q
1IGV,A,L,A,28,2.7,1IGV_A_L28A
1IGV,A,V,A,61,3.78,1IGV_A_V61A
1IGV,A,V,G,61,4.35,1IGV_A_V61G
1IGV,A,F,A,66,4.98,1IGV_A_F66A
1IGV,A,F,W,66,2.34,1IGV_A_F66W
1IGV,A,V,L,70,1.2,1IGV_A_V70L
1IGV,A,I,V,73,1.53,1IGV_A_I73V
1IHB,A,F,H,37,1.24,1IHB_A_F37H
1IHB,A,R,V,55,0.32,1IHB_A_R55V
1IHB,A,F,N,71,-0.71,1IHB_A_F71N
1IHB,A,F,Q,82,0.5,1IHB_A_F82Q
1IHB,A,F,N,92,1.1,1IHB_A_F92N
1IMQ,A,V,L,19,1.82,1IMQ_A_V19L
1IMQ,A,A,G,25,0.14,1IMQ_A_A25G
1IMQ,A,E,L,31,0.67,1IMQ_A_E31L
1IMQ,A,V,L,34,-0.33,1IMQ_A_V34L
1IMQ,A,V,L,37,0.26,1IMQ_A_V37L
1IMQ,A,E,V,41,-0.89,1IMQ_A_E41V
1IMQ,A,V,I,68,0.81,1IMQ_A_V68I
1IMQ,A,V,I,71,-0.07,1IMQ_A_V71I
1IO2,A,D,N,7,-1.67,1IO2_A_D7N
1IO2,A,E,A,8,-2.66,1IO2_A_E8A
1IO2,A,E,Q,8,1.25,1IO2_A_E8Q
1IO2,A,D,A,105,-1.72,1IO2_A_D105A
1IO2,A,D,A,135,-2.56,1IO2_A_D135A
1IRO,A,V,I,24,-0.36,1IRO_A_V24I
1IRO,A,I,L,33,-0.76,1IRO_A_I33L
1JIW,I,D,A,10,0.7,1JIW_I_D10A
1JIW,I,W,F,15,2.3,1JIW_I_W15F
1K9Q,A,A,R,20,-0.89,1K9Q_A_A20R
1K9Q,A,L,Y,30,-0.35,1K9Q_A_L30Y
1K9Q,A,D,T,34,-0.46,1K9Q_A_D34T
1KCQ,A,D,N,187,1.05,1KCQ_A_D187N
1KCQ,A,D,Y,187,2.03,1KCQ_A_D187Y
1KDX,A,Y,F,640,0,1KDX_A_Y640F
1KE4,A,Y,F,150,2.05,1KE4_A_Y150F
1KFW,A,N,K,197,-0.81,1KFW_A_N197K
1KFW,A,G,Q,405,-0.62,1KFW_A_G405Q
1LBI,A,K,L,84,0.2,1LBI_A_K84L
1LNI,A,V,T,2,0.9,1LNI_A_V2T
1LNI,A,T,V,5,0,1LNI_A_T5V
1LNI,A,T,V,16,-0.3,1LNI_A_T16V
1LNI,A,D,K,17,1.1,1LNI_A_D17K
1LNI,A,T,V,18,1.4,1LNI_A_T18V
1LNI,A,D,K,25,-0.9,1LNI_A_D25K
1LNI,A,Y,F,30,-0.4,1LNI_A_Y30F
1LNI,A,V,T,36,1.3,1LNI_A_V36T
1LNI,A,Q,A,38,-0.74,1LNI_A_Q38A
1LNI,A,N,A,39,2.2,1LNI_A_N39A
1LNI,A,N,D,39,1.5,1LNI_A_N39D
1LNI,A,N,S,39,2.3,1LNI_A_N39S
1LNI,A,E,K,41,1.11,1LNI_A_E41K
1LNI,A,V,T,43,0.5,1LNI_A_V43T
1LNI,A,Y,F,49,0.2,1LNI_A_Y49F
1LNI,A,Y,F,51,2.3,1LNI_A_Y51F
1LNI,A,Y,F,52,3.6,1LNI_A_Y52F
1LNI,A,E,Q,54,1.96,1LNI_A_E54Q
1LNI,A,Y,F,55,0.6,1LNI_A_Y55F
1LNI,A,T,V,56,1.9,1LNI_A_T56V
1LNI,A,V,T,57,4.4,1LNI_A_V57T
1LNI,A,T,V,59,1.7,1LNI_A_T59V
1LNI,A,R,A,65,1.13,1LNI_A_R65A
1LNI,A,T,V,67,0,1LNI_A_T67V
1LNI,A,T,V,72,0.2,1LNI_A_T72V
1LNI,A,E,K,74,-0.84,1LNI_A_E74K
1LNI,A,D,A,79,-2.48,1LNI_A_D79A
1LNI,A,D,E,79,0.4,1LNI_A_D79E
1LNI,A,D,F,79,-2.73,1LNI_A_D79F
1LNI,A,D,H,79,-1.7,1LNI_A_D79H
1LNI,A,D,I,79,-2.85,1LNI_A_D79I
1LNI,A,D,K,79,-2.35,1LNI_A_D79K
1LNI,A,D,L,79,-2.65,1LNI_A_D79L
1LNI,A,D,N,79,-1.46,1LNI_A_D79N
1LNI,A,D,R,79,-2.7,1LNI_A_D79R
1LNI,A,D,W,79,-2.25,1LNI_A_D79W
1LNI,A,D,Y,79,-2.9,1LNI_A_D79Y
1LNI,A,Y,F,80,1.5,1LNI_A_Y80F
1LNI,A,Y,F,81,1.2,1LNI_A_Y81F
1LNI,A,T,V,82,1.7,1LNI_A_T82V
1LNI,A,H,Q,85,0,1LNI_A_H85Q
1LNI,A,Y,F,86,0.3,1LNI_A_Y86F
1LNI,A,Q,K,94,-0.56,1LNI_A_Q94K
1LUC,A,A,H,81,2.7,1LUC_A_A81H
1LUC,B,H,A,81,2.1,1LUC_B_H81A
1LUC,B,H,A,82,2.7,1LUC_B_H82A
1LVE,A,M,L,4,-1.1,1LVE_A_M4L
1LVE,A,L,N,30,0.57,1LVE_A_L30N
1LVE,A,L,Q,30,-0.63,1LVE_A_L30Q
1LVE,A,V,L,29,-1.67,1LVE_A_V29L
1LVE,A,Y,D,31,-2.19,1LVE_A_Y31D
1LVE,A,N,F,34,2.41,1LVE_A_N34F
1LVE,A,S,N,35,-0.39,1LVE_A_S35N
1LVE,A,K,R,36,0.55,1LVE_A_K36R
1LVE,A,K,T,36,1.33,1LVE_A_K36T
1LVE,A,Q,N,44,1.6,1LVE_A_Q44N
1LVE,A,K,T,45,2.3,1LVE_A_K45T
1LVE,A,Q,H,95,0.9,1LVE_A_Q95H
1LVE,A,Q,N,95,1.26,1LVE_A_Q95N
1LVE,A,T,H,100,-0.73,1LVE_A_T100H
1LVE,A,Y,Q,102,2.09,1LVE_A_Y102Q
1LVE,A,S,T,103,-0.13,1LVE_A_S103T
1LVE,A,I,L,112,0.51,1LVE_A_I112L
1LZ1,A,K,A,1,0.6,1LZ1_A_K1A
1LZ1,A,K,M,1,0.12,1LZ1_A_K1M
1LZ1,A,V,A,2,1.51,1LZ1_A_V2A
1LZ1,A,V,D,2,1.44,1LZ1_A_V2D
1LZ1,A,V,F,2,0.86,1LZ1_A_V2F
1LZ1,A,V,G,2,2.3,1LZ1_A_V2G
1LZ1,A,V,I,2,-1.1,1LZ1_A_V2I
1LZ1,A,V,L,2,0.05,1LZ1_A_V2L
1LZ1,A,V,M,2,0.31,1LZ1_A_V2M
1LZ1,A,V,N,2,1.34,1LZ1_A_V2N
1LZ1,A,V,R,2,0.38,1LZ1_A_V2R
1LZ1,A,V,S,2,1.41,1LZ1_A_V2S
1LZ1,A,V,Y,2,0.36,1LZ1_A_V2Y
1LZ1,A,E,Q,7,1.44,1LZ1_A_E7Q
1LZ1,A,L,T,8,3.73,1LZ1_A_L8T
1LZ1,A,A,S,9,0.02,1LZ1_A_A9S
1LZ1,A,G,A,16,1.39,1LZ1_A_G16A
1LZ1,A,D,N,18,1.7,1LZ1_A_D18N
1LZ1,A,G,A,19,1.77,1LZ1_A_G19A
1LZ1,A,Y,F,20,0.5,1LZ1_A_Y20F
1LZ1,A,R,A,21,-1.32,1LZ1_A_R21A
1LZ1,A,R,G,21,-1.15,1LZ1_A_R21G
1LZ1,A,G,A,22,1.79,1LZ1_A_G22A
1LZ1,A,I,A,23,2.54,1LZ1_A_I23A
1LZ1,A,I,V,23,0.41,1LZ1_A_I23V
1LZ1,A,A,L,32,0.1,1LZ1_A_A32L
1LZ1,A,A,S,32,0.33,1LZ1_A_A32S
1LZ1,A,E,L,35,0.53,1LZ1_A_E35L
1LZ1,A,G,A,37,1.77,1LZ1_A_G37A
1LZ1,A,G,Q,37,0.86,1LZ1_A_G37Q
1LZ1,A,Y,A,38,2.8,1LZ1_A_Y38A
1LZ1,A,Y,F,38,0.6,1LZ1_A_Y38F
1LZ1,A,Y,G,38,2.5,1LZ1_A_Y38G
1LZ1,A,Y,F,45,-0.07,1LZ1_A_Y45F
1LZ1,A,G,A,48,-0.45,1LZ1_A_G48A
1LZ1,A,D,N,49,1,1LZ1_A_D49N
1LZ1,A,R,A,50,-0.43,1LZ1_A_R50A
1LZ1,A,R,G,50,-0.53,1LZ1_A_R50G
1LZ1,A,Y,F,54,0.96,1LZ1_A_Y54F
1LZ1,A,I,A,56,3.71,1LZ1_A_I56A
1LZ1,A,I,F,56,4.09,1LZ1_A_I56F
1LZ1,A,I,L,56,0.1,1LZ1_A_I56L
1LZ1,A,I,M,56,1.77,1LZ1_A_I56M
1LZ1,A,I,T,56,6.67,1LZ1_A_I56T
1LZ1,A,I,V,56,1.34,1LZ1_A_I56V
1LZ1,A,Q,A,58,-0.91,1LZ1_A_Q58A
1LZ1,A,Q,G,58,-2.06,1LZ1_A_Q58G
1LZ1,A,I,A,59,1.72,1LZ1_A_I59A
1LZ1,A,I,F,59,0.81,1LZ1_A_I59F
1LZ1,A,I,G,59,3.83,1LZ1_A_I59G
1LZ1,A,I,L,59,0,1LZ1_A_I59L
1LZ1,A,I,M,59,1.29,1LZ1_A_I59M
1LZ1,A,I,S,59,3.59,1LZ1_A_I59S
1LZ1,A,I,T,59,2.22,1LZ1_A_I59T
1LZ1,A,I,V,59,1.1,1LZ1_A_I59V
1LZ1,A,I,Y,59,3.78,1LZ1_A_I59Y
1LZ1,A,Y,F,63,-1,1LZ1_A_Y63F
1LZ1,A,D,H,67,4.55,1LZ1_A_D67H
1LZ1,A,D,N,67,2.25,1LZ1_A_D67N
1LZ1,A,G,A,68,0.12,1LZ1_A_G68A
1LZ1,A,G,A,72,0.36,1LZ1_A_G72A
1LZ1,A,V,A,74,0.43,1LZ1_A_V74A
1LZ1,A,V,D,74,0.43,1LZ1_A_V74D
1LZ1,A,V,F,74,0.29,1LZ1_A_V74F
1LZ1,A,V,G,74,0.22,1LZ1_A_V74G
1LZ1,A,V,I,74,-0.45,1LZ1_A_V74I
1LZ1,A,V,L,74,-0.19,1LZ1_A_V74L
1LZ1,A,V,M,74,-0.65,1LZ1_A_V74M
1LZ1,A,V,N,74,0.33,1LZ1_A_V74N
1LZ1,A,V,R,74,0.07,1LZ1_A_V74R
1LZ1,A,V,S,74,0.38,1LZ1_A_V74S
1LZ1,A,V,Y,74,0.24,1LZ1_A_V74Y
1LZ1,A,C,A,77,4.6,1LZ1_A_C77A
1LZ1,A,H,A,78,0.14,1LZ1_A_H78A
1LZ1,A,H,G,78,0.53,1LZ1_A_H78G
1LZ1,A,I,A,89,2.7,1LZ1_A_I89A
1LZ1,A,I,V,89,0.48,1LZ1_A_I89V
1LZ1,A,A,S,92,-0.81,1LZ1_A_A92S
1LZ1,A,V,A,93,1,1LZ1_A_V93A
1LZ1,A,V,T,93,0.67,1LZ1_A_V93T
1LZ1,A,A,M,96,-0.02,1LZ1_A_A96M
1LZ1,A,A,S,96,1,1LZ1_A_A96S
1LZ1,A,V,A,99,0.98,1LZ1_A_V99A
1LZ1,A,V,T,99,0.5,1LZ1_A_V99T
1LZ1,A,V,A,100,0.57,1LZ1_A_V100A
1LZ1,A,V,F,100,1.65,1LZ1_A_V100F
1LZ1,A,V,T,100,0.29,1LZ1_A_V100T
1LZ1,A,D,N,102,0.67,1LZ1_A_D102N
1LZ1,A,G,A,105,0.62,1LZ1_A_G105A
1LZ1,A,I,A,106,0.93,1LZ1_A_I106A
1LZ1,A,I,V,106,0.98,1LZ1_A_I106V
1LZ1,A,V,A,110,-0.53,1LZ1_A_V110A
1LZ1,A,V,D,110,-0.17,1LZ1_A_V110D
1LZ1,A,V,F,110,0.05,1LZ1_A_V110F
1LZ1,A,V,G,110,-0.48,1LZ1_A_V110G
1LZ1,A,V,I,110,-0.86,1LZ1_A_V110I
1LZ1,A,V,L,110,-0.07,1LZ1_A_V110L
1LZ1,A,V,M,110,-0.53,1LZ1_A_V110M
1LZ1,A,V,N,110,-0.07,1LZ1_A_V110N
1LZ1,A,V,R,110,-0.89,1LZ1_A_V110R
1LZ1,A,V,Y,110,0.14,1LZ1_A_V110Y
1LZ1,A,N,A,118,-0.19,1LZ1_A_N118A
1LZ1,A,N,G,118,-0.05,1LZ1_A_N118G
1LZ1,A,D,N,120,0.67,1LZ1_A_D120N
1LZ1,A,V,A,121,1.75,1LZ1_A_V121A
1LZ1,A,Y,F,124,0.36,1LZ1_A_Y124F
1LZ1,A,V,A,125,1.6,1LZ1_A_V125A
1LZ1,A,G,A,127,0.55,1LZ1_A_G127A
1LZ1,A,G,A,129,-0.14,1LZ1_A_G129A
1LZ1,A,V,A,130,1.12,1LZ1_A_V130A
1MBG,A,V,A,103,2.32,1MBG_A_V103A
1MBG,A,V,I,103,-0.7,1MBG_A_V103I
1MBG,A,V,L,103,-2.44,1MBG_A_V103L
1MGR,A,Y,F,11,0.6,1MGR_A_Y11F
1MGR,A,Y,F,33,-0.5,1MGR_A_Y33F
1MGR,A,Y,F,54,2.6,1MGR_A_Y54F
1MGR,A,Y,F,55,2.1,1MGR_A_Y55F
1MGR,A,Y,F,58,0.7,1MGR_A_Y58F
1MGR,A,Y,F,83,1.5,1MGR_A_Y83F
1MGR,A,Y,F,84,1,1MGR_A_Y84F
1MGR,A,Y,F,89,0,1MGR_A_Y89F
1MJC,A,F,L,18,1,1MJC_A_F18L
1MJC,A,F,S,18,1.54,1MJC_A_F18S
1MJC,A,F,L,20,0.31,1MJC_A_F20L
1MJC,A,F,S,20,1.2,1MJC_A_F20S
1MJC,A,F,L,31,0.7,1MJC_A_F31L
1MJC,A,F,S,31,1.03,1MJC_A_F31S
1MJC,A,Y,W,42,-0.2,1MJC_A_Y42W
1MJC,A,S,W,52,0.2,1MJC_A_S52W
1MJC,A,T,W,68,-0.7,1MJC_A_T68W
1MSI,A,R,A,23,0.9,1MSI_A_R23A
1MSI,A,E,A,25,0.09,1MSI_A_E25A
1MSI,A,D,A,36,-0.95,1MSI_A_D36A
1MSI,A,R,A,39,0.8,1MSI_A_R39A
1MSI,A,R,A,47,0.74,1MSI_A_R47A
1MSI,A,D,N,58,0.2,1MSI_A_D58N
1N0J,A,Y,F,34,-12.7,1N0J_A_Y34F
1N0J,A,I,T,58,2.95,1N0J_A_I58T
1N0J,A,Q,N,143,-2.79,1N0J_A_Q143N
1OH0,A,Y,F,16,4.4,1OH0_A_Y16F
1OH0,A,Y,F,32,-0.2,1OH0_A_Y32F
1OH0,A,Y,F,57,3.5,1OH0_A_Y57F
1OH0,A,Y,S,57,-9.5,1OH0_A_Y57S
1OH0,A,V,L,101,3.8,1OH0_A_V101L
1OIA,A,Y,F,13,1.3,1OIA_A_Y13F
1OIA,A,Y,T,13,1.3,1OIA_A_Y13T
1OIA,A,Y,F,31,0,1OIA_A_Y31F
1OIA,A,Y,S,31,2.3,1OIA_A_Y31S
1OIA,A,Y,F,78,-0.1,1OIA_A_Y78F
1OIA,A,Y,F,86,2.6,1OIA_A_Y86F
1OIA,A,Y,T,86,2.9,1OIA_A_Y86T
1ONC,A,M,L,23,3.06,1ONC_A_M23L
1ONC,A,F,A,28,5,1ONC_A_F28A
1ONC,A,F,Y,36,4.7,1ONC_A_F36Y
1OTR,B,K,A,11,0.14,1OTR_B_K11A
1OTR,B,I,F,30,3.32,1OTR_B_I30F
1OTR,B,I,L,30,2,1OTR_B_I30L
1OTR,B,I,V,30,1.6,1OTR_B_I30V
1OTR,B,E,D,34,1,1OTR_B_E34D
1OTR,B,E,L,34,-1.4,1OTR_B_E34L
1OTR,B,E,S,34,0.6,1OTR_B_E34S
1OTR,B,I,F,36,0.9,1OTR_B_I36F
1OTR,B,I,L,36,1.32,1OTR_B_I36L
1OTR,B,I,V,36,0.8,1OTR_B_I36V
1P2P,A,H,K,48,3.21,1P2P_A_H48K
1P2P,A,H,N,48,2.28,1P2P_A_H48N
1P2P,A,H,Q,48,1.03,1P2P_A_H48Q
1PDO,A,W,F,12,-3.59,1PDO_A_W12F
1PDO,A,W,F,33,2.15,1PDO_A_W33F
1PDO,A,W,F,69,4.3,1PDO_A_W69F
1PGA,A,I,L,6,1.39,1PGA_A_I6L
1PGA,A,I,N,6,-2.07,1PGA_A_I6N
1PGA,A,I,T,6,4,1PGA_A_I6T
1PGA,A,D,G,22,1.52,1PGA_A_D22G
1PGA,A,T,A,53,1.91,1PGA_A_T53A
1PGA,A,T,D,53,1.7,1PGA_A_T53D
1PGA,A,T,E,53,1.7,1PGA_A_T53E
1PGA,A,T,F,53,-4.61,1PGA_A_T53F
1PGA,A,T,I,53,-3.81,1PGA_A_T53I
1PGA,A,T,R,53,-0.4,1PGA_A_T53R
1PGA,A,T,V,53,-3.38,1PGA_A_T53V
1PGA,A,T,Y,53,-4.29,1PGA_A_T53Y
1POH,A,S,A,31,0.4,1POH_A_S31A
1POH,A,S,A,46,1.1,1POH_A_S46A
1POH,A,S,D,46,-1.5,1POH_A_S46D
1POH,A,S,N,46,-0.5,1POH_A_S46N
1POH,A,K,A,49,-1.6,1POH_A_K49A
1POH,A,K,D,49,-1.8,1POH_A_K49D
1POH,A,K,E,49,-2.1,1POH_A_K49E
1POH,A,K,G,49,-1.2,1POH_A_K49G
1POH,A,K,M,49,-1,1POH_A_K49M
1POH,A,K,N,49,-0.4,1POH_A_K49N
1POH,A,K,Q,49,-1.6,1POH_A_K49Q
1POH,A,K,R,49,0.2,1POH_A_K49R
1POH,A,K,S,49,-1.2,1POH_A_K49S
1QGV,A,G,D,126,1.71,1QGV_A_G126D
1QLP,A,A,I,31,-0.9,1QLP_A_A31I
1QLP,A,A,L,31,-0.9,1QLP_A_A31L
1QLP,A,A,V,31,-0.6,1QLP_A_A31V
1QLP,A,F,C,51,-3.6,1QLP_A_F51C
1QLP,A,F,L,51,-2.1,1QLP_A_F51L
1QLP,A,V,I,55,0.2,1QLP_A_V55I
1QLP,A,V,L,55,0.3,1QLP_A_V55L
1QLP,A,T,A,59,-1,1QLP_A_T59A
1QLP,A,T,A,68,-1,1QLP_A_T68A
1QLP,A,A,G,70,-1.6,1QLP_A_A70G
1QLP,A,V,I,145,-0.2,1QLP_A_V145I
1QLP,A,V,L,145,0.7,1QLP_A_V145L
1QLP,A,Y,A,160,0.21,1QLP_A_Y160A
1QLP,A,Y,W,160,-1.3,1QLP_A_Y160W
1QLP,A,V,I,173,-0.5,1QLP_A_V173I
1QLP,A,V,L,173,0.6,1QLP_A_V173L
1QLP,A,A,F,183,-1.5,1QLP_A_A183F
1QLP,A,A,I,183,-1.8,1QLP_A_A183I
1QLP,A,A,L,183,-1.4,1QLP_A_A183L
1QLP,A,A,V,183,-3.8,1QLP_A_A183V
1QLP,A,W,F,194,0.47,1QLP_A_W194F
1QLP,A,W,F,238,-1.2,1QLP_A_W238F
1QLP,A,A,F,248,-1.8,1QLP_A_A248F
1QLP,A,A,I,248,-2.2,1QLP_A_A248I
1QLP,A,A,L,248,-1.5,1QLP_A_A248L
1QLP,A,A,V,248,-2.3,1QLP_A_A248V
1QLP,A,A,I,250,0.4,1QLP_A_A250I
1QLP,A,A,L,250,1,1QLP_A_A250L
1QLP,A,A,V,250,0.4,1QLP_A_A250V
1QLP,A,A,I,284,0,1QLP_A_A284I
1QLP,A,A,V,284,-0.8,1QLP_A_A284V
1QLP,A,V,I,321,-0.6,1QLP_A_V321I
1QLP,A,V,L,321,1.2,1QLP_A_V321L
1QLP,A,S,R,330,2.44,1QLP_A_S330R
1QLP,A,K,F,331,-1.75,1QLP_A_K331F
1QLP,A,K,I,331,-0.84,1QLP_A_K331I
1QLP,A,K,T,331,0.54,1QLP_A_K331T
1QLP,A,K,V,331,-0.89,1QLP_A_K331V
1QLP,A,V,I,364,-0.4,1QLP_A_V364I
1QLP,A,V,L,364,0.3,1QLP_A_V364L
1QLP,A,M,I,374,-2.3,1QLP_A_M374I
1QLP,A,S,A,381,-1,1QLP_A_S381A
1QLP,A,K,R,387,-1,1QLP_A_K387R
1QM4,A,R,H,265,-10.61,1QM4_A_R265H
1QND,A,C,S,71,1.91,1QND_A_C71S
1RG8,A,C,S,16,2.81,1RG8_A_C16S
1RG8,A,H,Y,21,-0.79,1RG8_A_H21Y
1RG8,A,L,F,44,-0.59,1RG8_A_L44F
1RG8,A,G,A,62,1.48,1RG8_A_G62A
1RG8,A,G,N,62,0.97,1RG8_A_G62N
1RG8,A,L,V,73,1.46,1RG8_A_L73V
1RG8,A,C,S,83,1.78,1RG8_A_C83S
1RG8,A,H,A,93,0.6,1RG8_A_H93A
1RG8,A,H,G,93,-1.34,1RG8_A_H93G
1RG8,A,H,N,93,-0.19,1RG8_A_H93N
1RG8,A,H,Y,102,-0.39,1RG8_A_H102Y
1RG8,A,A,G,103,0.46,1RG8_A_A103G
1RG8,A,N,G,106,-0.16,1RG8_A_N106G
1RG8,A,F,Y,108,-0.49,1RG8_A_F108Y
1RG8,A,V,I,109,0.05,1RG8_A_V109I
1RG8,A,V,L,109,0.57,1RG8_A_V109L
1RG8,A,C,S,117,0.64,1RG8_A_C117S
1RHG,A,G,A,26,-3.06,1RHG_A_G26A
1RHG,A,G,A,28,-2.66,1RHG_A_G28A
1RHG,A,E,A,33,2.1,1RHG_A_E33A
1RHG,A,E,A,46,2.1,1RHG_A_E46A
1RHG,A,L,E,50,2.3,1RHG_A_L50E
1RHG,A,G,A,73,-1.44,1RHG_A_G73A
1RHG,A,G,A,81,1.68,1RHG_A_G81A
1RHG,A,G,A,87,1.86,1RHG_A_G87A
1RHG,A,G,A,149,-2.29,1RHG_A_G149A
1RHG,A,G,A,150,-2.86,1RHG_A_G150A
1RIS,A,V,A,6,4.5,1RIS_A_V6A
1RIS,A,I,A,8,4.4,1RIS_A_I8A
1RIS,A,L,A,21,1.6,1RIS_A_L21A
1RIS,A,E,Q,22,1.9,1RIS_A_E22Q
1RIS,A,I,A,26,3.2,1RIS_A_I26A
1RIS,A,Y,A,33,-2.4,1RIS_A_Y33A
1RIS,A,A,G,35,0.8,1RIS_A_A35G
1RIS,A,V,A,37,3.1,1RIS_A_V37A
1RIS,A,L,A,48,3,1RIS_A_L48A
1RIS,A,I,A,52,1,1RIS_A_I52A
1RIS,A,F,A,60,2.2,1RIS_A_F60A
1RIS,A,V,A,65,3,1RIS_A_V65A
1RIS,A,L,A,75,1.4,1RIS_A_L75A
1RIS,A,L,A,79,4.1,1RIS_A_L79A
1RIS,A,V,A,85,3.5,1RIS_A_V85A
1RIS,A,V,A,88,3,1RIS_A_V88A
1RN1,C,V,A,16,2.34,1RN1_C_V16A
1RN1,C,V,C,16,4.99,1RN1_C_V16C
1RN1,C,V,S,16,4.71,1RN1_C_V16S
1RN1,C,V,T,16,4.1,1RN1_C_V16T
1RN1,C,A,G,21,1.1,1RN1_C_A21G
1RN1,C,G,A,23,1.2,1RN1_C_G23A
1RN1,C,Y,W,24,-1.24,1RN1_C_Y24W
1RN1,C,Q,K,25,-0.94,1RN1_C_Q25K
1RN1,C,H,T,40,0.26,1RN1_C_H40T
1RN1,C,Y,W,42,0.14,1RN1_C_Y42W
1RN1,C,N,A,44,2.08,1RN1_C_N44A
1RN1,C,N,D,44,1.6,1RN1_C_N44D
1RN1,C,N,S,44,1.77,1RN1_C_N44S
1RN1,C,Y,W,45,-0.74,1RN1_C_Y45W
1RN1,C,D,A,49,-0.5,1RN1_C_D49A
1RN1,C,D,F,49,-0.1,1RN1_C_D49F
1RN1,C,D,H,49,-1.1,1RN1_C_D49H
1RN1,C,D,Y,49,0,1RN1_C_D49Y
1RN1,C,E,A,58,0.77,1RN1_C_E58A
1RN1,C,W,Y,59,0.93,1RN1_C_W59Y
1RN1,C,D,A,76,3.76,1RN1_C_D76A
1RN1,C,D,N,76,3.39,1RN1_C_D76N
1RN1,C,D,S,76,3.17,1RN1_C_D76S
1RN1,C,V,A,78,4.08,1RN1_C_V78A
1RN1,C,V,C,78,3.67,1RN1_C_V78C
1RN1,C,V,S,78,4.73,1RN1_C_V78S
1RN1,C,V,T,78,3.59,1RN1_C_V78T
1RN1,C,V,C,89,3.54,1RN1_C_V89C
1RN1,C,V,S,89,4.87,1RN1_C_V89S
1RN1,C,V,T,89,3.07,1RN1_C_V89T
1RN1,C,H,A,92,0.62,1RN1_C_H92A
1ROP,A,D,A,30,-0.3,1ROP_A_D30A
1ROP,A,D,C,30,-0.8,1ROP_A_D30C
1ROP,A,D,E,30,-1,1ROP_A_D30E
1ROP,A,D,F,30,0.1,1ROP_A_D30F
1ROP,A,D,G,30,-2,1ROP_A_D30G
1ROP,A,D,H,30,-0.9,1ROP_A_D30H
1ROP,A,D,I,30,0.8,1ROP_A_D30I
1ROP,A,D,K,30,-0.9,1ROP_A_D30K
1ROP,A,D,L,30,0.1,1ROP_A_D30L
1ROP,A,D,M,30,-0.6,1ROP_A_D30M
1ROP,A,D,N,30,-0.8,1ROP_A_D30N
1ROP,A,D,Q,30,-1.8,1ROP_A_D30Q
1ROP,A,D,R,30,-0.8,1ROP_A_D30R
1ROP,A,D,S,30,-1,1ROP_A_D30S
1ROP,A,D,T,30,0.4,1ROP_A_D30T
1ROP,A,D,V,30,0.4,1ROP_A_D30V
1ROP,A,D,W,30,0.4,1ROP_A_D30W
1ROP,A,D,Y,30,-0.2,1ROP_A_D30Y
1ROP,A,L,A,41,6.12,1ROP_A_L41A
1ROP,A,L,V,41,2.53,1ROP_A_L41V
1RTB,A,A,S,4,0.62,1RTB_A_A4S
1RTB,A,A,S,5,0.52,1RTB_A_A5S
1RTB,A,F,L,46,3.21,1RTB_A_F46L
1RTB,A,F,V,46,4.55,1RTB_A_F46V
1RTB,A,V,A,47,3.8,1RTB_A_V47A
1RTB,A,V,A,54,2.58,1RTB_A_V54A
1RTB,A,V,G,54,4.87,1RTB_A_V54G
1RTB,A,V,I,54,1.95,1RTB_A_V54I
1RTB,A,V,L,54,1.09,1RTB_A_V54L
1RTB,A,V,A,57,2.85,1RTB_A_V57A
1RTB,A,V,I,57,1.3,1RTB_A_V57I
1RTB,A,V,L,57,2.37,1RTB_A_V57L
1RTB,A,V,A,63,2.03,1RTB_A_V63A
1RTB,A,V,G,63,3.5,1RTB_A_V63G
1RTB,A,A,G,64,0.44,1RTB_A_A64G
1RTB,A,I,A,81,2.99,1RTB_A_I81A
1RTB,A,I,G,81,4.81,1RTB_A_I81G
1RTB,A,I,V,81,0.43,1RTB_A_I81V
1RTB,A,Y,F,97,3.54,1RTB_A_Y97F
1RTB,A,I,A,106,4.38,1RTB_A_I106A
1RTB,A,I,L,106,1.79,1RTB_A_I106L
1RTB,A,I,V,106,0.8,1RTB_A_I106V
1RTB,A,I,A,107,3,1RTB_A_I107A
1RTB,A,I,L,107,2.2,1RTB_A_I107L
1RTB,A,I,V,107,0.43,1RTB_A_I107V
1RTB,A,V,A,108,4.2,1RTB_A_V108A
1RTB,A,V,I,108,0.44,1RTB_A_V108I
1RTB,A,V,L,108,0.7,1RTB_A_V108L
1RTB,A,A,G,109,0.43,1RTB_A_A109G
1RTB,A,V,A,116,0.67,1RTB_A_V116A
1RTB,A,V,G,116,1.18,1RTB_A_V116G
1RTB,A,V,A,118,1.92,1RTB_A_V118A
1RTB,A,V,G,118,2.78,1RTB_A_V118G
1RTB,A,H,A,119,-1.1,1RTB_A_H119A
1RTB,A,D,A,121,2.2,1RTB_A_D121A
1RTB,A,D,N,121,1.9,1RTB_A_D121N
1RTB,A,S,A,123,-1.14,1RTB_A_S123A
1RTP,1,K,S,80,0.29,1RTP_1_K80S
1SAK,A,E,A,326,1.6,1SAK_A_E326A
1SAK,A,F,A,328,7.2,1SAK_A_F328A
1SAK,A,F,L,328,3.5,1SAK_A_F328L
1SAK,A,T,A,329,3.6,1SAK_A_T329A
1SAK,A,L,F,330,5.2,1SAK_A_L330F
1SAK,A,Q,A,331,1.4,1SAK_A_Q331A
1SAK,A,I,V,332,5,1SAK_A_I332V
1SAK,A,R,A,333,3.9,1SAK_A_R333A
1SAK,A,R,A,335,2.1,1SAK_A_R335A
1SAK,A,E,A,336,-3,1SAK_A_E336A
1SAK,A,R,A,337,9.3,1SAK_A_R337A
1SAK,A,F,A,338,7.2,1SAK_A_F338A
1SAK,A,E,A,339,1.8,1SAK_A_E339A
1SAK,A,M,A,340,6.4,1SAK_A_M340A
1SAK,A,M,I,340,-0.7,1SAK_A_M340I
1SAK,A,F,I,341,6.9,1SAK_A_F341I
1SAK,A,F,L,341,3.3,1SAK_A_F341L
1SAK,A,R,A,342,1.4,1SAK_A_R342A
1SAK,A,E,A,343,1.1,1SAK_A_E343A
1SAK,A,L,F,344,6.1,1SAK_A_L344F
1SAK,A,L,I,344,1.2,1SAK_A_L344I
1SAK,A,N,A,345,3.7,1SAK_A_N345A
1SAK,A,E,A,346,0.4,1SAK_A_E346A
1SAK,A,A,G,347,2.7,1SAK_A_A347G
1SAK,A,E,A,349,3.8,1SAK_A_E349A
1SAK,A,L,A,350,2.1,1SAK_A_L350A
1SAK,A,K,A,351,-2.5,1SAK_A_K351A
1SAK,A,D,A,352,2.2,1SAK_A_D352A
1SHF,A,E,A,107,1.3,1SHF_A_E107A
1SHF,A,E,D,107,-0.7,1SHF_A_E107D
1SHF,A,E,F,107,1.63,1SHF_A_E107F
1SHF,A,E,G,107,2.3,1SHF_A_E107G
1SHF,A,E,H,107,1,1SHF_A_E107H
1SHF,A,E,I,107,2.71,1SHF_A_E107I
1SHF,A,E,K,107,1,1SHF_A_E107K
1SHF,A,E,L,107,3.02,1SHF_A_E107L
1SHF,A,E,Q,107,0.74,1SHF_A_E107Q
1SHF,A,E,R,107,3.4,1SHF_A_E107R
1SHF,A,E,S,107,1.64,1SHF_A_E107S
1SHF,A,E,T,107,0.6,1SHF_A_E107T
1SHF,A,E,V,107,2,1SHF_A_E107V
1SHF,A,E,Y,107,2.4,1SHF_A_E107Y
1SHF,A,I,A,111,2.84,1SHF_A_I111A
1SHF,A,I,L,111,1,1SHF_A_I111L
1SHF,A,I,V,111,0.63,1SHF_A_I111V
1SHF,A,S,A,124,0.71,1SHF_A_S124A
1SHF,A,S,D,124,2.02,1SHF_A_S124D
1SHF,A,S,F,124,1.9,1SHF_A_S124F
1SHF,A,S,G,124,1.7,1SHF_A_S124G
1SHF,A,S,H,124,1.25,1SHF_A_S124H
1SHF,A,S,I,124,1.41,1SHF_A_S124I
1SHF,A,S,K,124,-0.11,1SHF_A_S124K
1SHF,A,S,L,124,0.4,1SHF_A_S124L
1SHF,A,S,N,124,0.73,1SHF_A_S124N
1SHF,A,S,R,124,0.2,1SHF_A_S124R
1SHF,A,S,T,124,1.65,1SHF_A_S124T
1SHF,A,S,V,124,1.1,1SHF_A_S124V
1SHF,A,S,Y,124,2.3,1SHF_A_S124Y
1SHF,A,T,A,127,2.6,1SHF_A_T127A
1SHF,A,G,A,128,1.8,1SHF_A_G128A
1SHF,A,V,A,138,2.34,1SHF_A_V138A
1SHF,A,V,G,138,3.77,1SHF_A_V138G
1SHF,A,V,M,138,0.52,1SHF_A_V138M
1SHF,A,V,T,138,2.4,1SHF_A_V138T
1SHG,A,D,G,48,-1.7,1SHG_A_D48G
1SHG,A,F,Y,52,-0.44,1SHG_A_F52Y
1SHG,A,K,F,59,-1.72,1SHG_A_K59F
1SHG,A,K,Y,59,0.84,1SHG_A_K59Y
1SSO,A,I,V,29,0.4,1SSO_A_I29V
1SUP,A,M,F,50,-0.48,1SUP_A_M50F
1SUP,A,N,D,76,-0.45,1SUP_A_N76D
1SUP,A,G,A,169,-0.3,1SUP_A_G169A
1SUP,A,Q,C,206,-1.25,1SUP_A_Q206C
1SUP,A,Y,K,217,-0.72,1SUP_A_Y217K
1SUP,A,N,S,218,-1.07,1SUP_A_N218S
1TEN,A,I,A,809,2.9,1TEN_A_I809A
1TEN,A,I,V,809,0.2,1TEN_A_I809V
1TEN,A,V,A,811,1.4,1TEN_A_V811A
1TEN,A,A,G,819,2.8,1TEN_A_A819G
1TEN,A,I,A,821,3.7,1TEN_A_I821A
1TEN,A,I,V,821,0.3,1TEN_A_I821V
1TEN,A,I,A,830,1.63,1TEN_A_I830A
1TEN,A,I,V,830,0.4,1TEN_A_I830V
1TEN,A,I,A,833,3.3,1TEN_A_I833A
1TEN,A,I,V,833,0.8,1TEN_A_I833V
1TEN,A,L,A,835,4.3,1TEN_A_L835A
1TEN,A,Y,A,837,4.22,1TEN_A_Y837A
1TEN,A,I,A,849,2.4,1TEN_A_I849A
1TEN,A,L,A,851,3,1TEN_A_L851A
1TEN,A,Y,A,858,1.4,1TEN_A_Y858A
1TEN,A,Y,G,858,4.14,1TEN_A_Y858G
1TEN,A,I,A,860,2.1,1TEN_A_I860A
1TEN,A,I,V,860,0.9,1TEN_A_I860V
1TEN,A,L,A,863,4.22,1TEN_A_L863A
1TEN,A,T,S,867,1.3,1TEN_A_T867S
1TEN,A,Y,F,869,3.22,1TEN_A_Y869F
1TEN,A,V,A,871,2.81,1TEN_A_V871A
1TEN,A,L,A,873,3.1,1TEN_A_L873A
1TEN,A,S,A,875,-0.3,1TEN_A_S875A
1TEN,A,S,A,882,2.8,1TEN_A_S882A
1TEN,A,A,G,885,1.1,1TEN_A_A885G
1TEN,A,E,A,887,-1.61,1TEN_A_E887A
1TEN,A,E,G,887,1.95,1TEN_A_E887G
1TIT,A,V,A,13,-2.37,1TIT_A_V13A
1TIT,A,I,A,23,-2.89,1TIT_A_I23A
1TIT,A,L,A,41,2.7,1TIT_A_L41A
1TIT,A,L,A,58,-3.61,1TIT_A_L58A
1TIT,A,L,A,60,-5.27,1TIT_A_L60A
1TIT,A,C,S,63,-5.43,1TIT_A_C63S
1TIT,A,F,L,73,3.83,1TIT_A_F73L
1TIT,A,V,A,86,-4.78,1TIT_A_V86A
1TPK,A,V,A,65,2,1TPK_A_V65A
1TPK,A,V,I,65,-0.3,1TPK_A_V65I
1TPK,A,V,L,65,1.9,1TPK_A_V65L
1TPK,A,V,M,65,2.2,1TPK_A_V65M
1TPK,A,V,S,65,2.4,1TPK_A_V65S
1TPK,A,V,T,65,1,1TPK_A_V65T
1TTQ,A,A,G,18,2.7,1TTQ_A_A18G
1TTQ,A,A,V,18,2.3,1TTQ_A_A18V
1TTQ,A,F,I,22,4.58,1TTQ_A_F22I
1TTQ,A,F,L,22,1.05,1TTQ_A_F22L
1TTQ,A,F,V,22,3.44,1TTQ_A_F22V
1TTQ,A,Y,Q,175,1.65,1TTQ_A_Y175Q
1TTQ,A,L,V,209,3.2,1TTQ_A_L209V
1TTQ,A,I,V,232,3.3,1TTQ_A_I232V
1TYV,A,G,R,177,0.7,1TYV_A_G177R
1TYV,A,T,I,235,0.53,1TYV_A_T235I
1TYV,A,G,R,244,1.33,1TYV_A_G244R
1TYV,A,R,K,285,3.43,1TYV_A_R285K
1TYV,A,E,V,309,0.77,1TYV_A_E309V
1TYV,A,G,D,323,0.13,1TYV_A_G323D
1UBQ,A,K,E,6,-0.79,1UBQ_A_K6E
1UBQ,A,K,Q,6,-0.3,1UBQ_A_K6Q
1UBQ,A,E,D,18,0.08,1UBQ_A_E18D
1UBQ,A,K,Q,27,1.91,1UBQ_A_K27Q
1UBQ,A,K,N,29,1.5,1UBQ_A_K29N
1UBQ,A,K,Q,29,1.7,1UBQ_A_K29Q
1UBQ,A,R,E,42,-1.63,1UBQ_A_R42E
1UBQ,A,F,W,45,-0.5,1UBQ_A_F45W
1UBQ,A,H,E,68,-0.8,1UBQ_A_H68E
1UBQ,A,H,Q,68,-0.6,1UBQ_A_H68Q
1UBQ,A,R,Q,72,0.33,1UBQ_A_R72Q
1UZC,A,W,F,11,0.31,1UZC_A_W11F
1UZC,A,T,A,13,1,1UZC_A_T13A
1UZC,A,T,S,13,-0.1,1UZC_A_T13S
1UZC,A,E,A,15,0.4,1UZC_A_E15A
1UZC,A,E,G,15,1.02,1UZC_A_E15G
1UZC,A,A,G,17,0.7,1UZC_A_A17G
1UZC,A,Q,A,19,0.2,1UZC_A_Q19A
1UZC,A,Q,G,19,1.3,1UZC_A_Q19G
1UZC,A,A,G,20,2.4,1UZC_A_A20G
1UZC,A,L,A,24,1.04,1UZC_A_L24A
1UZC,A,K,A,26,-0.11,1UZC_A_K26A
1UZC,A,K,G,26,0.8,1UZC_A_K26G
1UZC,A,E,A,27,0.62,1UZC_A_E27A
1UZC,A,E,G,27,1.6,1UZC_A_E27G
1UZC,A,V,A,30,3.3,1UZC_A_V30A
1UZC,A,S,A,32,0,1UZC_A_S32A
1UZC,A,N,G,33,0.42,1UZC_A_N33G
1UZC,A,S,A,35,1.04,1UZC_A_S35A
1UZC,A,W,F,36,-0.6,1UZC_A_W36F
1UZC,A,Q,A,38,0.37,1UZC_A_Q38A
1UZC,A,Q,G,38,1.6,1UZC_A_Q38G
1UZC,A,A,G,39,1.93,1UZC_A_A39G
1UZC,A,M,A,42,1.6,1UZC_A_M42A
1UZC,A,I,V,43,1.3,1UZC_A_I43V
1UZC,A,I,A,44,0.2,1UZC_A_I44A
1UZC,A,I,G,44,0.4,1UZC_A_I44G
1UZC,A,I,V,44,0.3,1UZC_A_I44V
1UZC,A,D,N,46,2.51,1UZC_A_D46N
1UZC,A,Y,A,49,2.6,1UZC_A_Y49A
1UZC,A,Y,F,49,0.31,1UZC_A_Y49F
1UZC,A,S,A,50,0.2,1UZC_A_S50A
1UZC,A,S,G,50,0.1,1UZC_A_S50G
1UZC,A,A,G,51,1.12,1UZC_A_A51G
1UZC,A,L,A,52,2.9,1UZC_A_L52A
1UZC,A,A,G,53,0.3,1UZC_A_A53G
1UZC,A,S,A,56,0.5,1UZC_A_S56A
1UZC,A,S,G,56,0.54,1UZC_A_S56G
1UZC,A,K,A,58,2.1,1UZC_A_K58A
1UZC,A,Q,A,60,-0.31,1UZC_A_Q60A
1UZC,A,Q,G,60,0.8,1UZC_A_Q60G
1UZC,A,A,G,61,2.2,1UZC_A_A61G
1UZC,A,A,G,64,0.94,1UZC_A_A64G
1UZC,A,Y,F,65,0.8,1UZC_A_Y65F
1UZC,A,V,A,67,-0.6,1UZC_A_V67A
1UZC,A,V,G,67,0.1,1UZC_A_V67G
1VQB,A,I,V,6,0.7,1VQB_A_I6V
1VQB,A,F,T,13,0.7,1VQB_A_F13T
1VQB,A,V,C,19,0.3,1VQB_A_V19C
1VQB,A,V,T,19,0.6,1VQB_A_V19T
1VQB,A,K,V,24,-0.8,1VQB_A_K24V
1VQB,A,Y,R,26,0.4,1VQB_A_Y26R
1VQB,A,L,V,28,-1.1,1VQB_A_L28V
1VQB,A,E,F,30,-2.1,1VQB_A_E30F
1VQB,A,E,M,30,-0.7,1VQB_A_E30M
1VQB,A,E,N,30,1.1,1VQB_A_E30N
1VQB,A,L,H,32,0.9,1VQB_A_L32H
1VQB,A,L,R,32,1.6,1VQB_A_L32R
1VQB,A,L,W,32,-2.8,1VQB_A_L32W
1VQB,A,L,Y,32,-1,1VQB_A_L32Y
1VQB,A,C,A,33,0.5,1VQB_A_C33A
1VQB,A,C,I,33,0.9,1VQB_A_C33I
1VQB,A,C,L,33,2.6,1VQB_A_C33L
1VQB,A,C,M,33,3.5,1VQB_A_C33M
1VQB,A,C,S,33,4.3,1VQB_A_C33S
1VQB,A,C,T,33,4.6,1VQB_A_C33T
1VQB,A,C,V,33,0.2,1VQB_A_C33V
1VQB,A,V,A,35,10.8,1VQB_A_V35A
1VQB,A,V,C,35,1.5,1VQB_A_V35C
1VQB,A,V,F,35,3.2,1VQB_A_V35F
1VQB,A,V,I,35,0.7,1VQB_A_V35I
1VQB,A,V,L,35,2.7,1VQB_A_V35L
1VQB,A,V,M,35,1.1,1VQB_A_V35M
1VQB,A,V,T,35,5.3,1VQB_A_V35T
1VQB,A,D,C,36,2.1,1VQB_A_D36C
1VQB,A,D,N,36,1,1VQB_A_D36N
1VQB,A,L,A,37,7.7,1VQB_A_L37A
1VQB,A,L,C,37,4.6,1VQB_A_L37C
1VQB,A,L,I,37,1.4,1VQB_A_L37I
1VQB,A,L,T,37,5.2,1VQB_A_L37T
1VQB,A,L,V,37,3.5,1VQB_A_L37V
1VQB,A,E,C,40,1.6,1VQB_A_E40C
1VQB,A,E,T,40,0.4,1VQB_A_E40T
1VQB,A,Y,A,41,0.4,1VQB_A_Y41A
1VQB,A,Y,F,41,0.6,1VQB_A_Y41F
1VQB,A,V,C,43,2.1,1VQB_A_V43C
1VQB,A,V,T,43,1.6,1VQB_A_V43T
1VQB,A,V,A,45,2.1,1VQB_A_V45A
1VQB,A,V,C,45,0.1,1VQB_A_V45C
1VQB,A,V,L,45,3,1VQB_A_V45L
1VQB,A,V,T,45,3.5,1VQB_A_V45T
1VQB,A,I,A,47,7.1,1VQB_A_I47A
1VQB,A,I,C,47,5.3,1VQB_A_I47C
1VQB,A,I,F,47,2,1VQB_A_I47F
1VQB,A,I,L,47,0.7,1VQB_A_I47L
1VQB,A,I,M,47,2.2,1VQB_A_I47M
1VQB,A,I,T,47,7.6,1VQB_A_I47T
1VQB,A,I,V,47,2.6,1VQB_A_I47V
1VQB,A,T,C,48,0.8,1VQB_A_T48C
1VQB,A,T,V,48,0,1VQB_A_T48V
1VQB,A,L,A,49,6.1,1VQB_A_L49A
1VQB,A,L,C,49,4.1,1VQB_A_L49C
1VQB,A,L,I,49,1.9,1VQB_A_L49I
1VQB,A,L,T,49,5.7,1VQB_A_L49T
1VQB,A,L,V,49,2.9,1VQB_A_L49V
1VQB,A,D,H,50,1.6,1VQB_A_D50H
1VQB,A,T,C,62,0.7,1VQB_A_T62C
1VQB,A,T,V,62,-1.3,1VQB_A_T62V
1VQB,A,V,C,63,4.1,1VQB_A_V63C
1VQB,A,V,T,63,5,1VQB_A_V63T
1VQB,A,H,C,64,-0.5,1VQB_A_H64C
1VQB,A,S,C,67,3.7,1VQB_A_S67C
1VQB,A,S,T,67,1.6,1VQB_A_S67T
1VQB,A,F,L,68,4.3,1VQB_A_F68L
1VQB,A,F,V,68,5,1VQB_A_F68V
1VQB,A,K,H,69,1.3,1VQB_A_K69H
1VQB,A,K,M,69,-0.2,1VQB_A_K69M
1VQB,A,V,C,70,3.3,1VQB_A_V70C
1VQB,A,V,T,70,3.5,1VQB_A_V70T
1VQB,A,F,W,73,-0.8,1VQB_A_F73W
1VQB,A,M,A,77,2.1,1VQB_A_M77A
1VQB,A,M,C,77,0,1VQB_A_M77C
1VQB,A,M,F,77,0.2,1VQB_A_M77F
1VQB,A,M,I,77,-1.6,1VQB_A_M77I
1VQB,A,M,L,77,1.2,1VQB_A_M77L
1VQB,A,M,T,77,0.8,1VQB_A_M77T
1VQB,A,M,V,77,-1.2,1VQB_A_M77V
1VQB,A,I,C,78,4.4,1VQB_A_I78C
1VQB,A,I,T,78,6.6,1VQB_A_I78T
1VQB,A,I,V,78,1.3,1VQB_A_I78V
1VQB,A,L,C,81,3.7,1VQB_A_L81C
1VQB,A,L,T,81,5.1,1VQB_A_L81T
1VQB,A,L,V,81,0.2,1VQB_A_L81V
1VQB,A,R,C,82,1.5,1VQB_A_R82C
1VQB,A,A,T,86,0.7,1VQB_A_A86T
1VQB,A,A,V,86,-0.5,1VQB_A_A86V
1WIT,A,Y,F,73,2.15,1WIT_A_Y73F
1WQ5,A,F,L,22,-2.2,1WQ5_A_F22L
1WQ5,A,I,A,37,4.42,1WQ5_A_I37A
1WQ5,A,E,A,49,0.8,1WQ5_A_E49A
1WQ5,A,E,C,49,2.8,1WQ5_A_E49C
1WQ5,A,E,D,49,0.8,1WQ5_A_E49D
1WQ5,A,E,F,49,2.9,1WQ5_A_E49F
1WQ5,A,E,G,49,-1.7,1WQ5_A_E49G
1WQ5,A,E,H,49,-1.51,1WQ5_A_E49H
1WQ5,A,E,I,49,-8,1WQ5_A_E49I
1WQ5,A,E,K,49,-0.9,1WQ5_A_E49K
1WQ5,A,E,L,49,-6.2,1WQ5_A_E49L
1WQ5,A,E,M,49,-4.6,1WQ5_A_E49M
1WQ5,A,E,N,49,0.69,1WQ5_A_E49N
1WQ5,A,E,Q,49,-3.6,1WQ5_A_E49Q
1WQ5,A,E,S,49,-3.1,1WQ5_A_E49S
1WQ5,A,E,T,49,0.9,1WQ5_A_E49T
1WQ5,A,E,V,49,-4.5,1WQ5_A_E49V
1WQ5,A,E,W,49,1.1,1WQ5_A_E49W
1WQ5,A,E,Y,49,-1.9,1WQ5_A_E49Y
1WQ5,A,L,A,50,3,1WQ5_A_L50A
1WQ5,A,C,A,81,1.58,1WQ5_A_C81A
1WQ5,A,C,G,81,2.27,1WQ5_A_C81G
1WQ5,A,C,S,81,1.41,1WQ5_A_C81S
1WQ5,A,C,V,81,1.7,1WQ5_A_C81V
1WQ5,A,L,A,99,4.1,1WQ5_A_L99A
1WQ5,A,C,A,118,1.36,1WQ5_A_C118A
1WQ5,A,C,S,118,2.27,1WQ5_A_C118S
1WQ5,A,C,V,118,1.34,1WQ5_A_C118V
1WQ5,A,L,A,127,1.3,1WQ5_A_L127A
1WQ5,A,F,W,139,-0.7,1WQ5_A_F139W
1WQ5,A,C,A,154,1.03,1WQ5_A_C154A
1WQ5,A,C,S,154,1.72,1WQ5_A_C154S
1WQ5,A,C,V,154,1.12,1WQ5_A_C154V
1WQ5,A,Y,C,175,0.6,1WQ5_A_Y175C
1WQ5,A,L,A,176,4.01,1WQ5_A_L176A
1WQ5,A,G,D,211,0.8,1WQ5_A_G211D
1WQ5,A,G,E,211,-2.4,1WQ5_A_G211E
1WQ5,A,G,R,211,-0.8,1WQ5_A_G211R
1WQ5,A,G,S,211,0.7,1WQ5_A_G211S
1WQ5,A,G,V,211,-1.1,1WQ5_A_G211V
1WQ5,A,G,W,211,1.95,1WQ5_A_G211W
1WQ5,A,G,D,234,-3.4,1WQ5_A_G234D
1WQ5,A,G,K,234,-0.5,1WQ5_A_G234K
1WQ5,A,F,W,258,-1.2,1WQ5_A_F258W
1YU5,X,H,Y,41,-1.11,1YU5_X_H41Y
1YYJ,A,L,A,3,1.6,1YYJ_A_L3A
1YYJ,A,W,M,7,0.85,1YYJ_A_W7M
1YYJ,A,L,A,10,1.86,1YYJ_A_L10A
1YYJ,A,L,A,14,1.92,1YYJ_A_L14A
1YYJ,A,K,A,15,0.2,1YYJ_A_K15A
1YYJ,A,I,A,17,1.3,1YYJ_A_I17A
1YYJ,A,E,A,18,-1.3,1YYJ_A_E18A
1YYJ,A,A,G,20,1.97,1YYJ_A_A20G
1YYJ,A,A,G,23,2.38,1YYJ_A_A23G
1YYJ,A,K,A,27,0.17,1YYJ_A_K27A
1YYJ,A,K,G,27,1,1YYJ_A_K27G
1YYJ,A,L,A,30,2.83,1YYJ_A_L30A
1YYJ,A,M,A,33,2.97,1YYJ_A_M33A
1YYJ,A,R,A,34,2.25,1YYJ_A_R34A
1YYJ,A,R,G,34,3.26,1YYJ_A_R34G
1YYJ,A,A,G,36,2.61,1YYJ_A_A36G
1YYJ,A,A,G,37,4.15,1YYJ_A_A37G
1YYJ,A,L,G,38,1.44,1YYJ_A_L38G
1YYJ,A,A,G,40,1.41,1YYJ_A_A40G
1YYJ,A,L,A,48,3.73,1YYJ_A_L48A
1YYJ,A,K,G,51,1.32,1YYJ_A_K51G
1YYJ,A,M,A,58,2.91,1YYJ_A_M58A
1YYJ,A,F,A,61,4.52,1YYJ_A_F61A
1YYJ,A,F,A,65,1.92,1YYJ_A_F65A
1YYJ,A,L,A,68,3.88,1YYJ_A_L68A
1YYJ,A,V,G,69,3.61,1YYJ_A_V69G
1YYJ,A,I,A,72,4.79,1YYJ_A_I72A
1YYJ,A,D,A,73,1.57,1YYJ_A_D73A
1YYJ,A,L,A,76,3.48,1YYJ_A_L76A
1YYJ,A,V,A,84,3.42,1YYJ_A_V84A
1YYJ,A,A,G,87,3.2,1YYJ_A_A87G
1YYJ,A,A,G,90,2.34,1YYJ_A_A90G
1YYJ,A,A,G,91,1.6,1YYJ_A_A91G
1YYJ,A,L,A,94,1.5,1YYJ_A_L94A
1YYJ,A,I,A,98,3.48,1YYJ_A_I98A
1YYJ,A,Y,A,101,-0.52,1YYJ_A_Y101A
1YYJ,A,Y,A,105,2.36,1YYJ_A_Y105A
1ZG4,A,C,S,77,3.36,1ZG4_A_C77S
1ZG4,A,W,F,290,0.83,1ZG4_A_W290F
1ZNJ,B,S,D,9,-0.1,1ZNJ_B_S9D
1ZNJ,B,H,D,10,-1.3,1ZNJ_B_H10D
1ZNJ,B,H,E,10,-1.44,1ZNJ_B_H10E
1ZNJ,B,H,T,10,0.22,1ZNJ_B_H10T
1ZNJ,B,F,D,25,-0.6,1ZNJ_B_F25D
1ZNJ,B,F,H,25,-1,1ZNJ_B_F25H
1ZNJ,B,Y,T,26,0.3,1ZNJ_B_Y26T
1ZNJ,B,K,G,29,0.05,1ZNJ_B_K29G
2A01,A,L,R,141,0.65,2A01_A_L141R
2A36,A,T,A,22,-0.4,2A36_A_T22A
2A36,A,T,D,22,-1.5,2A36_A_T22D
2A36,A,T,F,22,-1.3,2A36_A_T22F
2A36,A,T,G,22,-3.6,2A36_A_T22G
2A36,A,T,K,22,0,2A36_A_T22K
2A36,A,T,L,22,-0.6,2A36_A_T22L
2A36,A,T,N,22,-1.3,2A36_A_T22N
2A36,A,T,S,22,-0.6,2A36_A_T22S
2ABD,A,F,A,5,2.63,2ABD_A_F5A
2ABD,A,A,G,9,2,2ABD_A_A9G
2ABD,A,V,A,12,1.69,2ABD_A_V12A
2ABD,A,L,A,15,3.57,2ABD_A_L15A
2ABD,A,D,A,21,-0.42,2ABD_A_D21A
2ABD,A,D,H,21,0.56,2ABD_A_D21H
2ABD,A,L,A,25,2.02,2ABD_A_L25A
2ABD,A,F,A,26,1.79,2ABD_A_F26A
2ABD,A,Y,A,28,2.74,2ABD_A_Y28A
2ABD,A,Y,F,28,1.26,2ABD_A_Y28F
2ABD,A,Y,N,28,2.48,2ABD_A_Y28N
2ABD,A,Y,N,31,1.86,2ABD_A_Y31N
2ABD,A,K,A,32,1.61,2ABD_A_K32A
2ABD,A,K,E,32,1.68,2ABD_A_K32E
2ABD,A,K,R,32,2.22,2ABD_A_K32R
2ABD,A,Q,A,33,3.66,2ABD_A_Q33A
2ABD,A,A,G,34,1.57,2ABD_A_A34G
2ABD,A,T,A,35,1.47,2ABD_A_T35A
2ABD,A,I,A,39,1.06,2ABD_A_I39A
2ABD,A,K,M,52,-0.48,2ABD_A_K52M
2ABD,A,K,A,54,1.41,2ABD_A_K54A
2ABD,A,K,M,54,-0.27,2ABD_A_K54M
2ABD,A,E,A,67,0.8,2ABD_A_E67A
2ABD,A,A,G,69,2.28,2ABD_A_A69G
2ABD,A,Y,A,73,4.83,2ABD_A_Y73A
2ABD,A,Y,F,73,-0.29,2ABD_A_Y73F
2ABD,A,I,A,74,1.7,2ABD_A_I74A
2ABD,A,V,A,77,1.57,2ABD_A_V77A
2ABD,A,L,A,80,4.57,2ABD_A_L80A
2CI2,I,K,A,21,0.8,2CI2_I_K21A
2CI2,I,K,M,21,0.7,2CI2_I_K21M
2CI2,I,T,A,22,0.93,2CI2_I_T22A
2CI2,I,T,G,22,1.16,2CI2_I_T22G
2CI2,I,T,V,22,0.76,2CI2_I_T22V
2CI2,I,E,A,26,0.75,2CI2_I_E26A
2CI2,I,E,Q,26,0.62,2CI2_I_E26Q
2CI2,I,L,A,27,2.68,2CI2_I_L27A
2CI2,I,K,A,30,-0.42,2CI2_I_K30A
2CI2,I,S,A,31,1.03,2CI2_I_S31A
2CI2,I,S,G,31,0.82,2CI2_I_S31G
2CI2,I,E,D,33,0.72,2CI2_I_E33D
2CI2,I,E,N,33,0.7,2CI2_I_E33N
2CI2,I,E,Q,33,0.39,2CI2_I_E33Q
2CI2,I,E,D,34,0.74,2CI2_I_E34D
2CI2,I,E,N,34,1.1,2CI2_I_E34N
2CI2,I,E,Q,34,0.76,2CI2_I_E34Q
2CI2,I,A,G,35,1.25,2CI2_I_A35G
2CI2,I,K,A,36,0.81,2CI2_I_K36A
2CI2,I,K,G,36,2.32,2CI2_I_K36G
2CI2,I,K,A,37,0.39,2CI2_I_K37A
2CI2,I,K,G,37,1.28,2CI2_I_K37G
2CI2,I,V,A,38,0.48,2CI2_I_V38A
2CI2,I,I,L,39,1.96,2CI2_I_I39L
2CI2,I,I,V,39,1.3,2CI2_I_I39V
2CI2,I,L,A,40,1.33,2CI2_I_L40A
2CI2,I,L,G,40,1.74,2CI2_I_L40G
2CI2,I,Q,A,41,0.28,2CI2_I_Q41A
2CI2,I,Q,G,41,0.76,2CI2_I_Q41G
2CI2,I,D,A,42,1.01,2CI2_I_D42A
2CI2,I,K,A,43,1.25,2CI2_I_K43A
2CI2,I,K,G,43,3.34,2CI2_I_K43G
2CI2,I,E,A,45,0.82,2CI2_I_E45A
2CI2,I,I,A,48,3.89,2CI2_I_I48A
2CI2,I,I,V,48,1.11,2CI2_I_I48V
2CI2,I,I,A,49,2.12,2CI2_I_I49A
2CI2,I,I,G,49,3.52,2CI2_I_I49G
2CI2,I,I,T,49,1.34,2CI2_I_I49T
2CI2,I,I,V,49,0.1,2CI2_I_I49V
2CI2,I,L,A,51,2.37,2CI2_I_L51A
2CI2,I,L,I,51,0.64,2CI2_I_L51I
2CI2,I,L,V,51,0.76,2CI2_I_L51V
2CI2,I,V,A,53,0.88,2CI2_I_V53A
2CI2,I,V,G,53,2.43,2CI2_I_V53G
2CI2,I,V,T,53,1.31,2CI2_I_V53T
2CI2,I,T,A,55,0.6,2CI2_I_T55A
2CI2,I,T,S,55,0.5,2CI2_I_T55S
2CI2,I,T,V,55,1.17,2CI2_I_T55V
2CI2,I,I,A,56,0.66,2CI2_I_I56A
2CI2,I,V,A,57,1.47,2CI2_I_V57A
2CI2,I,T,A,58,0.69,2CI2_I_T58A
2CI2,I,T,D,58,-0.04,2CI2_I_T58D
2CI2,I,E,A,60,1.05,2CI2_I_E60A
2CI2,I,R,A,62,0.8,2CI2_I_R62A
2CI2,I,D,A,64,0.91,2CI2_I_D64A
2CI2,I,V,A,66,4.92,2CI2_I_V66A
2CI2,I,R,A,67,1.4,2CI2_I_R67A
2CI2,I,L,A,68,3.82,2CI2_I_L68A
2CI2,I,F,A,69,3.84,2CI2_I_F69A
2CI2,I,F,L,69,2.11,2CI2_I_F69L
2CI2,I,F,V,69,2.39,2CI2_I_F69V
2CI2,I,V,A,70,2.17,2CI2_I_V70A
2CI2,I,D,A,71,3.41,2CI2_I_D71A
2CI2,I,K,N,72,0.61,2CI2_I_K72N
2CI2,I,N,A,75,1.03,2CI2_I_N75A
2CI2,I,N,D,75,1.36,2CI2_I_N75D
2CI2,I,I,A,76,4.34,2CI2_I_I76A
2CI2,I,I,V,76,-0.21,2CI2_I_I76V
2CI2,I,A,G,77,1.88,2CI2_I_A77G
2CI2,I,V,A,79,1.51,2CI2_I_V79A
2CI2,I,V,G,79,3.24,2CI2_I_V79G
2CI2,I,V,T,79,0.89,2CI2_I_V79T
2CI2,I,V,A,82,1.45,2CI2_I_V82A
2CI2,I,V,G,82,3.5,2CI2_I_V82G
2CI2,I,V,T,82,1.33,2CI2_I_V82T
2DRI,A,A,T,27,3.3,2DRI_A_A27T
2DRI,A,V,E,50,3.5,2DRI_A_V50E
2H61,A,L,A,3,0.64,2H61_A_L3A
2H61,A,L,S,3,1.25,2H61_A_L3S
2H61,A,M,A,7,2,2H61_A_M7A
2H61,A,I,A,11,1.65,2H61_A_I11A
2H61,A,F,A,14,2.85,2H61_A_F14A
2HPR,A,S,D,46,-0.74,2HPR_A_S46D
2IMM,A,A,L,15,-1.4,2IMM_A_A15L
2IMM,A,M,I,21,-0.24,2IMM_A_M21I
2IMM,A,M,L,21,0.31,2IMM_A_M21L
2IMM,A,K,R,24,0.2,2IMM_A_K24R
2IMM,A,F,Y,32,-0.38,2IMM_A_F32Y
2IMM,A,T,S,63,-0.29,2IMM_A_T63S
2IMM,A,Q,E,79,0.41,2IMM_A_Q79E
2IMM,A,N,Q,90,-1.05,2IMM_A_N90Q
2IMM,A,A,G,100,-0.02,2IMM_A_A100G
2IMM,A,L,I,106,-0.36,2IMM_A_L106I
2LZM,A,I,A,3,1.1,2LZM_A_I3A
2LZM,A,I,C,3,-1.2,2LZM_A_I3C
2LZM,A,I,D,3,3.2,2LZM_A_I3D
2LZM,A,I,E,3,2,2LZM_A_I3E
2LZM,A,I,F,3,1.49,2LZM_A_I3F
2LZM,A,I,G,3,2.1,2LZM_A_I3G
2LZM,A,I,L,3,-1.16,2LZM_A_I3L
2LZM,A,I,M,3,0.9,2LZM_A_I3M
2LZM,A,I,S,3,1.9,2LZM_A_I3S
2LZM,A,I,T,3,2.45,2LZM_A_I3T
2LZM,A,I,V,3,0.6,2LZM_A_I3V
2LZM,A,I,W,3,3.6,2LZM_A_I3W
2LZM,A,I,Y,3,2.7,2LZM_A_I3Y
2LZM,A,M,I,6,4.78,2LZM_A_M6I
2LZM,A,E,A,11,-1.1,2LZM_A_E11A
2LZM,A,E,F,11,-1.7,2LZM_A_E11F
2LZM,A,E,M,11,-1.6,2LZM_A_E11M
2LZM,A,K,E,16,-0.5,2LZM_A_K16E
2LZM,A,Y,G,25,4.55,2LZM_A_Y25G
2LZM,A,G,A,30,-0.1,2LZM_A_G30A
2LZM,A,G,F,30,1.5,2LZM_A_G30F
2LZM,A,S,A,38,0.77,2LZM_A_S38A
2LZM,A,S,D,38,1.2,2LZM_A_S38D
2LZM,A,A,V,41,-0.45,2LZM_A_A41V
2LZM,A,S,A,44,-0.44,2LZM_A_S44A
2LZM,A,G,D,51,2.63,2LZM_A_G51D
2LZM,A,C,T,54,-1.36,2LZM_A_C54T
2LZM,A,C,V,54,0.7,2LZM_A_C54V
2LZM,A,N,G,55,0.6,2LZM_A_N55G
2LZM,A,I,Y,58,3.11,2LZM_A_I58Y
2LZM,A,K,H,60,0.8,2LZM_A_K60H
2LZM,A,N,A,68,-0.05,2LZM_A_N68A
2LZM,A,G,A,77,1.2,2LZM_A_G77A
2LZM,A,K,H,83,0.5,2LZM_A_K83H
2LZM,A,S,H,90,1.1,2LZM_A_S90H
2LZM,A,R,H,96,4.45,2LZM_A_R96H
2LZM,A,A,T,98,3.83,2LZM_A_A98T
2LZM,A,A,V,98,8.1,2LZM_A_A98V
2LZM,A,M,V,102,4.67,2LZM_A_M102V
2LZM,A,V,A,103,2.2,2LZM_A_V103A
2LZM,A,Q,A,105,0.9,2LZM_A_Q105A
2LZM,A,Q,E,105,1.1,2LZM_A_Q105E
2LZM,A,Q,G,105,3.11,2LZM_A_Q105G
2LZM,A,G,A,113,-0.54,2LZM_A_G113A
2LZM,A,T,E,115,0.5,2LZM_A_T115E
2LZM,A,N,D,116,-0.6,2LZM_A_N116D
2LZM,A,S,F,117,-1.4,2LZM_A_S117F
2LZM,A,S,I,117,-1.7,2LZM_A_S117I
2LZM,A,S,V,117,-2,2LZM_A_S117V
2LZM,A,R,E,119,-0.2,2LZM_A_R119E
2LZM,A,R,M,119,-0.3,2LZM_A_R119M
2LZM,A,Q,E,123,-0.4,2LZM_A_Q123E
2LZM,A,K,G,124,0.1,2LZM_A_K124G
2LZM,A,E,A,128,-0.16,2LZM_A_E128A
2LZM,A,E,K,128,2.28,2LZM_A_E128K
2LZM,A,A,V,129,0.8,2LZM_A_A129V
2LZM,A,V,A,131,-0.39,2LZM_A_V131A
2LZM,A,V,D,131,-0.08,2LZM_A_V131D
2LZM,A,V,E,131,-0.2,2LZM_A_V131E
2LZM,A,V,G,131,0.68,2LZM_A_V131G
2LZM,A,V,I,131,-0.16,2LZM_A_V131I
2LZM,A,V,L,131,-0.09,2LZM_A_V131L
2LZM,A,V,M,131,-0.12,2LZM_A_V131M
2LZM,A,V,S,131,0.05,2LZM_A_V131S
2LZM,A,V,T,131,0.12,2LZM_A_V131T
2LZM,A,N,F,132,-1.3,2LZM_A_N132F
2LZM,A,N,I,132,-1.2,2LZM_A_N132I
2LZM,A,N,M,132,-1.5,2LZM_A_N132M
2LZM,A,L,A,133,4.3,2LZM_A_L133A
2LZM,A,L,F,133,0.3,2LZM_A_L133F
2LZM,A,K,E,135,1,2LZM_A_K135E
2LZM,A,W,Y,138,3,2LZM_A_W138Y
2LZM,A,N,D,144,-0.5,2LZM_A_N144D
2LZM,A,N,E,144,-0.5,2LZM_A_N144E
2LZM,A,A,I,146,4.31,2LZM_A_A146I
2LZM,A,A,T,146,4.12,2LZM_A_A146T
2LZM,A,A,V,146,4.31,2LZM_A_A146V
2LZM,A,K,E,147,0.7,2LZM_A_K147E
2LZM,A,V,A,149,3.2,2LZM_A_V149A
2LZM,A,V,C,149,2.4,2LZM_A_V149C
2LZM,A,T,S,152,2.9,2LZM_A_T152S
2LZM,A,F,C,153,3.11,2LZM_A_F153C
2LZM,A,R,E,154,1.1,2LZM_A_R154E
2LZM,A,G,D,156,4.07,2LZM_A_G156D
2LZM,A,T,A,157,1.4,2LZM_A_T157A
2LZM,A,T,C,157,1.3,2LZM_A_T157C
2LZM,A,T,D,157,2.39,2LZM_A_T157D
2LZM,A,T,E,157,-1.5,2LZM_A_T157E
2LZM,A,T,F,157,4.07,2LZM_A_T157F
2LZM,A,T,G,157,1.1,2LZM_A_T157G
2LZM,A,T,H,157,2.1,2LZM_A_T157H
2LZM,A,T,I,157,2.9,2LZM_A_T157I
2LZM,A,T,L,157,1.7,2LZM_A_T157L
2LZM,A,T,N,157,1.2,2LZM_A_T157N
2LZM,A,T,R,157,1.3,2LZM_A_T157R
2LZM,A,T,S,157,0.66,2LZM_A_T157S
2LZM,A,T,V,157,-1.7,2LZM_A_T157V
2LZM,A,A,T,160,4.55,2LZM_A_A160T
2NVH,A,R,Q,4,0.57,2NVH_A_R4Q
2NVH,A,L,A,6,2.13,2NVH_A_L6A
2NVH,A,N,D,7,-0.09,2NVH_A_N7D
2NVH,A,N,G,7,1.91,2NVH_A_N7G
2NVH,A,C,A,8,2.02,2NVH_A_C8A
2NVH,A,C,S,8,3.74,2NVH_A_C8S
2NVH,A,T,A,9,1.45,2NVH_A_T9A
2NVH,A,T,G,9,2.91,2NVH_A_T9G
2NVH,A,T,L,9,1.9,2NVH_A_T9L
2NVH,A,T,Q,9,2.53,2NVH_A_T9Q
2NVH,A,L,A,10,3.9,2NVH_A_L10A
2NVH,A,K,G,97,1.65,2NVH_A_K97G
2NVH,A,K,R,97,1.8,2NVH_A_K97R
2NVH,A,K,V,97,-1.15,2NVH_A_K97V
2OCJ,A,R,H,175,3.47,2OCJ_A_R175H
2OCJ,A,C,S,242,3.3,2OCJ_A_C242S
2OCJ,A,R,Q,248,2.03,2OCJ_A_R248Q
2OCJ,A,R,S,249,1.81,2OCJ_A_R249S
2OCJ,A,R,H,273,0.13,2OCJ_A_R273H
2RN2,A,D,A,10,-4,2RN2_A_D10A
2RN2,A,D,E,10,-1.1,2RN2_A_D10E
2RN2,A,D,H,10,-2.4,2RN2_A_D10H
2RN2,A,D,N,10,-2,2RN2_A_D10N
2RN2,A,D,S,10,-2.7,2RN2_A_D10S
2RN2,A,G,A,23,-1,2RN2_A_G23A
2RN2,A,A,V,24,-0.88,2RN2_A_A24V
2RN2,A,R,C,41,-0.44,2RN2_A_R41C
2RN2,A,E,A,48,0.3,2RN2_A_E48A
2RN2,A,E,D,48,0.2,2RN2_A_E48D
2RN2,A,E,Q,48,-0.3,2RN2_A_E48Q
2RN2,A,A,C,52,-0.8,2RN2_A_A52C
2RN2,A,A,D,52,1.9,2RN2_A_A52D
2RN2,A,A,E,52,1.5,2RN2_A_A52E
2RN2,A,A,F,52,0.5,2RN2_A_A52F
2RN2,A,A,G,52,2.7,2RN2_A_A52G
2RN2,A,A,H,52,3.6,2RN2_A_A52H
2RN2,A,A,I,52,-1.9,2RN2_A_A52I
2RN2,A,A,L,52,-1.3,2RN2_A_A52L
2RN2,A,A,M,52,-0.5,2RN2_A_A52M
2RN2,A,A,N,52,1.8,2RN2_A_A52N
2RN2,A,A,Q,52,1.2,2RN2_A_A52Q
2RN2,A,A,S,52,1.8,2RN2_A_A52S
2RN2,A,A,T,52,0.8,2RN2_A_A52T
2RN2,A,A,V,52,-1.7,2RN2_A_A52V
2RN2,A,A,Y,52,2.3,2RN2_A_A52Y
2RN2,A,I,D,53,4.1,2RN2_A_I53D
2RN2,A,I,F,53,3.9,2RN2_A_I53F
2RN2,A,I,L,53,1.4,2RN2_A_I53L
2RN2,A,I,V,53,0.2,2RN2_A_I53V
2RN2,A,H,A,62,-0.58,2RN2_A_H62A
2RN2,A,H,D,62,-0.67,2RN2_A_H62D
2RN2,A,H,R,62,-0.36,2RN2_A_H62R
2RN2,A,S,A,68,0.5,2RN2_A_S68A
2RN2,A,S,G,68,2.4,2RN2_A_S68G
2RN2,A,S,L,68,1,2RN2_A_S68L
2RN2,A,S,T,68,0.2,2RN2_A_S68T
2RN2,A,S,V,68,-1.29,2RN2_A_S68V
2RN2,A,D,A,70,-1.1,2RN2_A_D70A
2RN2,A,D,E,70,-0.5,2RN2_A_D70E
2RN2,A,D,N,70,-1.6,2RN2_A_D70N
2RN2,A,V,A,74,3.4,2RN2_A_V74A
2RN2,A,V,I,74,-0.7,2RN2_A_V74I
2RN2,A,V,L,74,-1.1,2RN2_A_V74L
2RN2,A,Q,L,76,-0.24,2RN2_A_Q76L
2RN2,A,G,A,77,0.9,2RN2_A_G77A
2RN2,A,Q,L,80,-0.3,2RN2_A_Q80L
2RN2,A,H,A,83,-0.22,2RN2_A_H83A
2RN2,A,K,R,91,-0.2,2RN2_A_K91R
2RN2,A,D,E,94,0.4,2RN2_A_D94E
2RN2,A,K,A,95,-0.1,2RN2_A_K95A
2RN2,A,K,G,95,-1.9,2RN2_A_K95G
2RN2,A,K,N,95,-0.9,2RN2_A_K95N
2RN2,A,H,A,114,2.63,2RN2_A_H114A
2RN2,A,K,R,117,0.06,2RN2_A_K117R
2RN2,A,E,V,119,-0.74,2RN2_A_E119V
2RN2,A,H,A,124,-0.48,2RN2_A_H124A
2RN2,A,A,T,125,0.1,2RN2_A_A125T
2RN2,A,H,A,127,0.58,2RN2_A_H127A
2RN2,A,D,A,134,-2,2RN2_A_D134A
2RN2,A,D,E,134,-0.86,2RN2_A_D134E
2RN2,A,D,H,134,-3,2RN2_A_D134H
2RN2,A,D,I,134,-1.4,2RN2_A_D134I
2RN2,A,D,L,134,-1.51,2RN2_A_D134L
2RN2,A,D,N,134,-1.8,2RN2_A_D134N
2RN2,A,D,Q,134,-1.32,2RN2_A_D134Q
2RN2,A,D,S,134,-1.08,2RN2_A_D134S
2RN2,A,D,T,134,-1.08,2RN2_A_D134T
2RN2,A,D,V,134,-1.2,2RN2_A_D134V
2RN2,A,E,K,135,1.1,2RN2_A_E135K
2TRT,A,R,E,128,0.62,2TRT_A_R128E
2TRX,A,D,A,26,-4.6,2TRX_A_D26A
2TRX,A,D,I,26,-3.37,2TRX_A_D26I
2TRX,A,C,A,32,3.7,2TRX_A_C32A
2TRX,A,C,A,35,3.1,2TRX_A_C35A
2TRX,A,T,L,66,1.4,2TRX_A_T66L
2TRX,A,T,V,77,1.1,2TRX_A_T77V
2TRX,A,L,K,78,3.9,2TRX_A_L78K
2TRX,A,L,R,78,4,2TRX_A_L78R
2TS1,A,I,L,52,2.44,2TS1_A_I52L
2TS1,A,L,V,105,6.3,2TS1_A_L105V
3ECA,A,T,A,12,0,3ECA_A_T12A
3ECA,A,T,S,12,0.24,3ECA_A_T12S
3ECA,A,T,A,119,0,3ECA_A_T119A
3ECA,A,S,A,122,-0.96,3ECA_A_S122A
3GLY,A,G,A,137,0.31,3GLY_A_G137A
3GLY,A,G,A,139,1.4,3GLY_A_G139A
3GLY,A,G,A,251,0.14,3GLY_A_G251A
3GLY,A,G,A,383,-0.11,3GLY_A_G383A
3HHR,A,S,A,71,1.12,3HHR_A_S71A
3HHR,A,S,Q,71,1.37,3HHR_A_S71Q
3HHR,A,S,T,71,0.2,3HHR_A_S71T
3HHR,A,S,V,71,1.26,3HHR_A_S71V
3HHR,A,E,A,74,0.95,3HHR_A_E74A
3HHR,A,E,D,74,1.27,3HHR_A_E74D
3HHR,A,E,L,74,1.02,3HHR_A_E74L
3HHR,A,E,Q,74,0.71,3HHR_A_E74Q
3HHR,A,E,S,74,1.01,3HHR_A_E74S
3HHR,A,E,T,74,1.14,3HHR_A_E74T
3MBP,A,V,G,8,1.1,3MBP_A_V8G
3MBP,A,W,A,10,4.31,3MBP_A_W10A
3MBP,A,G,C,19,2.3,3MBP_A_G19C
3MBP,A,D,N,55,-0.69,3MBP_A_D55N
3MBP,A,A,G,276,1.89,3MBP_A_A276G
3MBP,A,Y,D,283,3.2,3MBP_A_Y283D
3MBP,A,T,I,345,-0.7,3MBP_A_T345I
3PGK,A,Y,W,48,3.62,3PGK_A_Y48W
3PGK,A,Y,W,122,4.21,3PGK_A_Y122W
3PGK,A,F,W,194,3.72,3PGK_A_F194W
3PGK,A,W,F,308,3.67,3PGK_A_W308F
3PGK,A,W,Y,308,3.6,3PGK_A_W308Y
3PGK,A,W,F,333,3.98,3PGK_A_W333F
3PGK,A,W,Y,333,1.4,3PGK_A_W333Y
3PGK,A,H,Q,388,0.84,3PGK_A_H388Q
3PGK,A,L,W,399,5.99,3PGK_A_L399W
3SIL,A,A,L,53,-0.9,3SIL_A_A53L
3SIL,A,A,V,69,-0.45,3SIL_A_A69V
3SSI,A,V,A,13,6.93,3SSI_A_V13A
3SSI,A,V,F,13,5.69,3SSI_A_V13F
3SSI,A,V,G,13,10.3,3SSI_A_V13G
3SSI,A,V,I,13,0.94,3SSI_A_V13I
3SSI,A,V,L,13,2.52,3SSI_A_V13L
3SSI,A,V,M,13,5.92,3SSI_A_V13M
3SSI,A,M,A,73,-0.55,3SSI_A_M73A
3SSI,A,M,D,73,-1.6,3SSI_A_M73D
3SSI,A,M,E,73,-1.05,3SSI_A_M73E
3SSI,A,M,G,73,0.49,3SSI_A_M73G
3SSI,A,M,I,73,1.28,3SSI_A_M73I
3SSI,A,M,K,73,-1.27,3SSI_A_M73K
3SSI,A,M,L,73,0.55,3SSI_A_M73L
3SSI,A,M,V,73,0.95,3SSI_A_M73V
3SSI,A,M,A,103,2.8,3SSI_A_M103A
3SSI,A,M,G,103,7.1,3SSI_A_M103G
3SSI,A,M,I,103,2.29,3SSI_A_M103I
3SSI,A,M,L,103,-0.77,3SSI_A_M103L
3SSI,A,M,V,103,2.22,3SSI_A_M103V
4LYZ,A,F,Y,3,0.45,4LYZ_A_F3Y
4LYZ,A,M,F,12,-0.28,4LYZ_A_M12F
4LYZ,A,M,L,12,0.57,4LYZ_A_M12L
4LYZ,A,H,L,15,-0.76,4LYZ_A_H15L
4LYZ,A,N,K,19,1.06,4LYZ_A_N19K
4LYZ,A,R,Q,21,0.15,4LYZ_A_R21Q
4LYZ,A,A,I,31,-1.4,4LYZ_A_A31I
4LYZ,A,A,L,31,-1.8,4LYZ_A_A31L
4LYZ,A,A,V,31,-1.2,4LYZ_A_A31V
4LYZ,A,F,Y,34,-0.19,4LYZ_A_F34Y
4LYZ,A,E,A,35,-1.77,4LYZ_A_E35A
4LYZ,A,E,H,35,3.43,4LYZ_A_E35H
4LYZ,A,E,Q,35,0.64,4LYZ_A_E35Q
4LYZ,A,T,I,40,2.2,4LYZ_A_T40I
4LYZ,A,T,S,40,0.27,4LYZ_A_T40S
4LYZ,A,N,D,46,0.84,4LYZ_A_N46D
4LYZ,A,G,A,49,-1.92,4LYZ_A_G49A
4LYZ,A,G,N,49,0.96,4LYZ_A_G49N
4LYZ,A,I,A,55,4.4,4LYZ_A_I55A
4LYZ,A,I,F,55,2.46,4LYZ_A_I55F
4LYZ,A,I,L,55,0.45,4LYZ_A_I55L
4LYZ,A,I,M,55,2.27,4LYZ_A_I55M
4LYZ,A,I,T,55,4.96,4LYZ_A_I55T
4LYZ,A,I,V,55,0.91,4LYZ_A_I55V
4LYZ,A,I,M,58,1.18,4LYZ_A_I58M
4LYZ,A,G,A,67,-1.92,4LYZ_A_G67A
4LYZ,A,R,K,68,0.04,4LYZ_A_R68K
4LYZ,A,G,A,71,0.38,4LYZ_A_G71A
4LYZ,A,R,K,73,-0.23,4LYZ_A_R73K
4LYZ,A,N,H,77,0.38,4LYZ_A_N77H
4LYZ,A,I,M,78,0.9,4LYZ_A_I78M
4LYZ,A,S,A,91,0.15,4LYZ_A_S91A
4LYZ,A,S,D,91,2.31,4LYZ_A_S91D
4LYZ,A,S,T,91,-0.99,4LYZ_A_S91T
4LYZ,A,S,V,91,0.08,4LYZ_A_S91V
4LYZ,A,S,Y,91,3.07,4LYZ_A_S91Y
4LYZ,A,C,A,94,4.78,4LYZ_A_C94A
4LYZ,A,I,M,98,0.9,4LYZ_A_I98M
4LYZ,A,D,A,101,-0.76,4LYZ_A_D101A
4LYZ,A,D,E,101,0,4LYZ_A_D101E
4LYZ,A,D,F,101,-0.72,4LYZ_A_D101F
4LYZ,A,D,G,101,-0.45,4LYZ_A_D101G
4LYZ,A,D,K,101,-0.19,4LYZ_A_D101K
4LYZ,A,D,N,101,-0.04,4LYZ_A_D101N
4LYZ,A,D,Q,101,0.08,4LYZ_A_D101Q
4LYZ,A,D,R,101,-0.27,4LYZ_A_D101R
4LYZ,A,D,S,101,-0.87,4LYZ_A_D101S
4LYZ,A,G,A,102,-0.02,4LYZ_A_G102A
4LYZ,A,G,R,102,-0.38,4LYZ_A_G102R
4LYZ,A,G,V,102,0.04,4LYZ_A_G102V
4LYZ,A,N,D,103,-0.24,4LYZ_A_N103D
4LYZ,A,M,T,105,0.24,4LYZ_A_M105T
4LYZ,A,W,Q,108,4,4LYZ_A_W108Q
4LYZ,A,W,Y,108,1.92,4LYZ_A_W108Y
4LYZ,A,R,H,114,-0.68,4LYZ_A_R114H
4LYZ,A,G,A,117,1.46,4LYZ_A_G117A
4LYZ,A,Q,H,121,0.45,4LYZ_A_Q121H
5CRO,A,Q,L,16,-2.8,5CRO_A_Q16L
5CRO,A,Y,C,26,-2.2,5CRO_A_Y26C
5CRO,A,Y,D,26,-2.7,5CRO_A_Y26D
5CRO,A,Y,F,26,-0.4,5CRO_A_Y26F
5CRO,A,Y,H,26,-1.9,5CRO_A_Y26H
5CRO,A,Y,L,26,-1.1,5CRO_A_Y26L
5CRO,A,Y,Q,26,-1.4,5CRO_A_Y26Q
5CRO,A,Y,V,26,-0.9,5CRO_A_Y26V
5CRO,A,Y,W,26,0.1,5CRO_A_Y26W
5CRO,A,A,S,36,-0.4,5CRO_A_A36S
5DFR,A,I,V,2,0.55,5DFR_A_I2V
5DFR,A,G,A,15,-0.44,5DFR_A_G15A
5DFR,A,W,L,22,0.31,5DFR_A_W22L
5DFR,A,L,V,24,1.29,5DFR_A_L24V
5DFR,A,D,N,27,-1.21,5DFR_A_D27N
5DFR,A,L,R,28,-1.08,5DFR_A_L28R
5DFR,A,W,A,30,2.03,5DFR_A_W30A
5DFR,A,W,E,30,2.42,5DFR_A_W30E
5DFR,A,W,H,30,2.44,5DFR_A_W30H
5DFR,A,W,M,30,1.94,5DFR_A_W30M
5DFR,A,W,N,30,2.07,5DFR_A_W30N
5DFR,A,W,R,30,2.09,5DFR_A_W30R
5DFR,A,W,S,30,2.29,5DFR_A_W30S
5DFR,A,W,Y,30,1.79,5DFR_A_W30Y
5DFR,A,F,A,31,1.72,5DFR_A_F31A
5DFR,A,F,V,31,1.46,5DFR_A_F31V
5DFR,A,T,A,35,1.1,5DFR_A_T35A
5DFR,A,V,A,40,1.59,5DFR_A_V40A
5DFR,A,V,F,40,1.99,5DFR_A_V40F
5DFR,A,V,H,40,2.76,5DFR_A_V40H
5DFR,A,V,I,40,0.5,5DFR_A_V40I
5DFR,A,V,L,40,0.78,5DFR_A_V40L
5DFR,A,V,M,40,1.27,5DFR_A_V40M
5DFR,A,V,N,40,1.82,5DFR_A_V40N
5DFR,A,V,R,40,1.38,5DFR_A_V40R
5DFR,A,V,S,40,2.04,5DFR_A_V40S
5DFR,A,G,A,43,0.48,5DFR_A_G43A
5DFR,A,R,A,44,0.94,5DFR_A_R44A
5DFR,A,R,L,44,-0.78,5DFR_A_R44L
5DFR,A,L,V,54,0.32,5DFR_A_L54V
5DFR,A,N,C,59,-0.24,5DFR_A_N59C
5DFR,A,N,E,59,1.36,5DFR_A_N59E
5DFR,A,N,G,59,2.01,5DFR_A_N59G
5DFR,A,N,H,59,0.81,5DFR_A_N59H
5DFR,A,N,I,59,-0.13,5DFR_A_N59I
5DFR,A,N,K,59,1.55,5DFR_A_N59K
5DFR,A,N,L,59,-0.01,5DFR_A_N59L
5DFR,A,N,M,59,0.14,5DFR_A_N59M
5DFR,A,N,Q,59,0.35,5DFR_A_N59Q
5DFR,A,N,S,59,1.26,5DFR_A_N59S
5DFR,A,N,T,59,0.05,5DFR_A_N59T
5DFR,A,N,V,59,-0.36,5DFR_A_N59V
5DFR,A,N,W,59,0.79,5DFR_A_N59W
5DFR,A,I,L,61,0.36,5DFR_A_I61L
5DFR,A,I,V,61,0.83,5DFR_A_I61V
5DFR,A,G,A,67,0.05,5DFR_A_G67A
5DFR,A,G,C,67,0.51,5DFR_A_G67C
5DFR,A,G,D,67,0.58,5DFR_A_G67D
5DFR,A,G,L,67,0.51,5DFR_A_G67L
5DFR,A,G,S,67,0.27,5DFR_A_G67S
5DFR,A,G,T,67,0.62,5DFR_A_G67T
5DFR,A,G,V,67,0.7,5DFR_A_G67V
5DFR,A,W,F,74,1.2,5DFR_A_W74F
5DFR,A,V,A,75,0.05,5DFR_A_V75A
5DFR,A,V,C,75,0.05,5DFR_A_V75C
5DFR,A,V,H,75,1.72,5DFR_A_V75H
5DFR,A,V,I,75,1.65,5DFR_A_V75I
5DFR,A,V,R,75,2,5DFR_A_V75R
5DFR,A,V,S,75,0.8,5DFR_A_V75S
5DFR,A,V,Y,75,1.8,5DFR_A_V75Y
5DFR,A,C,S,85,0.97,5DFR_A_C85S
5DFR,A,V,A,88,-0.29,5DFR_A_V88A
5DFR,A,V,I,88,0.49,5DFR_A_V88I
5DFR,A,I,L,91,1.5,5DFR_A_I91L
5DFR,A,I,V,91,1.34,5DFR_A_I91V
5DFR,A,I,L,94,0.63,5DFR_A_I94L
5DFR,A,I,V,94,0.67,5DFR_A_I94V
5DFR,A,G,A,95,0.9,5DFR_A_G95A
5DFR,A,L,I,112,0.25,5DFR_A_L112I
5DFR,A,L,V,112,1.39,5DFR_A_L112V
5DFR,A,T,V,113,0.91,5DFR_A_T113V
5DFR,A,G,A,121,0.01,5DFR_A_G121A
5DFR,A,G,C,121,0.22,5DFR_A_G121C
5DFR,A,G,D,121,0.34,5DFR_A_G121D
5DFR,A,G,H,121,0.56,5DFR_A_G121H
5DFR,A,G,L,121,0.58,5DFR_A_G121L
5DFR,A,G,S,121,0.08,5DFR_A_G121S
5DFR,A,G,V,121,0.99,5DFR_A_G121V
5DFR,A,G,Y,121,0.51,5DFR_A_G121Y
5DFR,A,D,A,122,1,5DFR_A_D122A
5DFR,A,E,K,139,1.59,5DFR_A_E139K
5DFR,A,E,Q,139,0.89,5DFR_A_E139Q
5DFR,A,S,A,148,0.42,5DFR_A_S148A
5DFR,A,S,E,148,0.61,5DFR_A_S148E
5DFR,A,S,K,148,0.38,5DFR_A_S148K
5DFR,A,S,N,148,0.88,5DFR_A_S148N
5DFR,A,S,R,148,0.66,5DFR_A_S148R
5DFR,A,S,T,148,0.41,5DFR_A_S148T
5DFR,A,S,V,148,0.35,5DFR_A_S148V
5DFR,A,C,E,152,0.97,5DFR_A_C152E
5DFR,A,I,A,155,2.99,5DFR_A_I155A
5DFR,A,I,D,155,3.19,5DFR_A_I155D
5DFR,A,I,E,155,2.62,5DFR_A_I155E
5DFR,A,I,K,155,2.69,5DFR_A_I155K
5DFR,A,I,L,155,1.63,5DFR_A_I155L
5DFR,A,I,Q,155,3.01,5DFR_A_I155Q
5DFR,A,I,R,155,2.65,5DFR_A_I155R
5DFR,A,I,S,155,3.09,5DFR_A_I155S
5DFR,A,I,T,155,2.53,5DFR_A_I155T
5DFR,A,I,V,155,0.03,5DFR_A_I155V
5DFR,A,I,W,155,3.21,5DFR_A_I155W
5DFR,A,I,Y,155,2.85,5DFR_A_I155Y
5PTI,A,F,L,4,2.2,5PTI_A_F4L
5PTI,A,Y,L,10,2.9,5PTI_A_Y10L
5PTI,A,G,D,12,4.3,5PTI_A_G12D
5PTI,A,G,V,12,4.1,5PTI_A_G12V
5PTI,A,A,T,16,1.7,5PTI_A_A16T
5PTI,A,A,V,16,1.3,5PTI_A_A16V
5PTI,A,Y,A,21,3.9,5PTI_A_Y21A
5PTI,A,Y,L,21,3.4,5PTI_A_Y21L
5PTI,A,F,A,22,1.11,5PTI_A_F22A
5PTI,A,F,I,33,2.4,5PTI_A_F33I
5PTI,A,F,L,33,2.7,5PTI_A_F33L
5PTI,A,Y,A,35,4.7,5PTI_A_Y35A
5PTI,A,Y,D,35,3.8,5PTI_A_Y35D
5PTI,A,Y,F,35,0.6,5PTI_A_Y35F
5PTI,A,Y,G,35,5,5PTI_A_Y35G
5PTI,A,Y,N,35,3.7,5PTI_A_Y35N
5PTI,A,G,D,36,2.8,5PTI_A_G36D
5PTI,A,G,S,36,0.7,5PTI_A_G36S
5PTI,A,G,A,37,3.01,5PTI_A_G37A
5PTI,A,G,D,37,1.7,5PTI_A_G37D
5PTI,A,N,G,44,4.7,5PTI_A_N44G
1OTR,B,E,A,34,-0.1,1OTR_B_E34A
1THQ,A,M,A,157,0.77,1THQ_A_M157A
1RTB,A,Y,A,97,12,1RTB_A_Y97A
1DIV,A,L,I,6,0.13,1DIV_A_L6I
1A23,A,C,S,33,1.1,1A23_A_C33S
1DIV,A,D,N,8,0.3,1DIV_A_D8N
1TTG,A,P,A,82,0.42,1TTG_A_P82A
1ARR,A,S,A,32,3.8,1ARR_A_S32A
2BRD,A,L,A,61,-0.7,2BRD_A_L61A
1RX4,A,S,R,148,0.75,1RX4_A_S148R
1RX4,A,W,A,30,2.33,1RX4_A_W30A
5AZU,A,V,T,31,2.57,5AZU_A_V31T
451C,A,F,A,7,-1.1,451C_A_F7A
1RX4,A,V,H,75,2.22,1RX4_A_V75H
1LS4,A,T,A,144,1.32,1LS4_A_T144A
1ARR,A,E,A,27,-0.4,1ARR_A_E27A
2ZTA,A,E,Q,22,1.83,2ZTA_A_E22Q
1FLV,A,G,A,87,0.13,1FLV_A_G87A
2Q98,A,H,A,173,0.35,2Q98_A_H173A
1TTG,A,P,A,25,0.48,1TTG_A_P25A
1PIN,A,K,A,6,-0.15,1PIN_A_K6A
1YCC,A,P,S,76,1.89,1YCC_A_P76S
1THQ,A,Q,A,160,-0.18,1THQ_A_Q160A
1WQ5,A,P,A,28,4.12,1WQ5_A_P28A
2CI2,I,P,A,25,1.57,2CI2_I_P25A
1FEP,A,E,C,250,-9.79,1FEP_A_E250C
5AZU,A,L,A,50,1.79,5AZU_A_L50A
1CYO,A,F,Y,35,-1.03,1CYO_A_F35Y
1BTA,A,L,V,51,-0.6,1BTA_A_L51V
2WSY,A,Y,Q,175,4,2WSY_A_Y175Q
1RTB,A,P,G,114,3.6,1RTB_A_P114G
1CSP,A,E,K,12,0.72,1CSP_A_E12K
1TTG,A,I,V,88,0.35,1TTG_A_I88V
1PIN,A,R,A,14,1.63,1PIN_A_R14A
2BRD,A,K,A,41,1.6,2BRD_A_K41A
1OTR,B,L,S,67,3.3,1OTR_B_L67S
1ARR,A,V,A,18,0.79,1ARR_A_V18A
1AYF,A,D,E,76,-0.45,1AYF_A_D76E
451C,A,W,F,77,1.2,451C_A_W77F
1PIN,A,H,A,27,0.12,1PIN_A_H27A
1CSP,A,K,E,65,1.91,1CSP_A_K65E
1IR3,A,W,F,1175,-0.6,1IR3_A_W1175F
2Q98,A,H,A,195,-0.12,2Q98_A_H195A
1TTG,A,Y,F,32,0.41,1TTG_A_Y32F
1RX4,A,G,L,121,0.63,1RX4_A_G121L
1HNG,A,Y,F,76,-1.49,1HNG_A_Y76F
1YCC,A,C,A,102,-2.9,1YCC_A_C102A
1ARR,A,P,A,15,1.9,1ARR_A_P15A
2ADA,A,W,F,117,-6.52,2ADA_A_W117F
1CLW,A,R,K,285,10.3,1CLW_A_R285K
1AYF,A,C,S,95,-0.96,1AYF_A_C95S
1RX4,A,V,L,40,1.35,1RX4_A_V40L
1SHG,A,K,F,18,-2.33,1SHG_A_K18F
1RX4,A,W,S,30,2.74,1RX4_A_W30S
2AFG,A,F,W,85,0.1,2AFG_A_F85W
1PIN,A,S,G,19,-0.01,1PIN_A_S19G
1BTA,A,L,V,16,-1.1,1BTA_A_L16V
1OTR,B,Q,V,41,0.1,1OTR_B_Q41V
2AFG,A,G,A,62,1.43,2AFG_A_G62A
1PIN,A,P,A,9,0.19,1PIN_A_P9A
1PIN,A,Y,F,24,0.66,1PIN_A_Y24F
1RX4,A,I,S,155,3.93,1RX4_A_I155S
1ARR,A,M,A,4,-0.2,1ARR_A_M4A
1BP2,A,H,N,48,3,1BP2_A_H48N
1RX4,A,W,M,30,2.03,1RX4_A_W30M
1PIN,A,Y,W,24,0.56,1PIN_A_Y24W
1QQV,A,H,Y,41,-1.5,1QQV_A_H41Y
1ARR,A,G,A,49,2,1ARR_A_G49A
1UZC,A,P,G,47,0.9,1UZC_A_P47G
2BRD,A,I,A,45,1.9,2BRD_A_I45A
1CYO,A,V,Y,45,1.58,1CYO_A_V45Y
1LVE,A,L,P,15,1.5,1LVE_A_L15P
1RX4,A,S,N,148,0.9,1RX4_A_S148N
2IFB,A,A,C,104,-2.54,2IFB_A_A104C
1YCC,A,L,A,85,2.9,1YCC_A_L85A
1DIV,A,I,A,4,2.22,1DIV_A_I4A
1C2R,A,Y,C,75,3.05,1C2R_A_Y75C
1TTG,A,Y,A,32,4.17,1TTG_A_Y32A
1B0O,A,W,Y,19,6.91,1B0O_A_W19Y
1TTG,A,S,A,85,-0.11,1TTG_A_S85A
1LVE,A,Q,N,89,1.6,1LVE_A_Q89N
1QJP,A,W,A,7,3.6,1QJP_A_W7A
1TEN,A,F,A,889,5.43,1TEN_A_F889A
2HMB,A,R,T,106,3.54,2HMB_A_R106T
1PGA,A,T,T,53,-1.36,1PGA_A_T53T
1OTR,B,Q,L,41,0.3,1OTR_B_Q41L
1CSP,A,D,K,25,1.46,1CSP_A_D25K
1APS,A,E,D,29,3.5,1APS_A_E29D
1DIV,A,L,A,6,3.1,1DIV_A_L6A
1PIN,A,A,G,31,1.49,1PIN_A_A31G
1PIN,A,F,Y,25,-0.22,1PIN_A_F25Y
2AFG,A,C,I,117,-0.36,2AFG_A_C117I
2Q98,A,H,A,30,-3.1,2Q98_A_H30A
1SCE,A,V,G,89,-0.81,1SCE_A_V89G
1WQ5,A,P,A,132,1.05,1WQ5_A_P132A
1RX4,A,I,K,155,3.35,1RX4_A_I155K
1PGA,A,T,A,49,0.86,1PGA_A_T49A
1PIN,A,W,F,34,0.1,1PIN_A_W34F
1OTR,B,E,I,34,-1.65,1OTR_B_E34I
1YCC,A,K,W,73,1.6,1YCC_A_K73W
1YCC,A,N,A,52,-2.97,1YCC_A_N52A
1RX4,A,I,E,155,3.26,1RX4_A_I155E
1PGA,A,T,P,25,2.8,1PGA_A_T25P
1AAR,A,H,Q,68,-0.55,1AAR_A_H68Q
1W4H,A,A,G,148,-0.52,1W4H_A_A148G
1PGA,A,V,A,54,2.93,1PGA_A_V54A
2AFG,A,F,Y,108,-3.8,2AFG_A_F108Y
1ARR,A,I,A,51,1.9,1ARR_A_I51A
1A23,A,H,Y,32,6.8,1A23_A_H32Y
1RX4,A,I,T,155,3.3,1RX4_A_I155T
1PIN,A,W,A,34,0.4,1PIN_A_W34A
1AKK,A,L,V,94,1.2,1AKK_A_L94V
2IFB,A,S,C,53,-1.5,2IFB_A_S53C
2HMB,A,R,K,126,4.67,2HMB_A_R126K
5AZU,A,A,G,82,3.11,5AZU_A_A82G
1YCC,A,H,Y,33,0.3,1YCC_A_H33Y
1RX4,A,N,T,59,0.32,1RX4_A_N59T
1PIN,A,S,G,16,0.92,1PIN_A_S16G
1OTR,B,Q,S,41,1.3,1OTR_B_Q41S
1RX4,A,F,A,31,1.9,1RX4_A_F31A
1CYO,A,V,T,45,0.96,1CYO_A_V45T
1UBQ,A,K,A,27,3.15,1UBQ_A_K27A
1ARR,A,G,A,52,-0.2,1ARR_A_G52A
1PIN,A,M,A,15,0.59,1PIN_A_M15A
1C2R,A,K,E,32,-0.3,1C2R_A_K32E
1AAR,A,K,N,29,1.48,1AAR_A_K29N
1C5G,A,E,P,350,-0.3,1C5G_A_E350P
4BLM,A,S,C,126,-2.7,4BLM_A_S126C
1CAH,A,E,A,117,-5.5,1CAH_A_E117A
1CYO,A,V,E,61,1.1,1CYO_A_V61E
1YCC,A,N,S,52,1.29,1YCC_A_N52S
1FTG,A,V,I,18,-0.27,1FTG_A_V18I
1ARR,A,S,A,35,-0.2,1ARR_A_S35A
1OTR,B,E,Q,34,1.5,1OTR_B_E34Q
1DIV,A,M,G,1,2.36,1DIV_A_M1G
1OTR,B,V,A,17,1.63,1OTR_B_V17A
1UWO,A,L,A,3,1.2,1UWO_A_L3A
1YCC,A,K,A,73,0.45,1YCC_A_K73A
2BRD,A,K,A,40,0.3,2BRD_A_K40A
1RX4,A,R,L,44,-1.5,1RX4_A_R44L
1UBQ,A,I,V,61,1.4,1UBQ_A_I61V
1ARR,A,R,A,13,0.6,1ARR_A_R13A
1TIT,A,Y,F,9,0.4,1TIT_A_Y9F
1ARR,A,K,A,2,-0.1,1ARR_A_K2A
1CSP,A,K,Q,65,0.96,1CSP_A_K65Q
1A23,A,H,L,32,5.3,1A23_A_H32L
1THQ,A,S,A,130,1.27,1THQ_A_S130A
1THQ,A,T,A,108,0.4,1THQ_A_T108A
1YCC,A,P,W,76,2.38,1YCC_A_P76W
2BRD,A,L,A,58,-0.3,2BRD_A_L58A
1SCE,A,P,G,92,-0.07,1SCE_A_P92G
1PGA,A,D,A,47,-0.49,1PGA_A_D47A
1B5M,A,D,R,60,-0.33,1B5M_A_D60R
1IO2,A,I,A,6,2.92,1IO2_A_I6A
1A23,A,H,S,32,5.2,1A23_A_H32S
1RTP,1,H,P,26,-1.25,1RTP_1_H26P
1APS,A,P,A,54,0.5,1APS_A_P54A
1CSP,A,K,Q,39,0.14,1CSP_A_K39Q
1SHG,A,Y,F,13,2.53,1SHG_A_Y13F
2ZTA,A,K,A,8,0.39,2ZTA_A_K8A
1SCE,A,P,A,90,-1.19,1SCE_A_P90A
1RX4,A,N,Q,59,0.92,1RX4_A_N59Q
2BRD,A,F,A,42,1.6,2BRD_A_F42A
1CSP,A,K,Q,13,0.24,1CSP_A_K13Q
1YCC,A,K,G,73,0.74,1YCC_A_K73G
1TEN,A,P,A,806,2.74,1TEN_A_P806A
1DIV,A,V,A,3,2.55,1DIV_A_V3A
2ZTA,A,E,Q,20,-0.2,2ZTA_A_E20Q
1ARR,A,E,A,43,0.3,1ARR_A_E43A
2WSY,A,L,V,209,3.4,2WSY_A_L209V
1CLW,A,R,S,382,17.4,1CLW_A_R382S
1W4H,A,I,A,135,1.63,1W4H_A_I135A
2BRD,A,I,A,52,1.4,2BRD_A_I52A
1PIN,A,L,V,7,1.26,1PIN_A_L7V
1TTG,A,A,G,57,2.81,1TTG_A_A57G
1CLW,A,T,I,235,1.6,1CLW_A_T235I
1DIV,A,M,A,1,1.46,1DIV_A_M1A
1ROP,A,D,P,30,1.6,1ROP_A_D30P
1PGA,A,K,P,10,0.2,1PGA_A_K10P
1THQ,A,Y,A,153,0.55,1THQ_A_Y153A
1UBQ,A,V,I,26,-1.1,1UBQ_A_V26I
5AZU,A,V,A,5,0.96,5AZU_A_V5A
1CSP,A,N,K,10,1.53,1CSP_A_N10K
1RX4,A,W,R,30,2.49,1RX4_A_W30R
2ADA,A,W,F,272,-8.11,2ADA_A_W272F
1CSP,A,E,K,53,0.29,1CSP_A_E53K
2AFG,A,C,S,83,2.08,2AFG_A_C83S
1OTR,B,V,N,17,4.9,1OTR_B_V17N
1RX4,A,I,D,155,4.1,1RX4_A_I155D
1CLW,A,E,V,309,2.3,1CLW_A_E309V
1FTG,A,Q,G,111,0.3,1FTG_A_Q111G
1PIN,A,G,A,10,0.85,1PIN_A_G10A
1IMQ,A,T,G,27,1.43,1IMQ_A_T27G
2AFG,A,L,F,44,-0.87,2AFG_A_L44F
1DIV,A,V,L,3,2.21,1DIV_A_V3L
2AFG,A,H,N,93,-0.29,2AFG_A_H93N
1THQ,A,W,A,51,0.45,1THQ_A_W51A
2HMB,A,T,E,40,3.28,2HMB_A_T40E
1DIV,A,H,Q,134,2.13,1DIV_A_H134Q
5AZU,A,V,T,22,2.63,5AZU_A_V22T
1TTG,A,A,G,13,0.93,1TTG_A_A13G
1OTR,B,E,V,34,-0.9,1OTR_B_E34V
3MBP,A,P,S,159,-4.7,3MBP_A_P159S
1OTR,B,E,F,34,-0.72,1OTR_B_E34F
1IDS,A,G,A,152,4.3,1IDS_A_G152A
1RX4,A,V,I,75,2,1RX4_A_V75I
1RX4,A,V,R,75,2.8,1RX4_A_V75R
3MBP,A,L,A,361,2,3MBP_A_L361A
3MBP,A,P,A,48,-0.5,3MBP_A_P48A
2BRD,A,L,A,48,0.1,2BRD_A_L48A
1ZNJ,A,T,R,8,-1.25,1ZNJ_A_T8R
1QJP,A,Y,A,43,3.8,1QJP_A_Y43A
1RX4,A,G,A,67,-0.52,1RX4_A_G67A
1PIN,A,V,A,22,0.26,1PIN_A_V22A
1ARR,A,K,A,6,-0.4,1ARR_A_K6A
2AFG,A,G,N,62,0.79,2AFG_A_G62N
2BRD,A,M,A,56,-1.4,2BRD_A_M56A
1AAR,A,R,E,42,-1.63,1AAR_A_R42E
1RX4,A,G,T,67,0.6,1RX4_A_G67T
2WSY,A,F,L,22,2.2,2WSY_A_F22L
1ARR,A,D,A,20,0.8,1ARR_A_D20A
1RX4,A,I,L,155,2.8,1RX4_A_I155L
1FXA,A,R,H,42,1.4,1FXA_A_R42H
1TEN,A,P,A,865,0.93,1TEN_A_P865A
1CSP,A,E,K,42,-0.19,1CSP_A_E42K
2AFG,A,V,W,31,-0.96,2AFG_A_V31W
1PIN,A,L,A,7,1.72,1PIN_A_L7A
2ADA,A,W,F,264,-8.64,2ADA_A_W264F
1RX4,A,V,S,75,1.9,1RX4_A_V75S
1ARR,A,R,A,40,4.6,1ARR_A_R40A
1RX4,A,E,Q,139,1.4,1RX4_A_E139Q
1DIV,A,V,I,3,0.31,1DIV_A_V3I
1PIN,A,L,I,7,0.85,1PIN_A_L7I
1BP2,A,F,Y,106,-0.6,1BP2_A_F106Y
1YCC,A,N,T,52,-1.9,1YCC_A_N52T
1RX4,A,W,F,74,1.2,1RX4_A_W74F
1APS,A,P,A,71,1.6,1APS_A_P71A
1FLV,A,V,L,18,-0.6,1FLV_A_V18L
2ZTA,A,E,Q,11,0.74,2ZTA_A_E11Q
1C5G,A,E,R,350,0.3,1C5G_A_E350R
1THQ,A,D,N,24,0.6,1THQ_A_D24N
1RX4,A,I,V,155,0.58,1RX4_A_I155V
1ARR,A,E,A,48,2.4,1ARR_A_E48A
1RX4,A,N,V,59,-0.4,1RX4_A_N59V
1UBQ,A,V,A,26,3.3,1UBQ_A_V26A
1LVE,A,I,L,106,1.2,1LVE_A_I106L
1PGA,A,D,P,36,3.1,1PGA_A_D36P
1C2R,A,K,D,12,1.3,1C2R_A_K12D
1BP2,A,F,I,22,-2.7,1BP2_A_F22I
1TEN,A,P,A,884,0.11,1TEN_A_P884A
1YCC,A,P,R,76,0.97,1YCC_A_P76R
2IFB,A,L,C,89,1.69,2IFB_A_L89C
1LVE,A,Y,P,96,1.6,1LVE_A_Y96P
1PIN,A,S,G,32,0.81,1PIN_A_S32G
2CRK,A,D,N,122,1.2,2CRK_A_D122N
1PGA,A,T,G,53,1.21,1PGA_A_T53G
1TTG,A,I,A,70,3.72,1TTG_A_I70A
2CI2,I,P,A,80,3.42,2CI2_I_P80A
1ARR,A,V,A,33,2.1,1ARR_A_V33A
1FEP,A,Q,C,256,-2.28,1FEP_A_Q256C
1TTG,A,I,V,90,0.28,1TTG_A_I90V
2HMB,A,R,Q,126,0.62,2HMB_A_R126Q
451C,A,E,Y,43,-1.13,451C_A_E43Y
1TTG,A,Y,A,92,1.19,1TTG_A_Y92A
1PIN,A,S,A,19,0.14,1PIN_A_S19A
1PGA,A,T,K,53,-0.35,1PGA_A_T53K
1TTG,A,Y,F,68,2.03,1TTG_A_Y68F
1W4H,A,A,G,146,0.58,1W4H_A_A146G
1RTB,A,P,G,93,2.6,1RTB_A_P93G
1OTR,B,V,T,17,1.9,1OTR_B_V17T
1YCC,A,P,I,71,1.7,1YCC_A_P71I
1SCE,A,P,A,44,3.04,1SCE_A_P44A
1CLW,A,G,R,177,2.1,1CLW_A_G177R
1CSP,A,E,Q,42,0.19,1CSP_A_E42Q
2Q98,A,H,A,138,-2.04,2Q98_A_H138A
2HMB,A,F,Y,16,3.44,2HMB_A_F16Y
1QJP,A,F,A,170,2.4,1QJP_A_F170A
1CYO,A,S,L,71,-0.8,1CYO_A_S71L
1RX4,A,S,T,148,0.51,1RX4_A_S148T
1RTB,A,F,A,46,6.36,1RTB_A_F46A
1RX4,A,V,N,40,2.17,1RX4_A_V40N
1AKK,A,L,I,94,-0.2,1AKK_A_L94I
1RX4,A,N,W,59,1.6,1RX4_A_N59W
2IFB,A,L,A,64,2.07,2IFB_A_L64A
1OTR,B,E,H,34,3.92,1OTR_B_E34H
1PIN,A,F,L,25,1.37,1PIN_A_F25L
1RX4,A,G,L,67,0.5,1RX4_A_G67L
1RX4,A,L,V,24,1.9,1RX4_A_L24V
1RX4,A,V,F,40,2.15,1RX4_A_V40F
1RX4,A,N,M,59,0.27,1RX4_A_N59M
1RX4,A,I,Q,155,3.86,1RX4_A_I155Q
1AAR,A,K,E,6,-0.53,1AAR_A_K6E
1OTR,B,E,K,34,2.15,1OTR_B_E34K
1IO2,A,L,A,33,4.55,1IO2_A_L33A
1THQ,A,R,A,94,1.53,1THQ_A_R94A
1CYO,A,V,H,45,1.65,1CYO_A_V45H
1KFW,A,G,P,92,-0.5,1KFW_A_G92P
1QJP,A,W,A,143,3.1,1QJP_A_W143A
1C2R,A,K,E,14,1.3,1C2R_A_K14E
1PIN,A,T,D,29,1.33,1PIN_A_T29D
1LVE,A,N,F,28,3.1,1LVE_A_N28F
1RX4,A,S,V,148,0.33,1RX4_A_S148V
1QJP,A,Y,A,55,2.5,1QJP_A_Y55A
1DIV,A,V,A,21,2.33,1DIV_A_V21A
1AYF,A,Y,W,82,0.21,1AYF_A_Y82W
1PGA,A,T,W,53,-1.04,1PGA_A_T53W
1RRO,A,P,A,21,0.74,1RRO_A_P21A
1AYF,A,H,Q,56,1.67,1AYF_A_H56Q
1ARR,A,V,A,25,0.4,1ARR_A_V25A
1YCC,A,P,L,76,3.44,1YCC_A_P76L
1CSP,A,K,E,13,0.43,1CSP_A_K13E
1TTG,A,I,V,20,0.41,1TTG_A_I20V
1CSP,A,D,N,24,0.79,1CSP_A_D24N
1PGA,A,T,L,53,-0.45,1PGA_A_T53L
1TIT,A,Y,S,9,0.2,1TIT_A_Y9S
1DIV,A,E,Q,48,-0.03,1DIV_A_E48Q
1FEP,A,E,C,248,-6.83,1FEP_A_E248C
2AFG,A,V,L,109,0.57,2AFG_A_V109L
1BP2,A,F,A,106,1.05,1BP2_A_F106A
2WSY,A,A,G,18,4.1,2WSY_A_A18G
1I5T,A,H,F,33,-0.67,1I5T_A_H33F
1RX4,A,I,W,155,4.31,1RX4_A_I155W
1DIV,A,K,M,7,-0.35,1DIV_A_K7M
1RX4,A,V,S,40,2.52,1RX4_A_V40S
1SCE,A,P,A,92,-0.07,1SCE_A_P92A
1IFB,A,F,A,68,-1.38,1IFB_A_F68A
1YCC,A,N,Q,52,0.84,1YCC_A_N52Q
1AAR,A,R,Q,72,0.33,1AAR_A_R72Q
1AV1,A,L,R,141,0.65,1AV1_A_L141R
1C2R,A,P,A,35,2,1C2R_A_P35A
2BRD,A,D,A,38,0.5,2BRD_A_D38A
1OTR,B,E,Y,34,-0.41,1OTR_B_E34Y
1IO2,A,L,A,92,2.87,1IO2_A_L92A
1PGA,A,A,P,48,0.7,1PGA_A_A48P
1W4H,A,A,G,140,1.02,1W4H_A_A140G
2AFG,A,C,S,16,2.89,2AFG_A_C16S
1PIN,A,R,G,21,0.67,1PIN_A_R21G
1RX4,A,G,V,121,1.22,1RX4_A_G121V
3MBP,A,I,A,226,4.95,3MBP_A_I226A
1SCE,A,P,A,29,-0.23,1SCE_A_P29A
1OIA,A,Y,D,78,5.1,1OIA_A_Y78D
2AFG,A,N,G,106,-0.38,2AFG_A_N106G
1PIN,A,S,A,38,-0.05,1PIN_A_S38A
1DIV,A,K,M,12,-2.03,1DIV_A_K12M
1DIV,A,L,V,30,3.62,1DIV_A_L30V
2AKY,A,N,D,169,2.15,2AKY_A_N169D
5AZU,A,F,A,97,2.63,5AZU_A_F97A
1FTG,A,A,V,101,-0.22,1FTG_A_A101V
1RX4,A,L,V,54,-0.4,1RX4_A_L54V
2ABD,A,P,A,44,1.4,2ABD_A_P44A
1TTG,A,L,A,18,0.87,1TTG_A_L18A
1YCC,A,C,T,102,-4.08,1YCC_A_C102T
1FXA,A,E,D,94,1.1,1FXA_A_E94D
1OTR,B,E,G,34,-1.4,1OTR_B_E34G
2AFG,A,L,V,73,1.46,2AFG_A_L73V
1PIN,A,R,A,17,0,1PIN_A_R17A
2AFG,A,C,S,117,0.62,2AFG_A_C117S
1RX4,A,V,I,88,1.73,1RX4_A_V88I
1RX4,A,N,C,59,0.2,1RX4_A_N59C
1RX4,A,W,N,30,2.52,1RX4_A_W30N
1TTG,A,V,A,72,3.33,1TTG_A_V72A
5AZU,A,W,A,48,5.02,5AZU_A_W48A
1FXA,A,F,Y,65,0.5,1FXA_A_F65Y
1OTR,B,V,T,5,3.73,1OTR_B_V5T
1DIV,A,L,A,30,2.76,1DIV_A_L30A
3D2A,A,S,P,163,0.25,3D2A_A_S163P
1RX4,A,I,A,155,4,1RX4_A_I155A
2AKY,A,I,F,213,1.91,2AKY_A_I213F
1ARR,A,E,A,28,0.5,1ARR_A_E28A
3MBP,A,P,A,133,7.8,3MBP_A_P133A
1FTG,A,I,G,21,1.33,1FTG_A_I21G
1PGA,A,V,P,21,-0.5,1PGA_A_V21P
2IFB,A,V,N,60,0.76,2IFB_A_V60N
1UBQ,A,V,L,26,-0.3,1UBQ_A_V26L
1LVE,A,K,T,39,2.6,1LVE_A_K39T
1CYO,A,V,K,61,2.39,1CYO_A_V61K
1RTP,1,A,P,21,-0.95,1RTP_1_A21P
1ARR,A,L,A,21,3.4,1ARR_A_L21A
1AAR,A,K,Q,6,-0.26,1AAR_A_K6Q
1TTG,A,A,G,74,1.38,1TTG_A_A74G
1SCE,A,P,A,52,2.57,1SCE_A_P52A
1PGA,A,K,A,50,0.45,1PGA_A_K50A
1BTA,A,I,V,5,-1,1BTA_A_I5V
2AFG,A,H,G,93,-1.8,2AFG_A_H93G
1RX4,A,G,C,121,-0.2,1RX4_A_G121C
1CSP,A,E,Q,53,-0.31,1CSP_A_E53Q
1OTR,B,E,T,34,-1.51,1OTR_B_E34T
1QJP,A,Y,A,168,0.2,1QJP_A_Y168A
1OTR,B,V,N,5,5.4,1OTR_B_V5N
1WQ5,A,P,A,96,3.3,1WQ5_A_P96A
1YCC,A,N,F,52,0.06,1YCC_A_N52F
451C,A,E,Q,70,0.9,451C_A_E70Q
1TIT,A,Y,P,9,2.2,1TIT_A_Y9P
1PIN,A,S,A,16,0.44,1PIN_A_S16A
1ARR,A,M,A,1,0.1,1ARR_A_M1A
1PGA,A,T,N,53,-0.52,1PGA_A_T53N
1W4H,A,L,A,138,1.67,1W4H_A_L138A
1ARR,A,F,A,10,2.7,1ARR_A_F10A
1UWO,A,L,S,3,2.78,1UWO_A_L3S
2ZTA,A,K,A,28,0.06,2ZTA_A_K28A
1RX4,A,V,C,75,0.2,1RX4_A_V75C
1I5T,A,P,A,30,5.74,1I5T_A_P30A
1DKT,A,P,A,62,-1.4,1DKT_A_P62A
1KFW,A,G,P,253,0.65,1KFW_A_G253P
5AZU,A,L,A,33,1.67,5AZU_A_L33A
1YCC,A,N,H,52,1.7,1YCC_A_N52H
1PGA,A,T,P,2,2.7,1PGA_A_T2P
1RX4,A,S,P,148,0.26,1RX4_A_S148P
1ARR,A,Q,A,39,-0.1,1ARR_A_Q39A
1RX4,A,G,S,67,-0.3,1RX4_A_G67S
1LVE,A,S,T,97,0.3,1LVE_A_S97T
1TTG,A,I,V,34,0.41,1TTG_A_I34V
5AZU,A,I,A,81,2.39,5AZU_A_I81A
1YCC,A,N,L,52,-4.73,1YCC_A_N52L
1AKK,A,L,A,94,3.5,1AKK_A_L94A
2CI2,I,P,A,52,0.38,2CI2_I_P52A
1FXA,A,F,I,65,0.9,1FXA_A_F65I
1FLV,A,G,L,87,0.64,1FLV_A_G87L
1RX4,A,S,K,148,0.4,1RX4_A_S148K
1RX4,A,G,D,67,0.6,1RX4_A_G67D
1LVE,A,Q,N,38,1.6,1LVE_A_Q38N
1W4H,A,T,A,152,-1.68,1W4H_A_T152A
1WQ5,A,P,A,207,2.2,1WQ5_A_P207A
1ARR,A,S,A,5,-0.1,1ARR_A_S5A
1RX4,A,G,C,67,0.5,1RX4_A_G67C
1RRO,A,P,A,26,0.74,1RRO_A_P26A
1FXA,A,T,A,48,-0.1,1FXA_A_T48A
1RTB,A,V,G,47,7.35,1RTB_A_V47G
1SCE,A,P,A,20,0.3,1SCE_A_P20A
1PIN,A,N,D,26,1.88,1PIN_A_N26D
1RX4,A,N,I,59,0.11,1RX4_A_N59I
1WQ5,A,P,G,132,1,1WQ5_A_P132G
5AZU,A,F,A,110,5.02,5AZU_A_F110A
1ARR,A,R,A,23,1.1,1ARR_A_R23A
1FXA,A,E,Q,94,-0.6,1FXA_A_E94Q
1QJP,A,W,A,15,2,1QJP_A_W15A
1I5T,A,Y,F,67,2.31,1I5T_A_Y67F
1ZNJ,A,T,H,8,-1.76,1ZNJ_A_T8H
1QJP,A,F,A,51,1.2,1QJP_A_F51A
3MBP,A,I,A,108,3.15,3MBP_A_I108A
1YCC,A,F,Y,82,1.01,1YCC_A_F82Y
2AFG,A,H,A,93,0.43,2AFG_A_H93A
1PGA,A,T,C,53,-0.78,1PGA_A_T53C
1A23,A,C,S,30,1.8,1A23_A_C30S
3MBP,A,I,A,59,1.2,3MBP_A_I59A
451C,A,E,V,70,2,451C_A_E70V
1CYO,A,V,H,61,1.62,1CYO_A_V61H
1YCC,A,N,I,52,-4.3,1YCC_A_N52I
1FXA,A,F,W,65,0.6,1FXA_A_F65W
1RX4,A,V,R,40,1.72,1RX4_A_V40R
1YCC,A,P,T,71,1.7,1YCC_A_P71T
1RX4,A,S,A,148,0.47,1RX4_A_S148A
1FEP,A,S,C,254,-5.94,1FEP_A_S254C
1LS4,A,A,K,140,1.69,1LS4_A_A140K
5AZU,A,I,V,20,0.38,5AZU_A_I20V
1RX4,A,W,Y,30,2.16,1RX4_A_W30Y
1AYF,A,Y,F,82,0.01,1AYF_A_Y82F
2IFB,A,L,G,64,2.63,2IFB_A_L64G
1AYF,A,T,A,54,1.31,1AYF_A_T54A
1FLV,A,H,A,34,-1.77,1FLV_A_H34A
1SCE,A,S,A,28,0.34,1SCE_A_S28A
3MBP,A,P,S,133,2.1,3MBP_A_P133S
1DKT,A,P,A,64,0.42,1DKT_A_P64A
1FLV,A,A,V,101,0.69,1FLV_A_A101V
5AZU,A,I,S,7,6.4,5AZU_A_I7S
1ARR,A,R,A,50,1.9,1ARR_A_R50A
1RX4,A,F,V,31,1.5,1RX4_A_F31V
2AFG,A,V,I,109,0.11,2AFG_A_V109I
1UWO,A,M,A,7,5.26,1UWO_A_M7A
2TRX,A,P,A,76,3.9,2TRX_A_P76A
1CSP,A,E,K,50,0.7,1CSP_A_E50K
1ARR,A,K,A,46,0,1ARR_A_K46A
1TEN,A,Y,A,869,-1.9,1TEN_A_Y869A
2BRD,A,M,A,60,0.8,2BRD_A_M60A
1W4H,A,S,G,132,-0.57,1W4H_A_S132G
5AZU,A,M,A,121,2.87,5AZU_A_M121A
1THQ,A,F,A,55,1.05,1THQ_A_F55A
1W4H,A,H,G,166,-1.87,1W4H_A_H166G
1I5T,A,N,I,52,3.14,1I5T_A_N52I
3MBP,A,L,A,115,3.1,3MBP_A_L115A
1AJ3,A,Q,A,107,-0.5,1AJ3_A_Q107A
1PGA,A,T,M,53,-0.9,1PGA_A_T53M
1G6N,A,S,P,128,-0.14,1G6N_A_S128P
1RX4,A,N,K,59,2.22,1RX4_A_N59K
1FLV,A,F,L,7,0.23,1FLV_A_F7L
1CLW,A,G,D,323,0.4,1CLW_A_G323D
2WSY,A,A,V,18,-4.1,2WSY_A_A18V
1LS4,A,L,K,17,1.36,1LS4_A_L17K
1TTG,A,P,A,87,0.21,1TTG_A_P87A
2BRD,A,P,A,37,0.2,2BRD_A_P37A
2BRD,A,S,A,59,-0.1,2BRD_A_S59A
5AZU,A,V,A,22,1.67,5AZU_A_V22A
5AZU,A,I,A,7,3.34,5AZU_A_I7A
1LVE,A,K,R,30,1,1LVE_A_K30R
1FLV,A,V,I,83,-0.13,1FLV_A_V83I
1RX4,A,V,I,40,0.85,1RX4_A_V40I
1RX4,A,G,A,121,-0.5,1RX4_A_G121A
2ZTA,A,R,A,25,1.66,2ZTA_A_R25A
1HTI,A,A,P,215,-0.6,1HTI_A_A215P
1I5T,A,P,V,30,5,1I5T_A_P30V
1RX4,A,W,L,22,-0.3,1RX4_A_W22L
2ZTA,A,K,A,27,0.91,2ZTA_A_K27A
1FLV,A,V,I,18,-1.03,1FLV_A_V18I
1DIV,A,K,M,10,-0.05,1DIV_A_K10M
1PIN,A,P,G,9,0.49,1PIN_A_P9G
1RTB,A,V,G,57,5.52,1RTB_A_V57G
1RTB,A,S,T,75,2.8,1RTB_A_S75T
2BRD,A,F,A,54,1,2BRD_A_F54A
2WSY,A,F,V,22,3.5,2WSY_A_F22V
1ARR,A,M,A,42,3.6,1ARR_A_M42A
1PIN,A,N,A,30,0.47,1PIN_A_N30A
451C,A,V,M,13,-0.4,451C_A_V13M
1AKK,A,H,N,33,-1,1AKK_A_H33N
1B5M,A,P,A,81,1.5,1B5M_A_P81A
1IO2,A,L,A,147,2.61,1IO2_A_L147A
2AKY,A,V,I,8,1.2,2AKY_A_V8I
1CAH,A,H,N,107,-8.2,1CAH_A_H107N
1RTB,A,Y,G,97,11.7,1RTB_A_Y97G
1RX4,A,I,Y,155,3.64,1RX4_A_I155Y
2AFG,A,A,G,103,0.41,2AFG_A_A103G
1YCC,A,N,M,52,-4.04,1YCC_A_N52M
2BRD,A,T,A,47,1,2BRD_A_T47A
5AZU,A,C,S,112,-1.91,5AZU_A_C112S
1THQ,A,E,A,90,0.66,1THQ_A_E90A
1CSP,A,E,K,43,-0.38,1CSP_A_E43K
5AZU,A,I,T,81,2.93,5AZU_A_I81T
1PIN,A,E,A,35,0.73,1PIN_A_E35A
1AYF,A,H,T,56,1.19,1AYF_A_H56T
1RTB,A,S,A,75,2.5,1RTB_A_S75A
1RTB,A,V,G,108,7.29,1RTB_A_V108G
1IGV,A,P,G,20,1.19,1IGV_A_P20G
1RX4,A,G,H,121,0.6,1RX4_A_G121H
2Q98,A,H,A,97,-1.07,2Q98_A_H97A
1CSP,A,V,Q,20,2.01,1CSP_A_V20Q
1FLV,A,Y,F,47,-1.07,1FLV_A_Y47F
1OTR,B,E,P,34,2.13,1OTR_B_E34P
1LVE,A,P,L,40,1.7,1LVE_A_P40L
1RX4,A,N,G,59,2.92,1RX4_A_N59G
1RTB,A,P,A,114,3.2,1RTB_A_P114A
1RX4,A,E,K,139,2.4,1RX4_A_E139K
2ABD,A,P,A,19,1.07,2ABD_A_P19A
3D2A,A,M,E,134,-0.66,3D2A_A_M134E
2IFB,A,V,C,60,-0.8,2IFB_A_V60C
1THQ,A,Q,A,139,0.97,1THQ_A_Q139A
1QJP,A,Y,A,141,3.3,1QJP_A_Y141A
1LVE,A,S,N,29,-0.39,1LVE_A_S29N
1PIN,A,I,G,28,0.48,1PIN_A_I28G
1ARR,A,L,A,19,1.9,1ARR_A_L19A
1PIN,A,P,G,8,0.92,1PIN_A_P8G
3MBP,A,V,A,347,2,3MBP_A_V347A
1SCE,A,S,G,28,-0.89,1SCE_A_S28G
1PIN,A,Y,F,23,0.52,1PIN_A_Y23F
1YCC,A,K,H,73,2.06,1YCC_A_K73H
1LVE,A,K,T,30,1.33,1LVE_A_K30T
1TTG,A,I,A,20,0.74,1TTG_A_I20A
1W4H,A,L,A,167,1.18,1W4H_A_L167A
2WSY,A,I,V,232,3.9,2WSY_A_I232V
1PIN,A,S,G,18,-0.02,1PIN_A_S18G
1PGA,A,T,Q,53,4,1PGA_A_T53Q
1RX4,A,V,A,40,1.6,1RX4_A_V40A
2BRD,A,P,A,50,0.2,2BRD_A_P50A
1CSP,A,K,E,5,3.49,1CSP_A_K5E
1PIN,A,Y,L,23,1.18,1PIN_A_Y23L
1THQ,A,T,A,137,0.51,1THQ_A_T137A
1FNF,A,L,P,1408,0.02,1FNF_A_L1408P
1RX4,A,G,D,121,-0.3,1RX4_A_G121D
1AON,O,I,C,3,0.4,1AON_O_I3C
1PIN,A,Q,A,33,0.57,1PIN_A_Q33A
1DIV,A,K,M,15,0.31,1DIV_A_K15M
1AAR,A,K,Q,29,1.67,1AAR_A_K29Q
1FXA,A,F,A,65,1,1FXA_A_F65A
1IFB,A,F,A,93,2.42,1IFB_A_F93A
1ARR,A,N,A,29,1.6,1ARR_A_N29A
1C9O,A,L,A,66,0.1,1C9O_A_L66A
1W4H,A,T,S,159,1.63,1W4H_A_T159S
1OTR,B,Q,T,41,0.43,1OTR_B_Q41T
1AON,O,I,W,3,0.4,1AON_O_I3W
1W4H,A,V,G,154,-0.98,1W4H_A_V154G
1DIV,A,H,Q,106,2.35,1DIV_A_H106Q
1RX4,A,N,E,59,2.09,1RX4_A_N59E
1TTG,A,V,A,29,1.45,1TTG_A_V29A
1C2R,A,Y,F,75,2.7,1C2R_A_Y75F
1PGA,A,A,P,26,4,1PGA_A_A26P
1RX4,A,V,H,40,3.27,1RX4_A_V40H
1TTG,A,V,A,66,0.67,1TTG_A_V66A
1YCC,A,P,Y,76,2.07,1YCC_A_P76Y
1FEP,A,L,C,244,-6.88,1FEP_A_L244C
1LS4,A,T,A,31,-0.6,1LS4_A_T31A
1DPM,A,H,L,257,5,1DPM_A_H257L
1PIN,A,R,A,36,0.29,1PIN_A_R36A
1AYF,A,H,R,56,1.16,1AYF_A_H56R
1UWO,A,I,A,11,4.14,1UWO_A_I11A
1APS,A,L,V,65,5.36,1APS_A_L65V
1W4H,A,L,A,131,0.94,1W4H_A_L131A
1DIV,A,F,V,5,3.99,1DIV_A_F5V
1PIN,A,P,A,8,0.97,1PIN_A_P8A
1ARR,A,N,A,34,0,1ARR_A_N34A
1RTB,A,P,S,93,2.1,1RTB_A_P93S
1THQ,A,S,A,58,1.26,1THQ_A_S58A
2WSY,A,F,I,22,4.6,2WSY_A_F22I
5AZU,A,V,A,31,1.67,5AZU_A_V31A
1IO2,A,I,A,56,3.97,1IO2_A_I56A
1UZC,A,P,G,31,1.1,1UZC_A_P31G
1PGA,A,T,S,53,-0.87,1PGA_A_T53S
2AKY,A,T,H,77,2.15,2AKY_A_T77H
1DIV,A,I,V,4,0.59,1DIV_A_I4V
1ARR,A,P,L,8,-2.55,1ARR_A_P8L
1QJP,A,W,A,57,2,1QJP_A_W57A
1FTG,A,L,A,50,2.82,1FTG_A_L50A
1PGA,A,A,P,23,0.3,1PGA_A_A23P
1CSP,A,E,K,19,0.72,1CSP_A_E19K
1RX4,A,T,V,113,1.2,1RX4_A_T113V
1FEP,A,S,C,246,-7.77,1FEP_A_S246C
1PIN,A,E,A,12,0.48,1PIN_A_E12A
5AZU,A,I,V,81,0.16,5AZU_A_I81V
1TTG,A,I,A,59,3.66,1TTG_A_I59A
1OTR,B,L,T,67,2.92,1OTR_B_L67T
1AJ3,A,Q,L,107,1.4,1AJ3_A_Q107L
2BRD,A,T,A,46,2.2,2BRD_A_T46A
1SCE,A,P,A,7,0.2,1SCE_A_P7A
1I5T,A,H,V,26,3.78,1I5T_A_H26V
1PIN,A,T,G,29,1.99,1PIN_A_T29G
1AYF,A,Y,S,82,0.33,1AYF_A_Y82S
1RX4,A,I,R,155,3.28,1RX4_A_I155R
1PGA,A,D,A,46,1.74,1PGA_A_D46A
2IFB,A,L,C,72,0.14,2IFB_A_L72C
2CRK,A,D,A,122,2,2CRK_A_D122A
1ZNJ,A,T,A,8,-0.16,1ZNJ_A_T8A
2IFB,A,I,C,23,-1.9,2IFB_A_I23C
1RX4,A,T,A,35,1.1,1RX4_A_T35A
1ARR,A,Q,A,9,0.1,1ARR_A_Q9A
2AFG,A,L,W,44,-0.57,2AFG_A_L44W
1FTG,A,E,A,107,-0.6,1FTG_A_E107A
2BRD,A,T,A,55,0.1,2BRD_A_T55A
3MBP,A,P,A,159,1.8,3MBP_A_P159A
1PIN,A,F,A,25,2.14,1PIN_A_F25A
1RX4,A,P,L,21,0.1,1RX4_A_P21L
1OTR,B,V,A,5,3.01,1OTR_B_V5A
5AZU,A,Y,A,108,3.59,5AZU_A_Y108A
1FXA,A,E,K,94,0.4,1FXA_A_E94K
1LVE,A,T,H,94,-0.73,1LVE_A_T94H
1OTR,B,L,A,67,2.82,1OTR_B_L67A
451C,A,V,I,78,-1.49,451C_A_V78I
1CSP,A,K,E,39,0.31,1CSP_A_K39E
1CYO,A,F,H,35,3.99,1CYO_A_F35H
2Q98,A,H,A,59,-2.26,2Q98_A_H59A
1DIV,A,E,Q,38,0.56,1DIV_A_E38Q
1ARR,A,Y,A,38,3.8,1ARR_A_Y38A
1LVE,A,Y,Q,96,2.09,1LVE_A_Y96Q
1DIV,A,E,Q,17,0.21,1DIV_A_E17Q
1RX4,A,V,Y,75,2.3,1RX4_A_V75Y
1PIN,A,R,A,21,0.7,1PIN_A_R21A
1TTG,A,I,A,34,5.02,1TTG_A_I34A
1TTG,A,V,A,50,2.42,1TTG_A_V50A
1TTG,A,I,A,88,0.35,1TTG_A_I88A
1DIL,A,A,V,69,-0.62,1DIL_A_A69V
1PIN,A,G,A,20,0.86,1PIN_A_G20A
1PIN,A,H,G,27,0.68,1PIN_A_H27G
1RX4,A,V,A,75,0.2,1RX4_A_V75A
1CYO,A,F,L,35,1.98,1CYO_A_F35L
1PGA,A,T,H,53,4,1PGA_A_T53H
5AZU,A,V,A,95,0.96,5AZU_A_V95A
2Q98,A,H,A,180,-1.39,2Q98_A_H180A
1QJP,A,F,A,123,2.1,1QJP_A_F123A
1CSP,A,K,Q,5,2.2,1CSP_A_K5Q
1TTG,A,Y,L,32,2.61,1TTG_A_Y32L
1YCC,A,K,L,73,0.03,1YCC_A_K73L
1RX4,A,N,H,59,1.75,1RX4_A_N59H
1TTG,A,I,A,90,0.35,1TTG_A_I90A
1WQ5,A,E,P,49,-0.8,1WQ5_A_E49P
1OTR,B,E,W,34,-1.31,1OTR_B_E34W
1BTA,A,L,V,34,-1.1,1BTA_A_L34V
1FLV,A,A,L,101,0.53,1FLV_A_A101L
1TTG,A,L,A,62,2.94,1TTG_A_L62A
1CAH,A,W,F,16,6.3,1CAH_A_W16F
1PIN,A,Y,A,23,1.08,1PIN_A_Y23A
2AFG,A,F,W,132,0.38,2AFG_A_F132W
1RX4,A,G,S,121,-0.1,1RX4_A_G121S
1UBQ,A,I,A,13,4,1UBQ_A_I13A
1SCE,A,P,A,58,0.35,1SCE_A_P58A
1PIN,A,L,N,7,0.9,1PIN_A_L7N
1AJ3,A,Q,G,107,1.3,1AJ3_A_Q107G
1RX4,A,G,A,43,0.5,1RX4_A_G43A
1YCC,A,P,G,76,0.78,1YCC_A_P76G
1IO2,A,I,A,20,4.43,1IO2_A_I20A
1YEA,A,P,T,71,0.8,1YEA_A_P71T
1ARR,A,W,A,14,4,1ARR_A_W14A
1IO2,A,I,A,102,4.04,1IO2_A_I102A
1AJ3,A,P,A,61,-0.4,1AJ3_A_P61A
1CLW,A,G,R,244,4,1CLW_A_G244R
1PIN,A,S,A,18,-0.03,1PIN_A_S18A
1QJP,A,Y,A,129,2.7,1QJP_A_Y129A
1PIN,A,I,A,28,0.36,1PIN_A_I28A
1DIL,A,A,L,53,-0.9,1DIL_A_A53L
1TTG,A,F,A,48,2.16,1TTG_A_F48A
1ARR,A,N,A,11,-0.5,1ARR_A_N11A
2BRD,A,Y,A,43,1.3,2BRD_A_Y43A
1W4H,A,L,A,144,1.9,1W4H_A_L144A
1TTG,A,Y,A,36,2.29,1TTG_A_Y36A
1LVE,A,Q,H,89,0.9,1LVE_A_Q89H
1PIN,A,K,A,13,0.02,1PIN_A_K13A
1RX4,A,D,A,122,1.6,1RX4_A_D122A
2Q98,A,H,A,46,-1.55,2Q98_A_H46A
3MBP,A,L,A,147,3,3MBP_A_L147A
1SHF,A,E,P,107,1.71,1SHF_A_E107P
1CSP,A,E,Q,21,0.41,1CSP_A_E21Q
1AAR,A,K,Q,27,1.91,1AAR_A_K27Q
2HMB,A,Y,F,128,3.83,2HMB_A_Y128F
1PGA,A,A,P,24,0.5,1PGA_A_A24P
1TTG,A,W,F,22,1.94,1TTG_A_W22F
1BNL,A,D,A,76,3.88,1BNL_A_D76A
2HMB,A,T,Q,40,4.38,2HMB_A_T40Q
1SCE,A,V,A,89,0.24,1SCE_A_V89A
1IFB,A,W,Y,82,-0.09,1IFB_A_W82Y
1W4H,A,I,V,149,0.75,1W4H_A_I149V
1FXA,A,R,A,42,2.4,1FXA_A_R42A
1CYO,A,V,G,45,1.91,1CYO_A_V45G
1PIN,A,N,G,30,-0.53,1PIN_A_N30G
1BP2,A,F,Y,22,-1.5,1BP2_A_F22Y
1DIV,A,V,I,21,0.4,1DIV_A_V21I
1YCC,A,N,V,52,-2.44,1YCC_A_N52V
451C,A,Q,R,37,-0.5,451C_A_Q37R
2AFG,A,H,Y,21,-1.01,2AFG_A_H21Y
1YCC,A,H,Y,26,1.96,1YCC_A_H26Y
1YCC,A,K,V,73,1.38,1YCC_A_K73V
1AYF,A,T,S,54,-0.05,1AYF_A_T54S
1AAR,A,H,E,68,-0.77,1AAR_A_H68E
2BRD,A,L,A,62,-0.5,2BRD_A_L62A
1YCC,A,P,V,76,1.07,1YCC_A_P76V
2BRD,A,D,A,36,0.9,2BRD_A_D36A
1CAH,A,H,Y,107,-12.2,1CAH_A_H107Y
1C2R,A,G,S,34,2.2,1C2R_A_G34S
5AZU,A,L,V,50,0.36,5AZU_A_L50V
2CI2,I,P,A,44,1.93,2CI2_I_P44A
5AZU,A,L,T,50,2.34,5AZU_A_L50T
1FEP,A,G,C,252,-7.93,1FEP_A_G252C
5AZU,A,V,G,60,3.11,5AZU_A_V60G
1OTR,B,E,C,34,-0.91,1OTR_B_E34C
1ARR,A,E,A,17,0.5,1ARR_A_E17A
1FRD,A,H,R,42,-4,1FRD_A_H42R
1CAH,A,H,F,107,-10,1CAH_A_H107F
2IFB,A,G,A,65,1.33,2IFB_A_G65A
1APS,A,M,A,61,4,1APS_A_M61A
451C,A,F,Y,34,-1.9,451C_A_F34Y
1TTG,A,I,V,59,1.12,1TTG_A_I59V
5AZU,A,L,A,125,1.67,5AZU_A_L125A
1RX4,A,N,L,59,0.03,1RX4_A_N59L
1ARR,A,L,A,12,2.7,1ARR_A_L12A
1AAR,A,F,W,45,-0.46,1AAR_A_F45W
1CAH,A,H,A,107,-11.5,1CAH_A_H107A
2AFG,A,L,P,44,-0.69,2AFG_A_L44P
1PIN,A,W,F,11,1.93,1PIN_A_W11F
2BRD,A,V,A,49,-0.7,2BRD_A_V49A
1APS,A,F,L,94,4.33,1APS_A_F94L
1RX4,A,N,S,59,1.88,1RX4_A_N59S
3MBP,A,L,A,192,3.1,3MBP_A_L192A
1FTG,A,G,A,68,-0.55,1FTG_A_G68A
1ARR,A,G,A,30,2.5,1ARR_A_G30A
1BP2,A,F,I,106,-1.9,1BP2_A_F106I
1RX4,A,G,Y,121,0.5,1RX4_A_G121Y
1RX4,A,G,V,67,0.94,1RX4_A_G67V
1THQ,A,M,A,72,0.34,1THQ_A_M72A
1BP2,A,F,A,22,-0.5,1BP2_A_F22A
1YCC,A,V,C,20,1.1,1YCC_A_V20C
2ADA,A,W,F,161,-8.7,2ADA_A_W161F
1CSP,A,E,Q,19,0.31,1CSP_A_E19Q
1YCC,A,C,S,102,-2.8,1YCC_A_C102S
3MBP,A,I,A,161,3.08,3MBP_A_I161A
1DIV,A,H,Q,144,1.12,1DIV_A_H144Q
3BLS,A,Y,F,150,1,3BLS_A_Y150F
1DIV,A,D,A,23,-1.25,1DIV_A_D23A
1TTG,A,Y,F,92,-0.11,1TTG_A_Y92F
2BRD,A,Y,A,57,3.7,2BRD_A_Y57A
1ARR,A,P,A,8,-2.9,1ARR_A_P8A
1OTR,B,L,N,67,3.4,1OTR_B_L67N
1RX4,A,G,A,95,-1.3,1RX4_A_G95A
1TTG,A,P,A,64,0.41,1TTG_A_P64A
1SCE,A,P,G,90,-1.33,1SCE_A_P90G
1AYF,A,Y,L,82,0.36,1AYF_A_Y82L
1IO2,A,L,A,118,5.26,1IO2_A_L118A
1PIN,A,R,G,17,0.22,1PIN_A_R17G
1AON,O,V,C,95,0.3,1AON_O_V95C
1RX4,A,S,E,148,0.6,1RX4_A_S148E
1BP2,A,H,A,48,3.1,1BP2_A_H48A
1RX4,A,V,A,88,-0.4,1RX4_A_V88A
2IMM,A,P,S,43,0.2,2IMM_A_P43S
1CSP,A,S,K,48,-1.4,1CSP_A_S48K
1TTG,A,I,V,70,0.61,1TTG_A_I70V
1FTG,A,I,A,21,-0.45,1FTG_A_I21A
1CSP,A,E,K,21,0.22,1CSP_A_E21K
3MBP,A,P,S,48,0.8,3MBP_A_P48S
1YCC,A,K,R,73,0.03,1YCC_A_K73R
5AZU,A,I,A,20,2.39,5AZU_A_I20A
1PIN,A,S,A,32,0.26,1PIN_A_S32A
1UBQ,A,V,G,26,6.3,1UBQ_A_V26G
1TTG,A,V,A,10,1.38,1TTG_A_V10A
1PIN,A,T,A,29,1.25,1PIN_A_T29A
1DIV,A,V,L,21,1.23,1DIV_A_V21L
1ARR,A,S,A,44,1.6,1ARR_A_S44A
1UWO,A,F,A,14,7.54,1UWO_A_F14A
1IFB,A,W,Y,6,0.93,1IFB_A_W6Y
1RX4,A,R,A,44,1.4,1RX4_A_R44A
1ARR,A,R,A,31,3.4,1ARR_A_R31A
1FXA,A,E,K,95,-1,1FXA_A_E95K
5AZU,A,F,S,110,6.4,5AZU_A_F110S
4BLM,A,S,C,265,2.6,4BLM_A_S265C
1OTR,B,E,N,34,1.12,1OTR_B_E34N
1RTB,A,P,A,93,2.7,1RTB_A_P93A
1PIN,A,T,S,29,0.7,1PIN_A_T29S
3MBP,A,L,A,195,4.2,3MBP_A_L195A
1RX4,A,P,A,66,-1.3,1RX4_A_P66A
1THQ,A,A,G,85,0.87,1THQ_A_A85G
1DIV,A,E,Q,54,-0.33,1DIV_A_E54Q
1AXB,A,C,S,77,3.36,1AXB_A_C77S
1CSP,A,N,D,55,-0.53,1CSP_A_N55D
1TEN,A,P,A,826,1.73,1TEN_A_P826A
1RX4,A,D,N,27,-1.4,1RX4_A_D27N
1TIT,A,Y,G,9,0.8,1TIT_A_Y9G
1CSP,A,N,K,55,0.22,1CSP_A_N55K
2BRD,A,S,A,35,0.3,2BRD_A_S35A
1PIN,A,S,G,38,0.08,1PIN_A_S38G
1CSP,A,V,K,20,2.2,1CSP_A_V20K
1RX4,A,N,P,59,1.34,1RX4_A_N59P
3D2A,A,M,P,137,-0.98,3D2A_A_M137P
5AZU,A,V,T,95,-0.96,5AZU_A_V95T
2HMB,A,T,V,40,1.84,2HMB_A_T40V
1IO2,A,I,A,15,2.13,1IO2_A_I15A
1YCC,A,P,V,71,1,1YCC_A_P71V
1PGA,A,V,P,29,3.5,1PGA_A_V29P
1ARR,A,G,A,3,-0.3,1ARR_A_G3A
1ARR,A,K,A,24,0.6,1ARR_A_K24A
1THQ,A,W,A,17,0.98,1THQ_A_W17A
2AFG,A,H,Y,102,-0.44,2AFG_A_H102Y
1RX4,A,G,A,15,-0.7,1RX4_A_G15A
451C,A,W,F,56,1.9,451C_A_W56F
1CSP,A,D,K,24,0.6,1CSP_A_D24K
1W4H,A,A,G,134,0.37,1W4H_A_A134G
1OTR,B,Q,N,41,2.6,1OTR_B_Q41N
1THQ,A,L,A,105,0.76,1THQ_A_L105A
1PGA,A,G,P,9,2.4,1PGA_A_G9P
1THQ,A,Y,A,23,0.91,1THQ_A_Y23A
1TTG,A,L,A,8,1.64,1TTG_A_L8A
1RX4,A,L,R,28,-1.7,1RX4_A_L28R
1ARR,A,M,A,7,0.6,1ARR_A_M7A
1DIV,A,D,N,23,0.72,1DIV_A_D23N
1YCC,A,K,I,73,1.19,1YCC_A_K73I
1DIV,A,K,M,14,-0.01,1DIV_A_K14M
1ARR,A,R,A,16,-0.2,1ARR_A_R16A
1CSP,A,E,Q,43,-0.17,1CSP_A_E43Q
1CYO,A,V,Y,61,1.34,1CYO_A_V61Y
1RX4,A,V,M,40,2,1RX4_A_V40M
1DIV,A,L,V,6,0.41,1DIV_A_L6V
1WQ5,A,P,G,28,2.3,1WQ5_A_P28G
1BP2,A,H,Q,48,0.6,1BP2_A_H48Q
5AZU,A,I,T,20,2.39,5AZU_A_I20T
2HMB,A,F,S,57,3.64,2HMB_A_F57S
2Q98,A,H,A,27,-1.29,2Q98_A_H27A
2TRX,A,P,S,34,-2.4,2TRX_A_P34S
1ARR,A,K,A,47,1.8,1ARR_A_K47A
1FLV,A,G,V,87,0.13,1FLV_A_G87V
1RX4,A,W,E,30,2.89,1RX4_A_W30E
1THQ,A,Y,F,87,1.37,1THQ_A_Y87F
2ZTA,A,K,A,15,0.41,2ZTA_A_K15A
1RX4,A,W,H,30,2.78,1RX4_A_W30H
1SHG,A,Y,F,57,2.57,1SHG_A_Y57F
1CYO,A,V,E,45,2.68,1CYO_A_V45E
1FTG,A,V,I,83,-0.06,1FTG_A_V83I
1YCC,A,G,A,6,3.5,1YCC_A_G6A
1YEA,A,P,G,76,1.2,1YEA_A_P76G
1ACB,I,L,A,27,0.18,1ACB_I_L27A
1ACB,I,V,A,14,1.04,1ACB_I_V14A
1ACB,I,V,A,18,1.2,1ACB_I_V18A
1ACB,I,V,A,54,1.59,1ACB_I_V54A
1ACB,I,V,A,62,1,1ACB_I_V62A
1AJ3,A,W,Y,22,0.2,1AJ3_A_W22Y
1AM7,A,H,N,31,-1.8,1AM7_A_H31N
1APS,A,V,A,35,2.5,1APS_A_V35A
1AQH,A,Q,C,58,-1.9,1AQH_A_Q58C
1AXB,A,E,K,104,-0.6,1AXB_A_E104K
1AXB,A,G,S,238,1.2,1AXB_A_G238S
1AXB,A,R,H,164,0.2,1AXB_A_R164H
1AXB,A,R,S,164,0.6,1AXB_A_R164S
1AXB,A,S,A,235,-0.6,1AXB_A_S235A
1AYE,A,E,G,5,1,1AYE_A_E5G
1AYE,A,K,A,24,2.3,1AYE_A_K24A
1AYE,A,V,A,59,1.1,1AYE_A_V59A
1AYE,A,V,A,61,1.1,1AYE_A_V61A
1AYF,A,D,E,15,-0.5,1AYF_A_D15E
1AZP,A,A,G,44,1.3,1AZP_A_A44G
1AZP,A,A,G,50,2.1,1AZP_A_A50G
1AZP,A,D,A,35,0.5,1AZP_A_D35A
1AZP,A,D,G,56,0.7,1AZP_A_D56G
1AZP,A,E,A,12,0.3,1AZP_A_E12A
1AZP,A,F,A,32,2.7,1AZP_A_F32A
1AZP,A,K,A,7,0.3,1AZP_A_K7A
1AZP,A,L,A,55,3.9,1AZP_A_L55A
1AZP,A,L,A,58,0.7,1AZP_A_L58A
1AZP,A,R,A,25,0.4,1AZP_A_R25A
1AZP,A,R,A,42,0.6,1AZP_A_R42A
1AZP,A,S,A,18,0.1,1AZP_A_S18A
1AZP,A,S,A,31,-0.7,1AZP_A_S31A
1AZP,A,S,A,46,-0.2,1AZP_A_S46A
1AZP,A,T,A,17,1.5,1AZP_A_T17A
1AZP,A,T,A,40,0.8,1AZP_A_T40A
1AZP,A,V,A,15,2.3,1AZP_A_V15A
1AZP,A,V,A,23,0.2,1AZP_A_V23A
1AZP,A,V,A,30,2.6,1AZP_A_V30A
1AZP,A,V,A,45,1.6,1AZP_A_V45A
1AZP,A,V,A,4,2.1,1AZP_A_V4A
1AZP,A,W,A,24,2,1AZP_A_W24A
1B5M,A,P,A,65,1.1,1B5M_A_P65A
1B5M,A,R,H,15,-1.4,1B5M_A_R15H
1BCX,A,S,C,100,-3,1BCX_A_S100C
1BCX,A,V,C,98,-1.3,1BCX_A_V98C
1BNI,A,A,P,32,4.11,1BNI_A_A32P
1BNI,A,D,N,75,5,1BNI_A_D75N
1BNI,A,G,A,52,5.3,1BNI_A_G52A
1BNI,A,G,V,53,7.8,1BNI_A_G53V
1BNI,A,K,A,19,-0.8,1BNI_A_K19A
1BNI,A,L,T,42,3.05,1BNI_A_L42T
1BNI,A,L,V,42,0.5,1BNI_A_L42V
1BNI,A,S,A,38,-0.3,1BNI_A_S38A
1BNI,A,T,H,26,4.3,1BNI_A_T26H
1BNI,A,T,P,6,3.19,1BNI_A_T6P
1BPI,A,A,T,16,1.7,1BPI_A_A16T
1BPI,A,A,V,16,4.3,1BPI_A_A16V
1BPI,A,C,A,30,6.1,1BPI_A_C30A
1BPI,A,C,G,30,8.7,1BPI_A_C30G
1BPI,A,C,S,30,8,1BPI_A_C30S
1BPI,A,C,T,30,7.8,1BPI_A_C30T
1BPI,A,C,V,30,6,1BPI_A_C30V
1BPI,A,D,A,3,-0.2,1BPI_A_D3A
1BPI,A,D,A,50,0.4,1BPI_A_D50A
1BPI,A,E,A,49,0.2,1BPI_A_E49A
1BPI,A,E,A,7,1.5,1BPI_A_E7A
1BPI,A,F,A,22,2.1,1BPI_A_F22A
1BPI,A,F,I,33,2.4,1BPI_A_F33I
1BPI,A,F,A,45,7.2,1BPI_A_F45A
1BPI,A,F,A,4,3,1BPI_A_F4A
1BPI,A,F,L,4,2.2,1BPI_A_F4L
1BPI,A,G,A,12,1.8,1BPI_A_G12A
1BPI,A,G,D,12,4.3,1BPI_A_G12D
1BPI,A,G,V,12,4.1,1BPI_A_G12V
1BPI,A,G,A,28,1,1BPI_A_G28A
1BPI,A,G,A,36,2.1,1BPI_A_G36A
1BPI,A,G,D,36,2.8,1BPI_A_G36D
1BPI,A,G,S,36,0.7,1BPI_A_G36S
1BPI,A,G,A,37,4.9,1BPI_A_G37A
1BPI,A,G,D,37,1.7,1BPI_A_G37D
1BPI,A,G,A,56,0.2,1BPI_A_G56A
1BPI,A,G,A,57,0.2,1BPI_A_G57A
1BPI,A,I,A,18,1.5,1BPI_A_I18A
1BPI,A,I,A,19,2.1,1BPI_A_I19A
1BPI,A,K,A,15,-2,1BPI_A_K15A
1BPI,A,K,A,26,0,1BPI_A_K26A
1BPI,A,K,A,41,0.4,1BPI_A_K41A
1BPI,A,K,A,46,-0.1,1BPI_A_K46A
1BPI,A,L,A,29,0,1BPI_A_L29A
1BPI,A,L,A,6,0.6,1BPI_A_L6A
1BPI,A,M,A,52,1.7,1BPI_A_M52A
1BPI,A,N,A,24,2.2,1BPI_A_N24A
1BPI,A,N,G,43,6,1BPI_A_N43G
1BPI,A,N,A,44,3.3,1BPI_A_N44A
1BPI,A,N,G,44,4.7,1BPI_A_N44G
1BPI,A,P,A,13,1.6,1BPI_A_P13A
1BPI,A,P,S,13,1.4,1BPI_A_P13S
1BPI,A,P,A,2,1.3,1BPI_A_P2A
1BPI,A,P,A,8,0.3,1BPI_A_P8A
1BPI,A,P,A,9,0.8,1BPI_A_P9A
1BPI,A,Q,A,31,1,1BPI_A_Q31A
1BPI,A,R,A,17,-0.5,1BPI_A_R17A
1BPI,A,R,A,1,0.5,1BPI_A_R1A
1BPI,A,R,A,20,1.8,1BPI_A_R20A
1BPI,A,R,A,39,-0.2,1BPI_A_R39A
1BPI,A,R,A,42,0.5,1BPI_A_R42A
1BPI,A,R,A,53,0.1,1BPI_A_R53A
1BPI,A,S,A,47,1.6,1BPI_A_S47A
1BPI,A,T,A,11,-0.2,1BPI_A_T11A
1BPI,A,T,A,32,0.1,1BPI_A_T32A
1BPI,A,T,A,54,0.1,1BPI_A_T54A
1BPI,A,V,A,34,1.2,1BPI_A_V34A
1BPI,A,Y,A,10,1.2,1BPI_A_Y10A
1BPI,A,Y,L,10,2.9,1BPI_A_Y10L
1BPI,A,Y,A,21,3.9,1BPI_A_Y21A
1BPI,A,Y,L,21,3.4,1BPI_A_Y21L
1BPI,A,Y,A,23,-7,1BPI_A_Y23A
1BPI,A,Y,A,35,4.7,1BPI_A_Y35A
1BPI,A,Y,D,35,3.8,1BPI_A_Y35D
1BPI,A,Y,F,35,0.6,1BPI_A_Y35F
1BPI,A,Y,G,35,5.7,1BPI_A_Y35G
1BPI,A,Y,L,35,3.7,1BPI_A_Y35L
1BPI,A,Y,N,35,3.7,1BPI_A_Y35N
1BRF,A,A,K,1,0.6,1BRF_A_A1K
1BVC,A,A,L,125,-0.6,1BVC_A_A125L
1BVC,A,A,L,144,-0.4,1BVC_A_A144L
1BVC,A,A,L,15,-0.2,1BVC_A_A15L
1BVC,A,D,A,44,-0.2,1BVC_A_D44A
1BVC,A,D,A,60,-0.15,1BVC_A_D60A
1BVC,A,E,A,109,-0.36,1BVC_A_E109A
1BVC,A,E,G,109,0.96,1BVC_A_E109G
1BVC,A,E,A,18,0.7,1BVC_A_E18A
1BVC,A,E,A,4,0.7,1BVC_A_E4A
1BVC,A,F,A,106,0.7,1BVC_A_F106A
1BVC,A,F,A,123,1.1,1BVC_A_F123A
1BVC,A,G,A,129,-1.1,1BVC_A_G129A
1BVC,A,G,A,23,1.12,1BVC_A_G23A
1BVC,A,G,A,65,0.1,1BVC_A_G65A
1BVC,A,H,A,116,-0.2,1BVC_A_H116A
1BVC,A,H,Q,81,0,1BVC_A_H81Q
1BVC,A,K,A,140,-0.6,1BVC_A_K140A
1BVC,A,K,A,56,0.25,1BVC_A_K56A
1BVC,A,K,A,77,0.05,1BVC_A_K77A
1BVC,A,L,A,11,0.6,1BVC_A_L11A
1BVC,A,L,A,137,1.78,1BVC_A_L137A
1BVC,A,L,A,149,1.6,1BVC_A_L149A
1BVC,A,L,A,9,0.41,1BVC_A_L9A
1BVC,A,P,A,88,-0.6,1BVC_A_P88A
1BVC,A,Q,A,8,-1.07,1BVC_A_Q8A
1BVC,A,Q,G,8,0.63,1BVC_A_Q8G
1BVC,A,S,A,117,0.3,1BVC_A_S117A
1BVC,A,T,A,51,1.41,1BVC_A_T51A
1BVC,A,T,A,67,0.3,1BVC_A_T67A
1BVC,A,V,A,114,1.45,1BVC_A_V114A
1BVC,A,V,A,13,0.67,1BVC_A_V13A
1BVC,A,V,A,66,-0.8,1BVC_A_V66A
1C52,A,M,A,69,-5,1C52_A_M69A
1C52,A,M,H,69,0.7,1C52_A_M69H
1C8C,A,F,Y,32,2.1,1C8C_A_F32Y
1C8C,A,I,V,30,0.7,1C8C_A_I30V
1C8C,A,W,A,24,0.8,1C8C_A_W24A
1CAH,A,I,C,256,0.3,1CAH_A_I256C
1CAH,A,L,C,60,0.1,1CAH_A_L60C
1CAH,A,S,C,56,0.5,1CAH_A_S56C
1CAH,A,V,C,68,1.2,1CAH_A_V68C
1CAH,A,W,C,123,0,1CAH_A_W123C
1CLW,A,G,D,435,0.1,1CLW_A_G435D
1CSP,A,A,L,46,-0.8,1CSP_A_A46L
1CSP,A,E,V,3,-1.8,1CSP_A_E3V
1CSP,A,E,G,43,-2.8,1CSP_A_E43G
1CSP,A,E,V,66,-1.7,1CSP_A_E66V
1CSP,A,K,E,7,3.6,1CSP_A_K7E
1CSP,A,K,Q,7,3.6,1CSP_A_K7Q
1CSP,A,L,R,2,0.4,1CSP_A_L2R
1CSP,A,N,S,55,0.2,1CSP_A_N55S
1CSP,A,T,R,64,-1.1,1CSP_A_T64R
1CSP,A,V,E,20,3.6,1CSP_A_V20E
1CYC,A,K,F,73,1.15,1CYC_A_K73F
1CYC,A,K,M,73,1,1CYC_A_K73M
1CYC,A,K,W,73,1.43,1CYC_A_K73W
1CYC,A,K,Y,73,1.05,1CYC_A_K73Y
1FKJ,A,I,A,90,1.3,1FKJ_A_I90A
1FKJ,A,I,V,90,0.1,1FKJ_A_I90V
1FMK,A,A,G,121,0.9,1FMK_A_A121G
1FMK,A,A,G,138,0.5,1FMK_A_A138G
1FMK,A,A,G,88,1,1FMK_A_A88G
1FMK,A,D,A,91,0.4,1FMK_A_D91A
1FMK,A,D,A,99,0.6,1FMK_A_D99A
1FMK,A,E,A,106,1.9,1FMK_A_E106A
1FMK,A,F,A,102,2,1FMK_A_F102A
1FMK,A,F,A,86,0.8,1FMK_A_F86A
1FMK,A,H,A,122,0.6,1FMK_A_H122A
1FMK,A,I,A,110,0.3,1FMK_A_I110A
1FMK,A,I,V,110,0.1,1FMK_A_I110V
1FMK,A,I,A,132,1.8,1FMK_A_I132A
1FMK,A,K,A,103,0.4,1FMK_A_K103A
1FMK,A,K,A,104,0.1,1FMK_A_K104A
1FMK,A,L,A,100,1.8,1FMK_A_L100A
1FMK,A,L,A,108,2.3,1FMK_A_L108A
1FMK,A,L,A,120,1.6,1FMK_A_L120A
1FMK,A,L,A,124,0.6,1FMK_A_L124A
1FMK,A,L,A,89,1.5,1FMK_A_L89A
1FMK,A,N,A,113,-0.1,1FMK_A_N113A
1FMK,A,N,A,135,0.1,1FMK_A_N135A
1FMK,A,N,A,193,0.2,1FMK_A_N193A
1FMK,A,P,A,133,1.4,1FMK_A_P133A
1FMK,A,P,A,139,0.1,1FMK_A_P139A
1FMK,A,Q,A,109,0.2,1FMK_A_Q109A
1FMK,A,Q,G,128,0.3,1FMK_A_Q128G
1FMK,A,R,A,107,0.3,1FMK_A_R107A
1FMK,A,R,A,95,0.1,1FMK_A_R95A
1FMK,A,S,A,101,0.8,1FMK_A_S101A
1FMK,A,S,A,123,1.5,1FMK_A_S123A
1FMK,A,S,A,125,-0.2,1FMK_A_S125A
1FMK,A,S,A,134,-0.2,1FMK_A_S134A
1FMK,A,S,A,140,-0.4,1FMK_A_S140A
1FMK,A,S,A,94,-0.5,1FMK_A_S94A
1FMK,A,T,A,126,1.8,1FMK_A_T126A
1FMK,A,T,A,179,0,1FMK_A_T179A
1FMK,A,T,A,85,0.6,1FMK_A_T85A
1FMK,A,T,A,96,-0.1,1FMK_A_T96A
1FMK,A,V,A,111,0.8,1FMK_A_V111A
1FMK,A,V,A,137,1.2,1FMK_A_V137A
1FMK,A,V,A,87,1.6,1FMK_A_V87A
1FMK,A,W,A,118,1.3,1FMK_A_W118A
1FMK,A,W,A,119,1.2,1FMK_A_W119A
1FMK,A,Y,A,131,1.5,1FMK_A_Y131A
1FMK,A,Y,A,136,1.5,1FMK_A_Y136A
1FMK,A,Y,A,90,0.3,1FMK_A_Y90A
1FMK,A,Y,A,92,2.3,1FMK_A_Y92A
1FMK,A,Y,F,92,0.2,1FMK_A_Y92F
1FTG,A,A,L,101,0.22,1FTG_A_A101L
1FTG,A,D,K,74,0.6,1FTG_A_D74K
1FTG,A,E,A,106,-0.6,1FTG_A_E106A
1FTG,A,F,L,7,-0.1,1FTG_A_F7L
1FTG,A,G,A,87,0.11,1FTG_A_G87A
1FTG,A,G,L,87,0.42,1FTG_A_G87L
1FTG,A,G,V,87,0,1FTG_A_G87V
1FTG,A,H,A,34,1.3,1FTG_A_H34A
1FTG,A,I,V,102,0.7,1FTG_A_I102V
1FTG,A,I,V,21,1.55,1FTG_A_I21V
1FTG,A,I,G,22,0.35,1FTG_A_I22G
1FTG,A,L,A,141,0.1,1FTG_A_L141A
1FTG,A,V,L,18,-0.21,1FTG_A_V18L
1FTG,A,V,A,30,1.8,1FTG_A_V30A
1FTG,A,Y,F,47,0.8,1FTG_A_Y47F
1H7M,A,K,M,9,0.5,1H7M_A_K9M
1H7M,A,R,M,92,0.8,1H7M_A_R92M
1HFY,A,A,I,30,-2.4,1HFY_A_A30I
1HFY,A,A,T,30,-1.7,1HFY_A_A30T
1HFY,A,D,N,87,1.29,1HFY_A_D87N
1HFY,A,I,V,55,2.7,1HFY_A_I55V
1HFY,A,I,V,89,0.9,1HFY_A_I89V
1HFY,A,I,V,95,1.7,1HFY_A_I95V
1HFY,A,K,A,93,1.71,1HFY_A_K93A
1HFY,A,L,A,105,1.31,1HFY_A_L105A
1HFY,A,L,A,110,0.63,1HFY_A_L110A
1HFY,A,L,A,12,3.75,1HFY_A_L12A
1HFY,A,L,A,52,3.2,1HFY_A_L52A
1HFY,A,L,A,96,1.8,1HFY_A_L96A
1HFY,A,T,I,33,1.1,1HFY_A_T33I
1HFY,A,T,A,38,1.3,1HFY_A_T38A
1HFY,A,V,A,8,1,1HFY_A_V8A
1HFY,A,V,A,90,-0.9,1HFY_A_V90A
1HFY,A,W,F,104,2.27,1HFY_A_W104F
1HFY,A,W,F,118,0.53,1HFY_A_W118F
1HFY,A,W,F,26,2.4,1HFY_A_W26F
1HFY,A,W,A,60,2.55,1HFY_A_W60A
1HFY,A,W,F,60,1.79,1HFY_A_W60F
1HFY,A,Y,F,103,2.1,1HFY_A_Y103F
1HFZ,A,Y,P,103,0.26,1HFZ_A_Y103P
1HME,A,N,H,47,-0.3,1HME_A_N47H
1HTI,A,K,A,155,-0.5,1HTI_A_K155A
1HUE,A,A,S,27,1.19,1HUE_A_A27S
1HUE,A,A,S,56,0.13,1HUE_A_A56S
1HUE,A,M,I,69,0,1HUE_A_M69I
1HUE,A,S,T,31,-0.41,1HUE_A_S31T
1HUE,A,V,I,42,0.82,1HUE_A_V42I
1HZ6,A,A,P,13,0.1,1HZ6_A_A13P
1HZ6,A,A,V,13,1.1,1HZ6_A_A13V
1HZ6,A,A,G,20,2.1,1HZ6_A_A20G
1HZ6,A,A,V,20,-1.1,1HZ6_A_A20V
1HZ6,A,A,G,29,2.5,1HZ6_A_A29G
1HZ6,A,A,G,33,3.3,1HZ6_A_A33G
1HZ6,A,A,G,35,1.2,1HZ6_A_A35G
1HZ6,A,A,G,37,3.3,1HZ6_A_A37G
1HZ6,A,A,G,52,0.6,1HZ6_A_A52G
1HZ6,A,A,G,8,2.4,1HZ6_A_A8G
1HZ6,A,D,A,38,1.1,1HZ6_A_D38A
1HZ6,A,D,G,38,1.9,1HZ6_A_D38G
1HZ6,A,D,A,50,0.1,1HZ6_A_D50A
1HZ6,A,E,A,21,0.7,1HZ6_A_E21A
1HZ6,A,E,G,32,1.1,1HZ6_A_E32G
1HZ6,A,E,I,32,1.1,1HZ6_A_E32I
1HZ6,A,E,A,46,0.2,1HZ6_A_E46A
1HZ6,A,F,A,12,2.9,1HZ6_A_F12A
1HZ6,A,F,L,12,0.6,1HZ6_A_F12L
1HZ6,A,F,A,22,5.2,1HZ6_A_F22A
1HZ6,A,F,L,22,3.3,1HZ6_A_F22L
1HZ6,A,F,G,26,3.1,1HZ6_A_F26G
1HZ6,A,F,L,26,0.4,1HZ6_A_F26L
1HZ6,A,F,L,62,3.3,1HZ6_A_F62L
1HZ6,A,G,A,15,1.6,1HZ6_A_G15A
1HZ6,A,G,V,15,2.7,1HZ6_A_G15V
1HZ6,A,G,A,24,1.9,1HZ6_A_G24A
1HZ6,A,G,A,45,1.9,1HZ6_A_G45A
1HZ6,A,G,A,55,2.1,1HZ6_A_G55A
1HZ6,A,I,A,11,1.3,1HZ6_A_I11A
1HZ6,A,I,V,11,0.4,1HZ6_A_I11V
1HZ6,A,I,A,60,4.7,1HZ6_A_I60A
1HZ6,A,I,V,60,1.7,1HZ6_A_I60V
1HZ6,A,I,A,6,4.5,1HZ6_A_I6A
1HZ6,A,I,V,6,0.6,1HZ6_A_I6V
1HZ6,A,K,A,23,0.9,1HZ6_A_K23A
1HZ6,A,K,G,28,0,1HZ6_A_K28G
1HZ6,A,K,A,41,-0.4,1HZ6_A_K41A
1HZ6,A,K,A,42,-0.1,1HZ6_A_K42A
1HZ6,A,K,A,54,0.1,1HZ6_A_K54A
1HZ6,A,K,A,61,0.5,1HZ6_A_K61A
1HZ6,A,K,A,7,0.9,1HZ6_A_K7A
1HZ6,A,L,A,10,2.7,1HZ6_A_L10A
1HZ6,A,L,A,40,2.2,1HZ6_A_L40A
1HZ6,A,L,A,58,3.8,1HZ6_A_L58A
1HZ6,A,N,A,14,1.7,1HZ6_A_N14A
1HZ6,A,N,A,44,0.4,1HZ6_A_N44A
1HZ6,A,N,A,59,1.7,1HZ6_A_N59A
1HZ6,A,N,A,9,1.8,1HZ6_A_N9A
1HZ6,A,S,A,16,0.2,1HZ6_A_S16A
1HZ6,A,S,A,31,-0.3,1HZ6_A_S31A
1HZ6,A,S,G,31,0.8,1HZ6_A_S31G
1HZ6,A,T,A,17,1.2,1HZ6_A_T17A
1HZ6,A,T,A,19,1,1HZ6_A_T19A
1HZ6,A,T,A,25,1.1,1HZ6_A_T25A
1HZ6,A,T,A,30,1.2,1HZ6_A_T30A
1HZ6,A,T,G,39,0.2,1HZ6_A_T39G
1HZ6,A,T,A,48,1.2,1HZ6_A_T48A
1HZ6,A,T,A,57,1.8,1HZ6_A_T57A
1HZ6,A,T,A,5,1.8,1HZ6_A_T5A
1HZ6,A,V,A,49,0.9,1HZ6_A_V49A
1HZ6,A,V,A,4,1.3,1HZ6_A_V4A
1HZ6,A,V,A,51,1,1HZ6_A_V51A
1HZ6,A,Y,A,34,2.8,1HZ6_A_Y34A
1HZ6,A,Y,G,34,2.8,1HZ6_A_Y34G
1HZ6,A,Y,A,36,2.5,1HZ6_A_Y36A
1HZ6,A,Y,A,56,1.5,1HZ6_A_Y56A
1HZ6,A,Y,L,56,-0.4,1HZ6_A_Y56L
1IFB,A,A,C,104,-2.5,1IFB_A_A104C
1IFB,A,G,A,65,1.1,1IFB_A_G65A
1IFB,A,I,C,23,-0.9,1IFB_A_I23C
1IFB,A,L,A,64,1.9,1IFB_A_L64A
1IFB,A,L,G,64,2.45,1IFB_A_L64G
1IFB,A,L,C,72,0,1IFB_A_L72C
1IFB,A,L,C,89,0.6,1IFB_A_L89C
1IFB,A,S,C,52,-0.6,1IFB_A_S52C
1IFB,A,V,C,60,-0.8,1IFB_A_V60C
1IFB,A,V,N,60,0.78,1IFB_A_V60N
1IOB,A,C,A,8,2.52,1IOB_A_C8A
1IOB,A,C,S,8,4.8,1IOB_A_C8S
1IOB,A,K,G,97,2.1,1IOB_A_K97G
1IOB,A,K,R,97,3.1,1IOB_A_K97R
1IOB,A,K,V,97,-0.85,1IOB_A_K97V
1IOB,A,L,A,10,5.1,1IOB_A_L10A
1IOB,A,L,A,6,3.1,1IOB_A_L6A
1IOB,A,N,D,7,-0.43,1IOB_A_N7D
1IOB,A,N,G,7,2.6,1IOB_A_N7G
1IOB,A,R,P,4,0.4,1IOB_A_R4P
1IOB,A,R,Q,4,1,1IOB_A_R4Q
1IOB,A,T,A,9,2.1,1IOB_A_T9A
1IOB,A,T,G,9,3.7,1IOB_A_T9G
1IOB,A,T,L,9,3.1,1IOB_A_T9L
1JIW,I,A,P,8,0.2,1JIW_I_A8P
1JIW,I,D,P,10,0.5,1JIW_I_D10P
1JNX,X,M,R,1775,4.2,1JNX_X_M1775R
1JNX,X,R,W,1699,3.4,1JNX_X_R1699W
1JNX,X,V,M,1833,1.7,1JNX_X_V1833M
1LRP,A,A,G,15,0.6,1LRP_A_A15G
1LRP,A,A,G,20,-0.9,1LRP_A_A20G
1LRP,A,A,G,37,-0.6,1LRP_A_A37G
1LRP,A,A,G,49,-1.2,1LRP_A_A49G
1LRP,A,A,G,62,-1.5,1LRP_A_A62G
1LRP,A,A,G,66,-0.1,1LRP_A_A66G
1LRP,A,A,G,81,-0.8,1LRP_A_A81G
1LVE,A,L,N,27C,0.57,1LVE_A_L27CN
1LVE,A,L,Q,27C,-0.63,1LVE_A_L27CQ
1LVE,A,S,T,77,-0.1,1LVE_A_S77T
1LVE,A,T,H,74,-0.7,1LVE_A_T74H
1LVE,A,V,L,27B,-1.67,1LVE_A_V27BL
1LVE,A,Y,D,27D,-2.19,1LVE_A_Y27DD
1LZ1,A,A,P,47,-1.1,1LZ1_A_A47P
1LZ1,A,D,H,49,3.7,1LZ1_A_D49H
1LZ1,A,D,P,91,0.8,1LZ1_A_D91P
1LZ1,A,G,Q,19,0.4,1LZ1_A_G19Q
1LZ1,A,P,G,103,0.1,1LZ1_A_P103G
1LZ1,A,P,G,71,1.6,1LZ1_A_P71G
1LZ1,A,V,P,110,-2.4,1LZ1_A_V110P
1LZ1,A,Y,A,20,2.8,1LZ1_A_Y20A
1LZ1,A,Y,G,20,2.5,1LZ1_A_Y20G
1N0J,A,Q,N,119,-1.2,1N0J_A_Q119N
1ONC,A,F,T,28,5.31,1ONC_A_F28T
1OTR,A,E,C,34,-0.91,1OTR_A_E34C
1OTR,A,E,G,34,-1.39,1OTR_A_E34G
1OTR,A,E,H,34,3.92,1OTR_A_E34H
1OTR,A,E,I,34,-1.65,1OTR_A_E34I
1OTR,A,E,K,34,2.15,1OTR_A_E34K
1OTR,A,E,P,34,2.13,1OTR_A_E34P
1OTR,A,E,Q,34,1.46,1OTR_A_E34Q
1OTR,A,E,T,34,-1.51,1OTR_A_E34T
1OTR,A,E,W,34,-1.32,1OTR_A_E34W
1PGA,A,A,D,20,1.65,1PGA_A_A20D
1PGA,A,A,E,20,0.58,1PGA_A_A20E
1PGA,A,A,F,20,1.73,1PGA_A_A20F
1PGA,A,A,G,20,2.39,1PGA_A_A20G
1PGA,A,A,H,20,1.91,1PGA_A_A20H
1PGA,A,A,I,20,1.86,1PGA_A_A20I
1PGA,A,A,K,20,1.77,1PGA_A_A20K
1PGA,A,A,L,20,2.03,1PGA_A_A20L
1PGA,A,A,M,20,1.86,1PGA_A_A20M
1PGA,A,A,N,20,2.85,1PGA_A_A20N
1PGA,A,A,P,20,3.48,1PGA_A_A20P
1PGA,A,A,Q,20,1.43,1PGA_A_A20Q
1PGA,A,A,R,20,2.85,1PGA_A_A20R
1PGA,A,A,S,20,3.48,1PGA_A_A20S
1PGA,A,A,T,20,0.95,1PGA_A_A20T
1PGA,A,A,V,20,1.47,1PGA_A_A20V
1PGA,A,A,Y,20,1.94,1PGA_A_A20Y
1PGA,A,A,D,23,0.44,1PGA_A_A23D
1PGA,A,A,E,23,-0.38,1PGA_A_A23E
1PGA,A,A,F,23,-0.59,1PGA_A_A23F
1PGA,A,A,G,23,0.83,1PGA_A_A23G
1PGA,A,A,H,23,0.2,1PGA_A_A23H
1PGA,A,A,I,23,-0.59,1PGA_A_A23I
1PGA,A,A,K,23,0.83,1PGA_A_A23K
1PGA,A,A,L,23,-0.22,1PGA_A_A23L
1PGA,A,A,M,23,-0.56,1PGA_A_A23M
1PGA,A,A,N,23,-0.48,1PGA_A_A23N
1PGA,A,A,Q,23,-0.8,1PGA_A_A23Q
1PGA,A,A,R,23,-0.59,1PGA_A_A23R
1PGA,A,A,S,23,-0.16,1PGA_A_A23S
1PGA,A,A,T,23,-0.8,1PGA_A_A23T
1PGA,A,A,V,23,-0.59,1PGA_A_A23V
1PGA,A,A,Y,23,-0.38,1PGA_A_A23Y
1PGA,A,A,D,24,-0.44,1PGA_A_A24D
1PGA,A,A,E,24,-0.67,1PGA_A_A24E
1PGA,A,A,F,24,-0.62,1PGA_A_A24F
1PGA,A,A,G,24,-0.27,1PGA_A_A24G
1PGA,A,A,H,24,-0.67,1PGA_A_A24H
1PGA,A,A,I,24,-0.62,1PGA_A_A24I
1PGA,A,A,K,24,-0.78,1PGA_A_A24K
1PGA,A,A,L,24,0.39,1PGA_A_A24L
1PGA,A,A,M,24,-0.55,1PGA_A_A24M
1PGA,A,A,N,24,-0.78,1PGA_A_A24N
1PGA,A,A,Q,24,-0.41,1PGA_A_A24Q
1PGA,A,A,R,24,-0.54,1PGA_A_A24R
1PGA,A,A,S,24,-0.22,1PGA_A_A24S
1PGA,A,A,T,24,-0.23,1PGA_A_A24T
1PGA,A,A,V,24,-0.54,1PGA_A_A24V
1PGA,A,A,Y,24,-0.44,1PGA_A_A24Y
1PGA,A,A,D,26,4,1PGA_A_A26D
1PGA,A,A,E,26,4,1PGA_A_A26E
1PGA,A,A,F,26,4,1PGA_A_A26F
1PGA,A,A,G,26,4,1PGA_A_A26G
1PGA,A,A,H,26,4,1PGA_A_A26H
1PGA,A,A,I,26,4,1PGA_A_A26I
1PGA,A,A,K,26,4,1PGA_A_A26K
1PGA,A,A,L,26,4,1PGA_A_A26L
1PGA,A,A,M,26,4,1PGA_A_A26M
1PGA,A,A,N,26,4,1PGA_A_A26N
1PGA,A,A,Q,26,4,1PGA_A_A26Q
1PGA,A,A,R,26,4,1PGA_A_A26R
1PGA,A,A,S,26,4,1PGA_A_A26S
1PGA,A,A,T,26,4,1PGA_A_A26T
1PGA,A,A,V,26,4,1PGA_A_A26V
1PGA,A,A,Y,26,4,1PGA_A_A26Y
1PGA,A,A,D,34,4,1PGA_A_A34D
1PGA,A,A,E,34,4,1PGA_A_A34E
1PGA,A,A,F,34,2.6,1PGA_A_A34F
1PGA,A,A,G,34,2.48,1PGA_A_A34G
1PGA,A,A,H,34,3.19,1PGA_A_A34H
1PGA,A,A,I,34,3.19,1PGA_A_A34I
1PGA,A,A,K,34,2.81,1PGA_A_A34K
1PGA,A,A,L,34,2.81,1PGA_A_A34L
1PGA,A,A,M,34,0.45,1PGA_A_A34M
1PGA,A,A,N,34,1.46,1PGA_A_A34N
1PGA,A,A,P,34,4,1PGA_A_A34P
1PGA,A,A,Q,34,4,1PGA_A_A34Q
1PGA,A,A,R,34,2.93,1PGA_A_A34R
1PGA,A,A,S,34,2.93,1PGA_A_A34S
1PGA,A,A,T,34,0.53,1PGA_A_A34T
1PGA,A,A,V,34,0.38,1PGA_A_A34V
1PGA,A,A,Y,34,2,1PGA_A_A34Y
1PGA,A,A,D,48,-0.35,1PGA_A_A48D
1PGA,A,A,E,48,-0.46,1PGA_A_A48E
1PGA,A,A,F,48,-0.46,1PGA_A_A48F
1PGA,A,A,G,48,0.12,1PGA_A_A48G
1PGA,A,A,H,48,0.12,1PGA_A_A48H
1PGA,A,A,I,48,0.08,1PGA_A_A48I
1PGA,A,A,K,48,-0.5,1PGA_A_A48K
1PGA,A,A,L,48,-0.51,1PGA_A_A48L
1PGA,A,A,M,48,-0.51,1PGA_A_A48M
1PGA,A,A,N,48,-0.13,1PGA_A_A48N
1PGA,A,A,Q,48,-0.54,1PGA_A_A48Q
1PGA,A,A,R,48,-0.54,1PGA_A_A48R
1PGA,A,A,S,48,-0.29,1PGA_A_A48S
1PGA,A,A,T,48,-0.29,1PGA_A_A48T
1PGA,A,A,V,48,-0.33,1PGA_A_A48V
1PGA,A,A,Y,48,-0.41,1PGA_A_A48Y
1PGA,A,D,A,22,1.75,1PGA_A_D22A
1PGA,A,D,E,22,0.82,1PGA_A_D22E
1PGA,A,D,F,22,1.08,1PGA_A_D22F
1PGA,A,D,H,22,0.99,1PGA_A_D22H
1PGA,A,D,I,22,2.21,1PGA_A_D22I
1PGA,A,D,K,22,1.22,1PGA_A_D22K
1PGA,A,D,L,22,1.18,1PGA_A_D22L
1PGA,A,D,M,22,2.21,1PGA_A_D22M
1PGA,A,D,N,22,1.22,1PGA_A_D22N
1PGA,A,D,P,22,2.93,1PGA_A_D22P
1PGA,A,D,Q,22,1.35,1PGA_A_D22Q
1PGA,A,D,R,22,1.47,1PGA_A_D22R
1PGA,A,D,S,22,2.93,1PGA_A_D22S
1PGA,A,D,T,22,1.21,1PGA_A_D22T
1PGA,A,D,V,22,1.47,1PGA_A_D22V
1PGA,A,D,Y,22,1.17,1PGA_A_D22Y
1PGA,A,D,A,36,-0.4,1PGA_A_D36A
1PGA,A,D,E,36,-1.05,1PGA_A_D36E
1PGA,A,D,F,36,-1.05,1PGA_A_D36F
1PGA,A,D,G,36,0.95,1PGA_A_D36G
1PGA,A,D,H,36,0.95,1PGA_A_D36H
1PGA,A,D,I,36,-0.28,1PGA_A_D36I
1PGA,A,D,K,36,-0.28,1PGA_A_D36K
1PGA,A,D,L,36,-0.29,1PGA_A_D36L
1PGA,A,D,M,36,-0.5,1PGA_A_D36M
1PGA,A,D,N,36,-0.5,1PGA_A_D36N
1PGA,A,D,Q,36,2.7,1PGA_A_D36Q
1PGA,A,D,R,36,-0.41,1PGA_A_D36R
1PGA,A,D,S,36,-0.46,1PGA_A_D36S
1PGA,A,D,T,36,-0.46,1PGA_A_D36T
1PGA,A,D,V,36,-0.3,1PGA_A_D36V
1PGA,A,D,Y,36,-0.43,1PGA_A_D36Y
1PGA,A,D,A,40,-0.12,1PGA_A_D40A
1PGA,A,D,E,40,-0.5,1PGA_A_D40E
1PGA,A,D,F,40,-0.82,1PGA_A_D40F
1PGA,A,D,G,40,-0.82,1PGA_A_D40G
1PGA,A,D,H,40,4,1PGA_A_D40H
1PGA,A,D,I,40,4,1PGA_A_D40I
1PGA,A,D,K,40,-0.59,1PGA_A_D40K
1PGA,A,D,L,40,-0.55,1PGA_A_D40L
1PGA,A,D,M,40,-0.46,1PGA_A_D40M
1PGA,A,D,N,40,-0.67,1PGA_A_D40N
1PGA,A,D,P,40,1.72,1PGA_A_D40P
1PGA,A,D,Q,40,1.72,1PGA_A_D40Q
1PGA,A,D,R,40,-0.72,1PGA_A_D40R
1PGA,A,D,S,40,-0.56,1PGA_A_D40S
1PGA,A,D,T,40,-0.57,1PGA_A_D40T
1PGA,A,D,V,40,-0.59,1PGA_A_D40V
1PGA,A,D,Y,40,-0.84,1PGA_A_D40Y
1PGA,A,D,E,46,1.31,1PGA_A_D46E
1PGA,A,D,F,46,0.52,1PGA_A_D46F
1PGA,A,D,G,46,2.67,1PGA_A_D46G
1PGA,A,D,H,46,2.67,1PGA_A_D46H
1PGA,A,D,I,46,0.84,1PGA_A_D46I
1PGA,A,D,K,46,0.61,1PGA_A_D46K
1PGA,A,D,L,46,0.61,1PGA_A_D46L
1PGA,A,D,M,46,0.84,1PGA_A_D46M
1PGA,A,D,N,46,0.84,1PGA_A_D46N
1PGA,A,D,P,46,4,1PGA_A_D46P
1PGA,A,D,Q,46,4,1PGA_A_D46Q
1PGA,A,D,R,46,1.72,1PGA_A_D46R
1PGA,A,D,S,46,1.72,1PGA_A_D46S
1PGA,A,D,T,46,0.8,1PGA_A_D46T
1PGA,A,D,V,46,0.8,1PGA_A_D46V
1PGA,A,D,Y,46,1.31,1PGA_A_D46Y
1PGA,A,D,E,47,-0.69,1PGA_A_D47E
1PGA,A,D,F,47,-0.69,1PGA_A_D47F
1PGA,A,D,G,47,-0.58,1PGA_A_D47G
1PGA,A,D,H,47,-0.25,1PGA_A_D47H
1PGA,A,D,I,47,-0.74,1PGA_A_D47I
1PGA,A,D,K,47,-0.74,1PGA_A_D47K
1PGA,A,D,L,47,0.33,1PGA_A_D47L
1PGA,A,D,M,47,0.75,1PGA_A_D47M
1PGA,A,D,N,47,0.75,1PGA_A_D47N
1PGA,A,D,P,47,-0.9,1PGA_A_D47P
1PGA,A,D,Q,47,-0.9,1PGA_A_D47Q
1PGA,A,D,R,47,-0.58,1PGA_A_D47R
1PGA,A,D,S,47,-0.46,1PGA_A_D47S
1PGA,A,D,T,47,-0.46,1PGA_A_D47T
1PGA,A,D,V,47,0.07,1PGA_A_D47V
1PGA,A,D,Y,47,-0.35,1PGA_A_D47Y
1PGA,A,E,A,15,0.47,1PGA_A_E15A
1PGA,A,E,D,15,0.19,1PGA_A_E15D
1PGA,A,E,F,15,-0.57,1PGA_A_E15F
1PGA,A,E,G,15,0.22,1PGA_A_E15G
1PGA,A,E,H,15,0.25,1PGA_A_E15H
1PGA,A,E,I,15,-0.6,1PGA_A_E15I
1PGA,A,E,K,15,0.22,1PGA_A_E15K
1PGA,A,E,L,15,0.25,1PGA_A_E15L
1PGA,A,E,M,15,-0.72,1PGA_A_E15M
1PGA,A,E,N,15,-0.16,1PGA_A_E15N
1PGA,A,E,P,15,1.98,1PGA_A_E15P
1PGA,A,E,Q,15,-0.87,1PGA_A_E15Q
1PGA,A,E,R,15,-0.28,1PGA_A_E15R
1PGA,A,E,S,15,1.98,1PGA_A_E15S
1PGA,A,E,T,15,-0.87,1PGA_A_E15T
1PGA,A,E,V,15,-0.92,1PGA_A_E15V
1PGA,A,E,Y,15,-0.66,1PGA_A_E15Y
1PGA,A,E,A,19,-0.05,1PGA_A_E19A
1PGA,A,E,D,19,-0.2,1PGA_A_E19D
1PGA,A,E,F,19,-0.84,1PGA_A_E19F
1PGA,A,E,G,19,1.47,1PGA_A_E19G
1PGA,A,E,H,19,-0.02,1PGA_A_E19H
1PGA,A,E,I,19,-0.93,1PGA_A_E19I
1PGA,A,E,K,19,1.47,1PGA_A_E19K
1PGA,A,E,L,19,-0.37,1PGA_A_E19L
1PGA,A,E,M,19,-0.93,1PGA_A_E19M
1PGA,A,E,N,19,-0.64,1PGA_A_E19N
1PGA,A,E,P,19,0.78,1PGA_A_E19P
1PGA,A,E,Q,19,-0.52,1PGA_A_E19Q
1PGA,A,E,R,19,-0.72,1PGA_A_E19R
1PGA,A,E,S,19,0.78,1PGA_A_E19S
1PGA,A,E,T,19,-0.65,1PGA_A_E19T
1PGA,A,E,V,19,-0.72,1PGA_A_E19V
1PGA,A,E,Y,19,-0.77,1PGA_A_E19Y
1PGA,A,E,A,27,-0.41,1PGA_A_E27A
1PGA,A,E,D,27,0.72,1PGA_A_E27D
1PGA,A,E,F,27,-1.92,1PGA_A_E27F
1PGA,A,E,G,27,-0.01,1PGA_A_E27G
1PGA,A,E,H,27,4,1PGA_A_E27H
1PGA,A,E,I,27,-0.1,1PGA_A_E27I
1PGA,A,E,K,27,4,1PGA_A_E27K
1PGA,A,E,L,27,-1.82,1PGA_A_E27L
1PGA,A,E,M,27,-0.93,1PGA_A_E27M
1PGA,A,E,N,27,1.64,1PGA_A_E27N
1PGA,A,E,P,27,4,1PGA_A_E27P
1PGA,A,E,Q,27,-0.93,1PGA_A_E27Q
1PGA,A,E,R,27,1.64,1PGA_A_E27R
1PGA,A,E,S,27,4,1PGA_A_E27S
1PGA,A,E,T,27,1.04,1PGA_A_E27T
1PGA,A,E,V,27,0.91,1PGA_A_E27V
1PGA,A,E,Y,27,0.36,1PGA_A_E27Y
1PGA,A,E,A,42,-0.68,1PGA_A_E42A
1PGA,A,E,D,42,-0.68,1PGA_A_E42D
1PGA,A,E,F,42,-0.63,1PGA_A_E42F
1PGA,A,E,G,42,0.88,1PGA_A_E42G
1PGA,A,E,H,42,0.88,1PGA_A_E42H
1PGA,A,E,I,42,-1.19,1PGA_A_E42I
1PGA,A,E,K,42,-1.19,1PGA_A_E42K
1PGA,A,E,L,42,-0.65,1PGA_A_E42L
1PGA,A,E,M,42,-0.61,1PGA_A_E42M
1PGA,A,E,N,42,-0.42,1PGA_A_E42N
1PGA,A,E,P,42,1.26,1PGA_A_E42P
1PGA,A,E,Q,42,1.26,1PGA_A_E42Q
1PGA,A,E,R,42,-0.71,1PGA_A_E42R
1PGA,A,E,S,42,-0.55,1PGA_A_E42S
1PGA,A,E,T,42,-0.13,1PGA_A_E42T
1PGA,A,E,V,42,-0.28,1PGA_A_E42V
1PGA,A,E,Y,42,-0.69,1PGA_A_E42Y
1PGA,A,E,A,56,0.18,1PGA_A_E56A
1PGA,A,E,D,56,0.18,1PGA_A_E56D
1PGA,A,E,F,56,-1.03,1PGA_A_E56F
1PGA,A,E,G,56,-1.03,1PGA_A_E56G
1PGA,A,E,H,56,1.06,1PGA_A_E56H
1PGA,A,E,I,56,1.06,1PGA_A_E56I
1PGA,A,E,K,56,1.04,1PGA_A_E56K
1PGA,A,E,L,56,1.04,1PGA_A_E56L
1PGA,A,E,M,56,0.29,1PGA_A_E56M
1PGA,A,E,N,56,0.29,1PGA_A_E56N
1PGA,A,E,P,56,0.66,1PGA_A_E56P
1PGA,A,E,Q,56,0.66,1PGA_A_E56Q
1PGA,A,E,R,56,1.34,1PGA_A_E56R
1PGA,A,E,S,56,1.34,1PGA_A_E56S
1PGA,A,E,T,56,0.2,1PGA_A_E56T
1PGA,A,E,V,56,0.25,1PGA_A_E56V
1PGA,A,E,Y,56,-0.68,1PGA_A_E56Y
1PGA,A,F,A,30,3.04,1PGA_A_F30A
1PGA,A,F,D,30,3.04,1PGA_A_F30D
1PGA,A,F,E,30,4,1PGA_A_F30E
1PGA,A,F,G,30,4,1PGA_A_F30G
1PGA,A,F,H,30,4,1PGA_A_F30H
1PGA,A,F,I,30,4,1PGA_A_F30I
1PGA,A,F,K,30,4,1PGA_A_F30K
1PGA,A,F,L,30,4,1PGA_A_F30L
1PGA,A,F,M,30,1.66,1PGA_A_F30M
1PGA,A,F,N,30,4,1PGA_A_F30N
1PGA,A,F,P,30,4,1PGA_A_F30P
1PGA,A,F,Q,30,4,1PGA_A_F30Q
1PGA,A,F,R,30,4,1PGA_A_F30R
1PGA,A,F,S,30,4,1PGA_A_F30S
1PGA,A,F,T,30,4,1PGA_A_F30T
1PGA,A,F,V,30,4,1PGA_A_F30V
1PGA,A,F,Y,30,2.53,1PGA_A_F30Y
1PGA,A,F,A,52,4,1PGA_A_F52A
1PGA,A,F,D,52,4,1PGA_A_F52D
1PGA,A,F,E,52,4,1PGA_A_F52E
1PGA,A,F,G,52,4,1PGA_A_F52G
1PGA,A,F,H,52,4,1PGA_A_F52H
1PGA,A,F,I,52,2.66,1PGA_A_F52I
1PGA,A,F,K,52,4,1PGA_A_F52K
1PGA,A,F,L,52,4,1PGA_A_F52L
1PGA,A,F,M,52,2.71,1PGA_A_F52M
1PGA,A,F,N,52,4,1PGA_A_F52N
1PGA,A,F,P,52,4,1PGA_A_F52P
1PGA,A,F,Q,52,4,1PGA_A_F52Q
1PGA,A,F,R,52,4,1PGA_A_F52R
1PGA,A,F,S,52,4,1PGA_A_F52S
1PGA,A,F,T,52,4,1PGA_A_F52T
1PGA,A,F,V,52,4,1PGA_A_F52V
1PGA,A,F,Y,52,2.99,1PGA_A_F52Y
1PGA,A,G,A,14,-0.51,1PGA_A_G14A
1PGA,A,G,D,14,-0.1,1PGA_A_G14D
1PGA,A,G,E,14,-0.53,1PGA_A_G14E
1PGA,A,G,F,14,-0.67,1PGA_A_G14F
1PGA,A,G,H,14,-0.08,1PGA_A_G14H
1PGA,A,G,I,14,-0.81,1PGA_A_G14I
1PGA,A,G,K,14,-0.72,1PGA_A_G14K
1PGA,A,G,L,14,-1.25,1PGA_A_G14L
1PGA,A,G,M,14,-0.94,1PGA_A_G14M
1PGA,A,G,N,14,-0.72,1PGA_A_G14N
1PGA,A,G,P,14,-1.25,1PGA_A_G14P
1PGA,A,G,Q,14,-0.94,1PGA_A_G14Q
1PGA,A,G,R,14,-0.87,1PGA_A_G14R
1PGA,A,G,S,14,0.88,1PGA_A_G14S
1PGA,A,G,T,14,-0.52,1PGA_A_G14T
1PGA,A,G,V,14,-0.87,1PGA_A_G14V
1PGA,A,G,Y,14,-0.51,1PGA_A_G14Y
1PGA,A,G,A,38,0.29,1PGA_A_G38A
1PGA,A,G,D,38,0.29,1PGA_A_G38D
1PGA,A,G,E,38,0.13,1PGA_A_G38E
1PGA,A,G,F,38,0.2,1PGA_A_G38F
1PGA,A,G,H,38,-0.5,1PGA_A_G38H
1PGA,A,G,I,38,1.44,1PGA_A_G38I
1PGA,A,G,K,38,1.44,1PGA_A_G38K
1PGA,A,G,L,38,-0.29,1PGA_A_G38L
1PGA,A,G,M,38,0.47,1PGA_A_G38M
1PGA,A,G,N,38,0.47,1PGA_A_G38N
1PGA,A,G,P,38,2.74,1PGA_A_G38P
1PGA,A,G,Q,38,2.74,1PGA_A_G38Q
1PGA,A,G,R,38,0.42,1PGA_A_G38R
1PGA,A,G,S,38,0.42,1PGA_A_G38S
1PGA,A,G,T,38,1.01,1PGA_A_G38T
1PGA,A,G,V,38,1.31,1PGA_A_G38V
1PGA,A,G,Y,38,1.31,1PGA_A_G38Y
1PGA,A,G,A,41,2.84,1PGA_A_G41A
1PGA,A,G,C,41,-1.3,1PGA_A_G41C
1PGA,A,G,D,41,4,1PGA_A_G41D
1PGA,A,G,E,41,4,1PGA_A_G41E
1PGA,A,G,F,41,4,1PGA_A_G41F
1PGA,A,G,H,41,4,1PGA_A_G41H
1PGA,A,G,I,41,4,1PGA_A_G41I
1PGA,A,G,K,41,2.41,1PGA_A_G41K
1PGA,A,G,L,41,4,1PGA_A_G41L
1PGA,A,G,M,41,4,1PGA_A_G41M
1PGA,A,G,N,41,4,1PGA_A_G41N
1PGA,A,G,P,41,4,1PGA_A_G41P
1PGA,A,G,Q,41,4,1PGA_A_G41Q
1PGA,A,G,R,41,4,1PGA_A_G41R
1PGA,A,G,S,41,4,1PGA_A_G41S
1PGA,A,G,T,41,4,1PGA_A_G41T
1PGA,A,G,V,41,4,1PGA_A_G41V
1PGA,A,G,Y,41,4,1PGA_A_G41Y
1PGA,A,G,A,9,0.25,1PGA_A_G9A
1PGA,A,G,D,9,2.5,1PGA_A_G9D
1PGA,A,G,E,9,2,1PGA_A_G9E
1PGA,A,G,F,9,0,1PGA_A_G9F
1PGA,A,G,H,9,1.22,1PGA_A_G9H
1PGA,A,G,I,9,0.59,1PGA_A_G9I
1PGA,A,G,K,9,1.23,1PGA_A_G9K
1PGA,A,G,L,9,-0.32,1PGA_A_G9L
1PGA,A,G,M,9,1.22,1PGA_A_G9M
1PGA,A,G,N,9,1.29,1PGA_A_G9N
1PGA,A,G,Q,9,1.06,1PGA_A_G9Q
1PGA,A,G,R,9,0.88,1PGA_A_G9R
1PGA,A,G,S,9,1.29,1PGA_A_G9S
1PGA,A,G,T,9,2.38,1PGA_A_G9T
1PGA,A,G,V,9,1.06,1PGA_A_G9V
1PGA,A,G,Y,9,0.88,1PGA_A_G9Y
1PGA,A,I,A,6,2.09,1PGA_A_I6A
1PGA,A,I,D,6,1.97,1PGA_A_I6D
1PGA,A,I,E,6,1.03,1PGA_A_I6E
1PGA,A,I,F,6,0.1,1PGA_A_I6F
1PGA,A,I,G,6,3.08,1PGA_A_I6G
1PGA,A,I,H,6,1.06,1PGA_A_I6H
1PGA,A,I,K,6,0.47,1PGA_A_I6K
1PGA,A,I,M,6,0.5,1PGA_A_I6M
1PGA,A,I,P,6,4,1PGA_A_I6P
1PGA,A,I,Q,6,0.58,1PGA_A_I6Q
1PGA,A,I,R,6,0.66,1PGA_A_I6R
1PGA,A,I,S,6,1.38,1PGA_A_I6S
1PGA,A,I,V,6,0.58,1PGA_A_I6V
1PGA,A,I,Y,6,0.66,1PGA_A_I6Y
1PGA,A,K,A,10,-0.22,1PGA_A_K10A
1PGA,A,K,D,10,0.5,1PGA_A_K10D
1PGA,A,K,E,10,-0.55,1PGA_A_K10E
1PGA,A,K,F,10,-0.22,1PGA_A_K10F
1PGA,A,K,G,10,0.35,1PGA_A_K10G
1PGA,A,K,H,10,-0.15,1PGA_A_K10H
1PGA,A,K,I,10,-0.56,1PGA_A_K10I
1PGA,A,K,L,10,-0.72,1PGA_A_K10L
1PGA,A,K,M,10,-0.25,1PGA_A_K10M
1PGA,A,K,N,10,-0.1,1PGA_A_K10N
1PGA,A,K,Q,10,-0.72,1PGA_A_K10Q
1PGA,A,K,R,10,-0.65,1PGA_A_K10R
1PGA,A,K,S,10,0.13,1PGA_A_K10S
1PGA,A,K,T,10,-0.2,1PGA_A_K10T
1PGA,A,K,V,10,-0.41,1PGA_A_K10V
1PGA,A,K,Y,10,-0.65,1PGA_A_K10Y
1PGA,A,K,A,13,-0.21,1PGA_A_K13A
1PGA,A,K,D,13,0.45,1PGA_A_K13D
1PGA,A,K,E,13,-0.02,1PGA_A_K13E
1PGA,A,K,F,13,-0.64,1PGA_A_K13F
1PGA,A,K,G,13,0.35,1PGA_A_K13G
1PGA,A,K,H,13,-0.45,1PGA_A_K13H
1PGA,A,K,I,13,-0.23,1PGA_A_K13I
1PGA,A,K,L,13,0.06,1PGA_A_K13L
1PGA,A,K,M,13,-0.32,1PGA_A_K13M
1PGA,A,K,N,13,-0.01,1PGA_A_K13N
1PGA,A,K,P,13,0.99,1PGA_A_K13P
1PGA,A,K,Q,13,-1.07,1PGA_A_K13Q
1PGA,A,K,R,13,-0.33,1PGA_A_K13R
1PGA,A,K,S,13,0.99,1PGA_A_K13S
1PGA,A,K,T,13,-1.07,1PGA_A_K13T
1PGA,A,K,V,13,-0.53,1PGA_A_K13V
1PGA,A,K,Y,13,-0.69,1PGA_A_K13Y
1PGA,A,K,A,28,-0.57,1PGA_A_K28A
1PGA,A,K,D,28,-0.57,1PGA_A_K28D
1PGA,A,K,E,28,-0.56,1PGA_A_K28E
1PGA,A,K,F,28,-0.56,1PGA_A_K28F
1PGA,A,K,G,28,-0.27,1PGA_A_K28G
1PGA,A,K,H,28,-0.07,1PGA_A_K28H
1PGA,A,K,I,28,-0.72,1PGA_A_K28I
1PGA,A,K,L,28,-0.31,1PGA_A_K28L
1PGA,A,K,M,28,-0.58,1PGA_A_K28M
1PGA,A,K,N,28,-0.58,1PGA_A_K28N
1PGA,A,K,P,28,1.23,1PGA_A_K28P
1PGA,A,K,Q,28,1.23,1PGA_A_K28Q
1PGA,A,K,R,28,-0.91,1PGA_A_K28R
1PGA,A,K,S,28,-0.91,1PGA_A_K28S
1PGA,A,K,T,28,-0.36,1PGA_A_K28T
1PGA,A,K,V,28,-0.23,1PGA_A_K28V
1PGA,A,K,Y,28,-0.25,1PGA_A_K28Y
1PGA,A,K,A,31,0.44,1PGA_A_K31A
1PGA,A,K,D,31,4,1PGA_A_K31D
1PGA,A,K,E,31,4,1PGA_A_K31E
1PGA,A,K,F,31,0.78,1PGA_A_K31F
1PGA,A,K,G,31,2.02,1PGA_A_K31G
1PGA,A,K,H,31,4,1PGA_A_K31H
1PGA,A,K,I,31,4,1PGA_A_K31I
1PGA,A,K,L,31,-0.17,1PGA_A_K31L
1PGA,A,K,M,31,-0.39,1PGA_A_K31M
1PGA,A,K,N,31,0.58,1PGA_A_K31N
1PGA,A,K,P,31,4,1PGA_A_K31P
1PGA,A,K,Q,31,4,1PGA_A_K31Q
1PGA,A,K,R,31,4,1PGA_A_K31R
1PGA,A,K,S,31,4,1PGA_A_K31S
1PGA,A,K,T,31,0.72,1PGA_A_K31T
1PGA,A,K,V,31,0.48,1PGA_A_K31V
1PGA,A,K,Y,31,0.48,1PGA_A_K31Y
1PGA,A,K,A,4,0.34,1PGA_A_K4A
1PGA,A,K,D,4,2.05,1PGA_A_K4D
1PGA,A,K,E,4,1.36,1PGA_A_K4E
1PGA,A,K,F,4,-1.04,1PGA_A_K4F
1PGA,A,K,G,4,1.23,1PGA_A_K4G
1PGA,A,K,H,4,-0.74,1PGA_A_K4H
1PGA,A,K,I,4,-1.08,1PGA_A_K4I
1PGA,A,K,L,4,0.21,1PGA_A_K4L
1PGA,A,K,M,4,-0.49,1PGA_A_K4M
1PGA,A,K,N,4,0.21,1PGA_A_K4N
1PGA,A,K,P,4,4,1PGA_A_K4P
1PGA,A,K,Q,4,0.21,1PGA_A_K4Q
1PGA,A,K,R,4,-0.77,1PGA_A_K4R
1PGA,A,K,S,4,0.21,1PGA_A_K4S
1PGA,A,K,T,4,4,1PGA_A_K4T
1PGA,A,K,V,4,0.27,1PGA_A_K4V
1PGA,A,K,Y,4,-0.82,1PGA_A_K4Y
1PGA,A,K,D,50,1.33,1PGA_A_K50D
1PGA,A,K,E,50,1.33,1PGA_A_K50E
1PGA,A,K,F,50,1.09,1PGA_A_K50F
1PGA,A,K,G,50,-0.34,1PGA_A_K50G
1PGA,A,K,H,50,-0.82,1PGA_A_K50H
1PGA,A,K,I,50,1.52,1PGA_A_K50I
1PGA,A,K,L,50,-0.55,1PGA_A_K50L
1PGA,A,K,M,50,-0.55,1PGA_A_K50M
1PGA,A,K,N,50,-0.38,1PGA_A_K50N
1PGA,A,K,P,50,4,1PGA_A_K50P
1PGA,A,K,Q,50,4,1PGA_A_K50Q
1PGA,A,K,R,50,-1.17,1PGA_A_K50R
1PGA,A,K,S,50,-0.76,1PGA_A_K50S
1PGA,A,K,T,50,1.17,1PGA_A_K50T
1PGA,A,K,V,50,1.35,1PGA_A_K50V
1PGA,A,K,Y,50,1.35,1PGA_A_K50Y
1PGA,A,L,A,12,0.28,1PGA_A_L12A
1PGA,A,L,D,12,0.68,1PGA_A_L12D
1PGA,A,L,E,12,0.25,1PGA_A_L12E
1PGA,A,L,F,12,-1.26,1PGA_A_L12F
1PGA,A,L,G,12,0.28,1PGA_A_L12G
1PGA,A,L,H,12,-0.28,1PGA_A_L12H
1PGA,A,L,I,12,-0.99,1PGA_A_L12I
1PGA,A,L,K,12,-0.6,1PGA_A_L12K
1PGA,A,L,M,12,-0.34,1PGA_A_L12M
1PGA,A,L,N,12,-0.09,1PGA_A_L12N
1PGA,A,L,P,12,1.23,1PGA_A_L12P
1PGA,A,L,Q,12,-0.34,1PGA_A_L12Q
1PGA,A,L,R,12,-0.24,1PGA_A_L12R
1PGA,A,L,S,12,1.23,1PGA_A_L12S
1PGA,A,L,T,12,-0.42,1PGA_A_L12T
1PGA,A,L,V,12,-0.63,1PGA_A_L12V
1PGA,A,L,Y,12,-1.78,1PGA_A_L12Y
1PGA,A,L,A,5,2.01,1PGA_A_L5A
1PGA,A,L,D,5,4,1PGA_A_L5D
1PGA,A,L,E,5,4,1PGA_A_L5E
1PGA,A,L,F,5,0.47,1PGA_A_L5F
1PGA,A,L,G,5,4,1PGA_A_L5G
1PGA,A,L,H,5,4,1PGA_A_L5H
1PGA,A,L,I,5,1.34,1PGA_A_L5I
1PGA,A,L,K,5,4,1PGA_A_L5K
1PGA,A,L,M,5,0.68,1PGA_A_L5M
1PGA,A,L,N,5,4,1PGA_A_L5N
1PGA,A,L,P,5,1.65,1PGA_A_L5P
1PGA,A,L,Q,5,4,1PGA_A_L5Q
1PGA,A,L,R,5,-0.72,1PGA_A_L5R
1PGA,A,L,S,5,4,1PGA_A_L5S
1PGA,A,L,T,5,4,1PGA_A_L5T
1PGA,A,L,V,5,4,1PGA_A_L5V
1PGA,A,L,Y,5,2.76,1PGA_A_L5Y
1PGA,A,L,A,7,1.85,1PGA_A_L7A
1PGA,A,L,D,7,3.11,1PGA_A_L7D
1PGA,A,L,E,7,2.79,1PGA_A_L7E
1PGA,A,L,F,7,-0.26,1PGA_A_L7F
1PGA,A,L,G,7,4,1PGA_A_L7G
1PGA,A,L,H,7,1.59,1PGA_A_L7H
1PGA,A,L,I,7,-0.97,1PGA_A_L7I
1PGA,A,L,K,7,2.76,1PGA_A_L7K
1PGA,A,L,M,7,-0.5,1PGA_A_L7M
1PGA,A,L,N,7,4,1PGA_A_L7N
1PGA,A,L,P,7,2.88,1PGA_A_L7P
1PGA,A,L,Q,7,1.54,1PGA_A_L7Q
1PGA,A,L,R,7,2.07,1PGA_A_L7R
1PGA,A,L,S,7,4,1PGA_A_L7S
1PGA,A,L,T,7,2.88,1PGA_A_L7T
1PGA,A,L,V,7,1.54,1PGA_A_L7V
1PGA,A,L,Y,7,2.07,1PGA_A_L7Y
1PGA,A,N,A,35,-0.59,1PGA_A_N35A
1PGA,A,N,D,35,-0.59,1PGA_A_N35D
1PGA,A,N,E,35,-0.75,1PGA_A_N35E
1PGA,A,N,F,35,-1,1PGA_A_N35F
1PGA,A,N,G,35,2.5,1PGA_A_N35G
1PGA,A,N,H,35,-0.11,1PGA_A_N35H
1PGA,A,N,I,35,-0.68,1PGA_A_N35I
1PGA,A,N,K,35,-1.04,1PGA_A_N35K
1PGA,A,N,L,35,-1.04,1PGA_A_N35L
1PGA,A,N,M,35,-0.85,1PGA_A_N35M
1PGA,A,N,P,35,4,1PGA_A_N35P
1PGA,A,N,Q,35,4,1PGA_A_N35Q
1PGA,A,N,R,35,-0.84,1PGA_A_N35R
1PGA,A,N,S,35,-0.76,1PGA_A_N35S
1PGA,A,N,T,35,-0.76,1PGA_A_N35T
1PGA,A,N,V,35,-0.48,1PGA_A_N35V
1PGA,A,N,Y,35,-0.93,1PGA_A_N35Y
1PGA,A,N,A,37,-0.36,1PGA_A_N37A
1PGA,A,N,D,37,1.12,1PGA_A_N37D
1PGA,A,N,E,37,1.12,1PGA_A_N37E
1PGA,A,N,F,37,-1.01,1PGA_A_N37F
1PGA,A,N,G,37,-1.01,1PGA_A_N37G
1PGA,A,N,H,37,0.94,1PGA_A_N37H
1PGA,A,N,I,37,-0.7,1PGA_A_N37I
1PGA,A,N,K,37,-1.02,1PGA_A_N37K
1PGA,A,N,L,37,-1.43,1PGA_A_N37L
1PGA,A,N,M,37,-0.95,1PGA_A_N37M
1PGA,A,N,P,37,3.69,1PGA_A_N37P
1PGA,A,N,Q,37,3.69,1PGA_A_N37Q
1PGA,A,N,R,37,-0.94,1PGA_A_N37R
1PGA,A,N,S,37,-0.42,1PGA_A_N37S
1PGA,A,N,T,37,-0.22,1PGA_A_N37T
1PGA,A,N,V,37,-0.48,1PGA_A_N37V
1PGA,A,N,Y,37,-0.78,1PGA_A_N37Y
1PGA,A,N,A,8,0.28,1PGA_A_N8A
1PGA,A,N,D,8,-0.19,1PGA_A_N8D
1PGA,A,N,E,8,0.01,1PGA_A_N8E
1PGA,A,N,F,8,-0.35,1PGA_A_N8F
1PGA,A,N,G,8,0.85,1PGA_A_N8G
1PGA,A,N,H,8,-0.24,1PGA_A_N8H
1PGA,A,N,I,8,-0.56,1PGA_A_N8I
1PGA,A,N,K,8,-0.45,1PGA_A_N8K
1PGA,A,N,L,8,-0.95,1PGA_A_N8L
1PGA,A,N,M,8,-0.37,1PGA_A_N8M
1PGA,A,N,P,8,1.45,1PGA_A_N8P
1PGA,A,N,Q,8,-0.29,1PGA_A_N8Q
1PGA,A,N,R,8,-0.64,1PGA_A_N8R
1PGA,A,N,S,8,0.04,1PGA_A_N8S
1PGA,A,N,T,8,1.45,1PGA_A_N8T
1PGA,A,N,V,8,-0.29,1PGA_A_N8V
1PGA,A,N,Y,8,-0.64,1PGA_A_N8Y
1PGA,A,Q,A,32,-0.16,1PGA_A_Q32A
1PGA,A,Q,D,32,-0.16,1PGA_A_Q32D
1PGA,A,Q,E,32,-0.38,1PGA_A_Q32E
1PGA,A,Q,F,32,-0.38,1PGA_A_Q32F
1PGA,A,Q,G,32,1,1PGA_A_Q32G
1PGA,A,Q,H,32,0.42,1PGA_A_Q32H
1PGA,A,Q,I,32,0.2,1PGA_A_Q32I
1PGA,A,Q,K,32,-0.58,1PGA_A_Q32K
1PGA,A,Q,L,32,-0.58,1PGA_A_Q32L
1PGA,A,Q,M,32,-0.5,1PGA_A_Q32M
1PGA,A,Q,N,32,-0.5,1PGA_A_Q32N
1PGA,A,Q,P,32,-0.61,1PGA_A_Q32P
1PGA,A,Q,R,32,-0.39,1PGA_A_Q32R
1PGA,A,Q,S,32,-0.39,1PGA_A_Q32S
1PGA,A,Q,T,32,-0.32,1PGA_A_Q32T
1PGA,A,Q,V,32,-0.32,1PGA_A_Q32V
1PGA,A,Q,Y,32,0.39,1PGA_A_Q32Y
1PGA,A,T,A,11,0.6,1PGA_A_T11A
1PGA,A,T,D,11,-0.46,1PGA_A_T11D
1PGA,A,T,E,11,-0.46,1PGA_A_T11E
1PGA,A,T,F,11,-0.76,1PGA_A_T11F
1PGA,A,T,G,11,0.01,1PGA_A_T11G
1PGA,A,T,H,11,-0.42,1PGA_A_T11H
1PGA,A,T,I,11,-0.56,1PGA_A_T11I
1PGA,A,T,K,11,-0.35,1PGA_A_T11K
1PGA,A,T,L,11,-0.38,1PGA_A_T11L
1PGA,A,T,M,11,-0.39,1PGA_A_T11M
1PGA,A,T,N,11,-0.17,1PGA_A_T11N
1PGA,A,T,P,11,1.03,1PGA_A_T11P
1PGA,A,T,Q,11,-0.59,1PGA_A_T11Q
1PGA,A,T,R,11,-0.39,1PGA_A_T11R
1PGA,A,T,S,11,-0.3,1PGA_A_T11S
1PGA,A,T,V,11,-0.54,1PGA_A_T11V
1PGA,A,T,Y,11,-0.3,1PGA_A_T11Y
1PGA,A,T,A,16,0.38,1PGA_A_T16A
1PGA,A,T,D,16,1.04,1PGA_A_T16D
1PGA,A,T,E,16,0.23,1PGA_A_T16E
1PGA,A,T,F,16,-1.85,1PGA_A_T16F
1PGA,A,T,G,16,-1.85,1PGA_A_T16G
1PGA,A,T,H,16,1.21,1PGA_A_T16H
1PGA,A,T,I,16,-1.34,1PGA_A_T16I
1PGA,A,T,K,16,-1.01,1PGA_A_T16K
1PGA,A,T,L,16,-1.08,1PGA_A_T16L
1PGA,A,T,M,16,-0.97,1PGA_A_T16M
1PGA,A,T,N,16,-0.7,1PGA_A_T16N
1PGA,A,T,P,16,1.99,1PGA_A_T16P
1PGA,A,T,Q,16,1.99,1PGA_A_T16Q
1PGA,A,T,R,16,-0.55,1PGA_A_T16R
1PGA,A,T,S,16,-0.55,1PGA_A_T16S
1PGA,A,T,V,16,-1.31,1PGA_A_T16V
1PGA,A,T,Y,16,-1.31,1PGA_A_T16Y
1PGA,A,T,A,17,-0.39,1PGA_A_T17A
1PGA,A,T,D,17,0.32,1PGA_A_T17D
1PGA,A,T,E,17,-0.33,1PGA_A_T17E
1PGA,A,T,F,17,-0.68,1PGA_A_T17F
1PGA,A,T,G,17,1.05,1PGA_A_T17G
1PGA,A,T,H,17,1.05,1PGA_A_T17H
1PGA,A,T,I,17,-0.06,1PGA_A_T17I
1PGA,A,T,K,17,0.08,1PGA_A_T17K
1PGA,A,T,L,17,0.08,1PGA_A_T17L
1PGA,A,T,M,17,0.07,1PGA_A_T17M
1PGA,A,T,N,17,0.13,1PGA_A_T17N
1PGA,A,T,P,17,2.08,1PGA_A_T17P
1PGA,A,T,Q,17,2.08,1PGA_A_T17Q
1PGA,A,T,R,17,-0.28,1PGA_A_T17R
1PGA,A,T,S,17,-0.39,1PGA_A_T17S
1PGA,A,T,V,17,-0.18,1PGA_A_T17V
1PGA,A,T,Y,17,-0.71,1PGA_A_T17Y
1PGA,A,T,A,18,0.78,1PGA_A_T18A
1PGA,A,T,D,18,1.79,1PGA_A_T18D
1PGA,A,T,E,18,1.79,1PGA_A_T18E
1PGA,A,T,F,18,0.67,1PGA_A_T18F
1PGA,A,T,G,18,1.74,1PGA_A_T18G
1PGA,A,T,H,18,1.74,1PGA_A_T18H
1PGA,A,T,I,18,-0.84,1PGA_A_T18I
1PGA,A,T,K,18,0.95,1PGA_A_T18K
1PGA,A,T,L,18,0.95,1PGA_A_T18L
1PGA,A,T,M,18,-0.8,1PGA_A_T18M
1PGA,A,T,N,18,0.87,1PGA_A_T18N
1PGA,A,T,P,18,4,1PGA_A_T18P
1PGA,A,T,Q,18,4,1PGA_A_T18Q
1PGA,A,T,R,18,0.59,1PGA_A_T18R
1PGA,A,T,S,18,0.78,1PGA_A_T18S
1PGA,A,T,V,18,-0.39,1PGA_A_T18V
1PGA,A,T,Y,18,-0.16,1PGA_A_T18Y
1PGA,A,T,A,25,-0.85,1PGA_A_T25A
1PGA,A,T,D,25,-0.85,1PGA_A_T25D
1PGA,A,T,E,25,-0.62,1PGA_A_T25E
1PGA,A,T,F,25,-0.62,1PGA_A_T25F
1PGA,A,T,G,25,-0.39,1PGA_A_T25G
1PGA,A,T,H,25,-0.67,1PGA_A_T25H
1PGA,A,T,I,25,-0.67,1PGA_A_T25I
1PGA,A,T,K,25,0.35,1PGA_A_T25K
1PGA,A,T,L,25,0.08,1PGA_A_T25L
1PGA,A,T,M,25,-0.2,1PGA_A_T25M
1PGA,A,T,N,25,-0.2,1PGA_A_T25N
1PGA,A,T,Q,25,2.1,1PGA_A_T25Q
1PGA,A,T,R,25,-0.47,1PGA_A_T25R
1PGA,A,T,S,25,-0.51,1PGA_A_T25S
1PGA,A,T,V,25,0.1,1PGA_A_T25V
1PGA,A,T,Y,25,-0.1,1PGA_A_T25Y
1PGA,A,T,A,2,0.47,1PGA_A_T2A
1PGA,A,T,D,2,0.55,1PGA_A_T2D
1PGA,A,T,E,2,-0.13,1PGA_A_T2E
1PGA,A,T,F,2,-0.3,1PGA_A_T2F
1PGA,A,T,G,2,0.67,1PGA_A_T2G
1PGA,A,T,H,2,0.13,1PGA_A_T2H
1PGA,A,T,I,2,-1,1PGA_A_T2I
1PGA,A,T,K,2,-0.31,1PGA_A_T2K
1PGA,A,T,L,2,-0.54,1PGA_A_T2L
1PGA,A,T,M,2,-1,1PGA_A_T2M
1PGA,A,T,N,2,0.14,1PGA_A_T2N
1PGA,A,T,R,2,-0.09,1PGA_A_T2R
1PGA,A,T,S,2,-0.06,1PGA_A_T2S
1PGA,A,T,V,2,-1.31,1PGA_A_T2V
1PGA,A,T,Y,2,-0.15,1PGA_A_T2Y
1PGA,A,T,A,44,-0.4,1PGA_A_T44A
1PGA,A,T,D,44,-0.4,1PGA_A_T44D
1PGA,A,T,E,44,-0.27,1PGA_A_T44E
1PGA,A,T,F,44,-0.27,1PGA_A_T44F
1PGA,A,T,G,44,0.18,1PGA_A_T44G
1PGA,A,T,H,44,-0.31,1PGA_A_T44H
1PGA,A,T,I,44,-0.52,1PGA_A_T44I
1PGA,A,T,K,44,-0.52,1PGA_A_T44K
1PGA,A,T,L,44,-0.21,1PGA_A_T44L
1PGA,A,T,M,44,0.11,1PGA_A_T44M
1PGA,A,T,N,44,0.11,1PGA_A_T44N
1PGA,A,T,P,44,4,1PGA_A_T44P
1PGA,A,T,Q,44,4,1PGA_A_T44Q
1PGA,A,T,R,44,-0.22,1PGA_A_T44R
1PGA,A,T,S,44,-0.36,1PGA_A_T44S
1PGA,A,T,V,44,0.1,1PGA_A_T44V
1PGA,A,T,Y,44,-0.4,1PGA_A_T44Y
1PGA,A,T,D,49,0.84,1PGA_A_T49D
1PGA,A,T,E,49,0.84,1PGA_A_T49E
1PGA,A,T,F,49,0.69,1PGA_A_T49F
1PGA,A,T,G,49,0.91,1PGA_A_T49G
1PGA,A,T,H,49,0.91,1PGA_A_T49H
1PGA,A,T,I,49,0.47,1PGA_A_T49I
1PGA,A,T,K,49,0.33,1PGA_A_T49K
1PGA,A,T,L,49,-0.21,1PGA_A_T49L
1PGA,A,T,M,49,0.45,1PGA_A_T49M
1PGA,A,T,N,49,0.45,1PGA_A_T49N
1PGA,A,T,P,49,4,1PGA_A_T49P
1PGA,A,T,Q,49,4,1PGA_A_T49Q
1PGA,A,T,R,49,0.47,1PGA_A_T49R
1PGA,A,T,S,49,0.47,1PGA_A_T49S
1PGA,A,T,V,49,0.5,1PGA_A_T49V
1PGA,A,T,Y,49,0.83,1PGA_A_T49Y
1PGA,A,T,A,51,1.87,1PGA_A_T51A
1PGA,A,T,D,51,3.31,1PGA_A_T51D
1PGA,A,T,E,51,3.31,1PGA_A_T51E
1PGA,A,T,F,51,4,1PGA_A_T51F
1PGA,A,T,G,51,4,1PGA_A_T51G
1PGA,A,T,H,51,2.48,1PGA_A_T51H
1PGA,A,T,I,51,2.16,1PGA_A_T51I
1PGA,A,T,K,51,1.38,1PGA_A_T51K
1PGA,A,T,L,51,1.38,1PGA_A_T51L
1PGA,A,T,M,51,1.05,1PGA_A_T51M
1PGA,A,T,N,51,2.19,1PGA_A_T51N
1PGA,A,T,P,51,4,1PGA_A_T51P
1PGA,A,T,Q,51,4,1PGA_A_T51Q
1PGA,A,T,R,51,1.85,1PGA_A_T51R
1PGA,A,T,S,51,1.85,1PGA_A_T51S
1PGA,A,T,V,51,0.5,1PGA_A_T51V
1PGA,A,T,Y,51,1.64,1PGA_A_T51Y
1PGA,A,T,P,53,4,1PGA_A_T53P
1PGA,A,T,A,55,0.7,1PGA_A_T55A
1PGA,A,T,D,55,0.7,1PGA_A_T55D
1PGA,A,T,E,55,0.36,1PGA_A_T55E
1PGA,A,T,F,55,0.36,1PGA_A_T55F
1PGA,A,T,G,55,0.98,1PGA_A_T55G
1PGA,A,T,H,55,0.98,1PGA_A_T55H
1PGA,A,T,I,55,0.66,1PGA_A_T55I
1PGA,A,T,K,55,0.64,1PGA_A_T55K
1PGA,A,T,L,55,0.64,1PGA_A_T55L
1PGA,A,T,M,55,0.48,1PGA_A_T55M
1PGA,A,T,N,55,0.48,1PGA_A_T55N
1PGA,A,T,P,55,4,1PGA_A_T55P
1PGA,A,T,Q,55,4,1PGA_A_T55Q
1PGA,A,T,R,55,0.13,1PGA_A_T55R
1PGA,A,T,S,55,-0.35,1PGA_A_T55S
1PGA,A,T,V,55,0.23,1PGA_A_T55V
1PGA,A,T,Y,55,0.23,1PGA_A_T55Y
1PGA,A,V,A,21,-0.42,1PGA_A_V21A
1PGA,A,V,D,21,-0.46,1PGA_A_V21D
1PGA,A,V,E,21,-0.76,1PGA_A_V21E
1PGA,A,V,F,21,-1.1,1PGA_A_V21F
1PGA,A,V,G,21,-1.1,1PGA_A_V21G
1PGA,A,V,H,21,-0.19,1PGA_A_V21H
1PGA,A,V,I,21,-0.54,1PGA_A_V21I
1PGA,A,V,K,21,-0.54,1PGA_A_V21K
1PGA,A,V,L,21,-0.54,1PGA_A_V21L
1PGA,A,V,M,21,-0.52,1PGA_A_V21M
1PGA,A,V,N,21,-0.52,1PGA_A_V21N
1PGA,A,V,Q,21,-0.83,1PGA_A_V21Q
1PGA,A,V,R,21,-0.51,1PGA_A_V21R
1PGA,A,V,S,21,-0.51,1PGA_A_V21S
1PGA,A,V,T,21,-0.44,1PGA_A_V21T
1PGA,A,V,Y,21,-0.64,1PGA_A_V21Y
1PGA,A,V,A,29,0.7,1PGA_A_V29A
1PGA,A,V,D,29,0.22,1PGA_A_V29D
1PGA,A,V,E,29,0.22,1PGA_A_V29E
1PGA,A,V,F,29,-0.59,1PGA_A_V29F
1PGA,A,V,G,29,0.91,1PGA_A_V29G
1PGA,A,V,H,29,0.91,1PGA_A_V29H
1PGA,A,V,I,29,-0.68,1PGA_A_V29I
1PGA,A,V,K,29,-0.68,1PGA_A_V29K
1PGA,A,V,L,29,-0.33,1PGA_A_V29L
1PGA,A,V,M,29,-0.29,1PGA_A_V29M
1PGA,A,V,N,29,0.22,1PGA_A_V29N
1PGA,A,V,Q,29,2.72,1PGA_A_V29Q
1PGA,A,V,R,29,-0.44,1PGA_A_V29R
1PGA,A,V,S,29,-0.44,1PGA_A_V29S
1PGA,A,V,T,29,-0.41,1PGA_A_V29T
1PGA,A,V,Y,29,-0.19,1PGA_A_V29Y
1PGA,A,V,A,39,1.72,1PGA_A_V39A
1PGA,A,V,D,39,3.41,1PGA_A_V39D
1PGA,A,V,E,39,3.41,1PGA_A_V39E
1PGA,A,V,F,39,-0.67,1PGA_A_V39F
1PGA,A,V,G,39,2.29,1PGA_A_V39G
1PGA,A,V,H,39,2.29,1PGA_A_V39H
1PGA,A,V,I,39,1.57,1PGA_A_V39I
1PGA,A,V,K,39,1.96,1PGA_A_V39K
1PGA,A,V,L,39,1.96,1PGA_A_V39L
1PGA,A,V,M,39,0.27,1PGA_A_V39M
1PGA,A,V,N,39,4,1PGA_A_V39N
1PGA,A,V,P,39,4,1PGA_A_V39P
1PGA,A,V,Q,39,2.31,1PGA_A_V39Q
1PGA,A,V,R,39,2.04,1PGA_A_V39R
1PGA,A,V,S,39,2.04,1PGA_A_V39S
1PGA,A,V,T,39,1.7,1PGA_A_V39T
1PGA,A,V,Y,39,0.42,1PGA_A_V39Y
1PGA,A,V,D,54,2.67,1PGA_A_V54D
1PGA,A,V,E,54,4,1PGA_A_V54E
1PGA,A,V,F,54,4,1PGA_A_V54F
1PGA,A,V,G,54,4,1PGA_A_V54G
1PGA,A,V,H,54,4,1PGA_A_V54H
1PGA,A,V,I,54,4,1PGA_A_V54I
1PGA,A,V,K,54,4,1PGA_A_V54K
1PGA,A,V,L,54,4,1PGA_A_V54L
1PGA,A,V,M,54,0.68,1PGA_A_V54M
1PGA,A,V,N,54,4,1PGA_A_V54N
1PGA,A,V,P,54,4,1PGA_A_V54P
1PGA,A,V,Q,54,2.91,1PGA_A_V54Q
1PGA,A,V,R,54,4,1PGA_A_V54R
1PGA,A,V,S,54,4,1PGA_A_V54S
1PGA,A,V,T,54,1.68,1PGA_A_V54T
1PGA,A,V,Y,54,1.73,1PGA_A_V54Y
1PGA,A,Y,A,33,1.77,1PGA_A_Y33A
1PGA,A,Y,D,33,4,1PGA_A_Y33D
1PGA,A,Y,E,33,4,1PGA_A_Y33E
1PGA,A,Y,F,33,1.74,1PGA_A_Y33F
1PGA,A,Y,G,33,3.46,1PGA_A_Y33G
1PGA,A,Y,H,33,3.46,1PGA_A_Y33H
1PGA,A,Y,I,33,1.44,1PGA_A_Y33I
1PGA,A,Y,K,33,1.53,1PGA_A_Y33K
1PGA,A,Y,L,33,1.53,1PGA_A_Y33L
1PGA,A,Y,M,33,0.72,1PGA_A_Y33M
1PGA,A,Y,N,33,1.95,1PGA_A_Y33N
1PGA,A,Y,P,33,4,1PGA_A_Y33P
1PGA,A,Y,Q,33,4,1PGA_A_Y33Q
1PGA,A,Y,R,33,1.72,1PGA_A_Y33R
1PGA,A,Y,S,33,2.09,1PGA_A_Y33S
1PGA,A,Y,T,33,2.09,1PGA_A_Y33T
1PGA,A,Y,V,33,1.64,1PGA_A_Y33V
1PGA,A,Y,A,3,4,1PGA_A_Y3A
1PGA,A,Y,D,3,4,1PGA_A_Y3D
1PGA,A,Y,E,3,4,1PGA_A_Y3E
1PGA,A,Y,F,3,-0.55,1PGA_A_Y3F
1PGA,A,Y,G,3,1.44,1PGA_A_Y3G
1PGA,A,Y,H,3,4,1PGA_A_Y3H
1PGA,A,Y,I,3,3.29,1PGA_A_Y3I
1PGA,A,Y,K,3,-0.88,1PGA_A_Y3K
1PGA,A,Y,L,3,3.31,1PGA_A_Y3L
1PGA,A,Y,M,3,2.6,1PGA_A_Y3M
1PGA,A,Y,N,3,4,1PGA_A_Y3N
1PGA,A,Y,P,3,4,1PGA_A_Y3P
1PGA,A,Y,Q,3,4,1PGA_A_Y3Q
1PGA,A,Y,R,3,1.22,1PGA_A_Y3R
1PGA,A,Y,S,3,4,1PGA_A_Y3S
1PGA,A,Y,T,3,4,1PGA_A_Y3T
1PGA,A,Y,V,3,4,1PGA_A_Y3V
1PGA,A,Y,A,45,4,1PGA_A_Y45A
1PGA,A,Y,D,45,1.05,1PGA_A_Y45D
1PGA,A,Y,E,45,4,1PGA_A_Y45E
1PGA,A,Y,F,45,4,1PGA_A_Y45F
1PGA,A,Y,G,45,4,1PGA_A_Y45G
1PGA,A,Y,H,45,4,1PGA_A_Y45H
1PGA,A,Y,I,45,4,1PGA_A_Y45I
1PGA,A,Y,K,45,3.12,1PGA_A_Y45K
1PGA,A,Y,L,45,3.34,1PGA_A_Y45L
1PGA,A,Y,M,45,2.49,1PGA_A_Y45M
1PGA,A,Y,N,45,4,1PGA_A_Y45N
1PGA,A,Y,P,45,4,1PGA_A_Y45P
1PGA,A,Y,Q,45,4,1PGA_A_Y45Q
1PGA,A,Y,R,45,4,1PGA_A_Y45R
1PGA,A,Y,S,45,2.97,1PGA_A_Y45S
1PGA,A,Y,T,45,4,1PGA_A_Y45T
1PGA,A,Y,V,45,4,1PGA_A_Y45V
1QLP,A,A,L,284,0.8,1QLP_A_A284L
1QLP,A,A,P,31,-2.5,1QLP_A_A31P
1RBP,A,R,Q,121,2.6,1RBP_A_R121Q
1RBP,A,W,F,105,0.4,1RBP_A_W105F
1RBP,A,W,F,24,2.5,1RBP_A_W24F
1RBP,A,W,L,24,2.6,1RBP_A_W24L
1RBP,A,W,Y,24,2.2,1RBP_A_W24Y
1RBP,A,W,H,91,0.1,1RBP_A_W91H
1RGG,A,R,E,40,0.4,1RGG_A_R40E
1RN1,C,D,W,49,0.9,1RN1_C_D49W
1RN1,C,V,S,52,4.9,1RN1_C_V52S
1RN1,C,V,T,52,3.6,1RN1_C_V52T
1RTB,A,I,L,81,2.2,1RTB_A_I81L
1RTB,A,N,D,67,-0.6,1RTB_A_N67D
1RTP,1,A,P,20,0.5,1RTP_1_A20P
1RX4,A,A,T,145,0.27,1RX4_A_A145T
1RX4,A,C,E,152,1,1RX4_A_C152E
1RX4,A,C,S,85,1,1RX4_A_C85S
1RX4,A,I,A,115,1,1RX4_A_I115A
1RX4,A,I,V,115,-1.6,1RX4_A_I115V
1RX4,A,I,V,2,0.72,1RX4_A_I2V
1RX4,A,I,L,61,1.46,1RX4_A_I61L
1RX4,A,I,V,61,1.84,1RX4_A_I61V
1RX4,A,I,L,91,2.43,1RX4_A_I91L
1RX4,A,I,V,91,2.49,1RX4_A_I91V
1RX4,A,I,L,94,0.7,1RX4_A_I94L
1RX4,A,I,V,94,0.78,1RX4_A_I94V
1RX4,A,L,I,112,0.2,1RX4_A_L112I
1RX4,A,L,V,112,1.7,1RX4_A_L112V
1RX4,A,W,F,133,0,1RX4_A_W133F
1RX4,A,W,V,133,2.87,1RX4_A_W133V
1SHF,A,A,G,122,1.4,1SHF_A_A122G
1SHF,A,A,V,122,-0.2,1SHF_A_A122V
1SHF,A,A,G,89,1.6,1SHF_A_A89G
1SHF,A,A,S,89,1.3,1SHF_A_A89S
1SHF,A,F,L,103,1.1,1SHF_A_F103L
1SHF,A,F,V,103,1.9,1SHF_A_F103V
1SHF,A,F,I,109,2,1SHF_A_F109I
1SHF,A,F,L,109,0.8,1SHF_A_F109L
1SHF,A,F,V,109,2.1,1SHF_A_F109V
1SHF,A,F,A,87,1.3,1SHF_A_F87A
1SHF,A,F,L,87,2,1SHF_A_F87L
1SHF,A,F,V,87,0.5,1SHF_A_F87V
1SHF,A,I,L,133,0.8,1SHF_A_I133L
1SHF,A,I,V,133,0,1SHF_A_I133V
1SHF,A,L,F,101,1.2,1SHF_A_L101F
1SHF,A,L,I,101,0.7,1SHF_A_L101I
1SHF,A,L,V,101,1.6,1SHF_A_L101V
1SHF,A,V,F,138,0.7,1SHF_A_V138F
1SHF,A,V,I,138,-0.2,1SHF_A_V138I
1SHF,A,V,L,138,0.1,1SHF_A_V138L
1SHF,A,W,F,120,0.6,1SHF_A_W120F
1SHF,A,W,L,120,0.4,1SHF_A_W120L
1SHF,A,W,V,120,1,1SHF_A_W120V
1STN,A,D,F,83,5.2,1STN_A_D83F
1STN,A,D,F,95,5.3,1STN_A_D95F
1STN,A,F,C,34,2.8,1STN_A_F34C
1STN,A,F,G,34,6.2,1STN_A_F34G
1STN,A,F,V,76,0,1STN_A_F76V
1STN,A,F,W,76,1,1STN_A_F76W
1STN,A,I,A,72,5.1,1STN_A_I72A
1STN,A,I,G,72,6.5,1STN_A_I72G
1STN,A,I,G,92,6.6,1STN_A_I92G
1STN,A,K,E,45,-0.05,1STN_A_K45E
1STN,A,K,F,45,0.2,1STN_A_K45F
1STN,A,K,Q,45,-0.05,1STN_A_K45Q
1STN,A,L,G,103,6.6,1STN_A_L103G
1STN,A,L,A,108,5.8,1STN_A_L108A
1STN,A,L,G,108,7.2,1STN_A_L108G
1STN,A,L,G,125,7,1STN_A_L125G
1STN,A,L,C,36,2.9,1STN_A_L36C
1STN,A,L,G,36,5.4,1STN_A_L36G
1STN,A,L,F,7,1.2,1STN_A_L7F
1STN,A,N,A,100,5.2,1STN_A_N100A
1STN,A,P,A,117,-0.8,1STN_A_P117A
1STN,A,P,F,117,-0.3,1STN_A_P117F
1STN,A,P,G,117,-1.6,1STN_A_P117G
1STN,A,P,L,117,-0.2,1STN_A_P117L
1STN,A,P,T,117,-1.1,1STN_A_P117T
1STN,A,P,A,11,0.4,1STN_A_P11A
1STN,A,P,F,11,0.6,1STN_A_P11F
1STN,A,P,G,11,1,1STN_A_P11G
1STN,A,P,A,31,0.6,1STN_A_P31A
1STN,A,P,G,31,1.6,1STN_A_P31G
1STN,A,P,A,42,-0.1,1STN_A_P42A
1STN,A,P,G,42,0.4,1STN_A_P42G
1STN,A,P,A,47,0.6,1STN_A_P47A
1STN,A,P,F,47,0.3,1STN_A_P47F
1STN,A,P,G,47,0.1,1STN_A_P47G
1STN,A,P,A,56,0,1STN_A_P56A
1STN,A,P,G,56,1,1STN_A_P56G
1STN,A,V,G,104,6.5,1STN_A_V104G
1STN,A,V,G,23,5.6,1STN_A_V23G
1STN,A,V,G,74,6.6,1STN_A_V74G
1STN,A,V,S,74,5.4,1STN_A_V74S
1STN,A,V,G,99,5,1STN_A_V99G
1STN,A,V,S,99,5.1,1STN_A_V99S
1STN,A,Y,D,27,5.4,1STN_A_Y27D
1STN,A,Y,E,27,5,1STN_A_Y27E
1STN,A,Y,G,27,5.47,1STN_A_Y27G
1STN,A,Y,P,27,6.1,1STN_A_Y27P
1STN,A,Y,A,91,5.3,1STN_A_Y91A
1STN,A,Y,G,91,6.7,1STN_A_Y91G
1STN,A,Y,S,91,5.3,1STN_A_Y91S
1STN,A,Y,A,93,6.5,1STN_A_Y93A
1STN,A,Y,G,93,7.5,1STN_A_Y93G
1TEN,A,L,A,803,2.1,1TEN_A_L803A
1TEN,A,P,A,843,0.5,1TEN_A_P843A
1TEN,A,T,A,867,2,1TEN_A_T867A
1TEN,A,T,A,891,3.4,1TEN_A_T891A
1TEN,A,T,S,891,1.9,1TEN_A_T891S
1TEN,A,Y,F,837,0.4,1TEN_A_Y837F
1TTG,A,P,A,5,-0.11,1TTG_A_P5A
1TTG,A,Y,A,73,1.9,1TTG_A_Y73A
1TTG,A,Y,F,73,2.1,1TTG_A_Y73F
1TUP,A,A,D,129,0.7,1TUP_A_A129D
1TUP,A,A,E,129,0.38,1TUP_A_A129E
1TUP,A,A,S,129,0.19,1TUP_A_A129S
1TUP,A,C,S,182,-0.16,1TUP_A_C182S
1TUP,A,C,S,242,3.5,1TUP_A_C242S
1TUP,A,D,E,148,0.43,1TUP_A_D148E
1TUP,A,D,S,148,-0.22,1TUP_A_D148S
1TUP,A,D,E,228,-0.05,1TUP_A_D228E
1TUP,A,F,L,134,4.78,1TUP_A_F134L
1TUP,A,F,C,270,4.54,1TUP_A_F270C
1TUP,A,F,L,270,4.1,1TUP_A_F270L
1TUP,A,G,S,245,1.22,1TUP_A_G245S
1TUP,A,H,R,168,3.07,1TUP_A_H168R
1TUP,A,I,T,195,4.12,1TUP_A_I195T
1TUP,A,I,T,232,3.19,1TUP_A_I232T
1TUP,A,I,F,255,3.29,1TUP_A_I255F
1TUP,A,L,Q,145,2.98,1TUP_A_L145Q
1TUP,A,L,P,201,-0.35,1TUP_A_L201P
1TUP,A,L,S,206,0.1,1TUP_A_L206S
1TUP,A,M,L,133,-0.3,1TUP_A_M133L
1TUP,A,M,I,237,3.18,1TUP_A_M237I
1TUP,A,N,Y,239,-1.49,1TUP_A_N239Y
1TUP,A,N,D,268,-1.21,1TUP_A_N268D
1TUP,A,P,S,151,4.49,1TUP_A_P151S
1TUP,A,Q,H,104,-0.24,1TUP_A_Q104H
1TUP,A,Q,P,104,-0.11,1TUP_A_Q104P
1TUP,A,Q,K,165,1.27,1TUP_A_Q165K
1TUP,A,Q,E,167,0.43,1TUP_A_Q167E
1TUP,A,R,K,174,0.22,1TUP_A_R174K
1TUP,A,R,A,175,0.73,1TUP_A_R175A
1TUP,A,R,H,175,3.52,1TUP_A_R175H
1TUP,A,R,Q,248,3.07,1TUP_A_R248Q
1TUP,A,R,S,249,2,1TUP_A_R249S
1TUP,A,R,C,273,-0.4,1TUP_A_R273C
1TUP,A,R,H,273,2,1TUP_A_R273H
1TUP,A,R,W,282,3.3,1TUP_A_R282W
1TUP,A,S,P,260,0.32,1TUP_A_S260P
1TUP,A,T,A,123,0.13,1TUP_A_T123A
1TUP,A,T,P,150,0.08,1TUP_A_T150P
1TUP,A,V,A,143,3.7,1TUP_A_V143A
1TUP,A,V,F,157,3.88,1TUP_A_V157F
1TUP,A,V,A,203,-0.49,1TUP_A_V203A
1TUP,A,Y,C,220,4.2,1TUP_A_Y220C
1TUP,A,Y,F,236,-0.27,1TUP_A_Y236F
1VQB,A,L,P,65,1.5,1VQB_A_L65P
1WQ5,A,K,N,109,0.1,1WQ5_A_K109N
1YCC,A,G,A,1,1.3,1YCC_A_G1A
1YCC,A,G,S,23,1.5,1YCC_A_G23S
1YCC,A,H,P,33,0.8,1YCC_A_H33P
1YCC,A,N,G,52,-0.9,1YCC_A_N52G
1YCC,A,T,E,69,-1.5,1YCC_A_T69E
1YCC,A,T,A,96,-1,1YCC_A_T96A
1ZYM,A,H,A,189,0.9,1ZYM_A_H189A
1ZYM,A,H,E,189,1.3,1ZYM_A_H189E
2ABD,A,A,G,8,1.9,2ABD_A_A8G
2AFG,A,C,V,117,0.3,2AFG_A_C117V
2AFG,A,V,I,31,1,2AFG_A_V31I
2CHF,A,A,G,101,1,2CHF_A_A101G
2CHF,A,A,G,103,1.7,2CHF_A_A103G
2CHF,A,A,G,113,1.3,2CHF_A_A113G
2CHF,A,A,G,114,0.8,2CHF_A_A114G
2CHF,A,A,G,36,3.1,2CHF_A_A36G
2CHF,A,A,G,42,2.3,2CHF_A_A42G
2CHF,A,A,G,74,0.3,2CHF_A_A74G
2CHF,A,A,G,97,1.4,2CHF_A_A97G
2CHF,A,A,G,98,1.3,2CHF_A_A98G
2CHF,A,A,G,99,0.5,2CHF_A_A99G
2CHF,A,D,A,12,-2.5,2CHF_A_D12A
2CHF,A,D,A,13,-2.7,2CHF_A_D13A
2CHF,A,D,A,38,1.9,2CHF_A_D38A
2CHF,A,D,G,38,1,2CHF_A_D38G
2CHF,A,D,A,57,-3.4,2CHF_A_D57A
2CHF,A,D,A,64,1,2CHF_A_D64A
2CHF,A,F,A,14,-0.8,2CHF_A_F14A
2CHF,A,I,V,123,0.8,2CHF_A_I123V
2CHF,A,I,V,55,1.5,2CHF_A_I55V
2CHF,A,I,V,72,1.5,2CHF_A_I72V
2CHF,A,N,G,23,0,2CHF_A_N23G
2CHF,A,P,G,61,0.6,2CHF_A_P61G
2CHF,A,T,A,112,1.5,2CHF_A_T112A
2CHF,A,T,G,112,1,2CHF_A_T112G
2CHF,A,V,T,108,1,2CHF_A_V108T
2CHF,A,V,T,10,4,2CHF_A_V10T
2CHF,A,V,T,11,3.2,2CHF_A_V11T
2CHF,A,V,T,21,0.2,2CHF_A_V21T
2CHF,A,V,T,33,1.5,2CHF_A_V33T
2CHF,A,V,T,40,0.8,2CHF_A_V40T
2CHF,A,V,T,83,3.5,2CHF_A_V83T
2CI2,I,D,N,74,0,2CI2_I_D74N
2CI2,I,E,A,33,-0.6,2CI2_I_E33A
2CI2,I,E,Q,45,0.6,2CI2_I_E45Q
2CI2,I,I,G,48,3.2,2CI2_I_I48G
2CI2,I,I,T,48,1.2,2CI2_I_I48T
2CI2,I,Q,M,47,-0.3,2CI2_I_Q47M
2CI2,I,R,A,81,0.6,2CI2_I_R81A
2HIP,A,Y,F,12,2.3,2HIP_A_Y12F
2HMB,A,T,E,39,2.4,2HMB_A_T39E
2HMB,A,T,Q,39,2.7,2HMB_A_T39Q
2HMB,A,T,V,39,0.8,2HMB_A_T39V
2HPR,A,G,A,49,-0.9,2HPR_A_G49A
2HPR,A,G,E,49,-1.4,2HPR_A_G49E
2HPR,A,G,K,49,1,2HPR_A_G49K
2LZM,A,A,L,129,1.9,2LZM_A_A129L
2LZM,A,A,G,130,2.1,2LZM_A_A130G
2LZM,A,A,S,130,1,2LZM_A_A130S
2LZM,A,A,S,134,0.2,2LZM_A_A134S
2LZM,A,A,D,41,-0.3,2LZM_A_A41D
2LZM,A,A,S,41,0.8,2LZM_A_A41S
2LZM,A,A,G,42,3.2,2LZM_A_A42G
2LZM,A,A,K,42,3.7,2LZM_A_A42K
2LZM,A,A,S,42,2.6,2LZM_A_A42S
2LZM,A,A,S,49,0.5,2LZM_A_A49S
2LZM,A,A,S,73,0.4,2LZM_A_A73S
2LZM,A,A,P,74,5.7,2LZM_A_A74P
2LZM,A,A,P,82,-1.27,2LZM_A_A82P
2LZM,A,A,S,82,0.3,2LZM_A_A82S
2LZM,A,A,P,93,-1.1,2LZM_A_A93P
2LZM,A,A,S,93,0.2,2LZM_A_A93S
2LZM,A,A,T,93,-0.1,2LZM_A_A93T
2LZM,A,A,S,98,2.5,2LZM_A_A98S
2LZM,A,C,Y,54,5.02,2LZM_A_C54Y
2LZM,A,D,A,127,-0.2,2LZM_A_D127A
2LZM,A,D,A,20,0.5,2LZM_A_D20A
2LZM,A,D,N,20,-1.3,2LZM_A_D20N
2LZM,A,D,S,20,-0.7,2LZM_A_D20S
2LZM,A,D,T,20,-0.9,2LZM_A_D20T
2LZM,A,D,A,47,1.6,2LZM_A_D47A
2LZM,A,D,P,72,2.7,2LZM_A_D72P
2LZM,A,D,N,92,1.4,2LZM_A_D92N
2LZM,A,E,H,11,-0.7,2LZM_A_E11H
2LZM,A,E,N,11,1.4,2LZM_A_E11N
2LZM,A,E,K,22,-0.6,2LZM_A_E22K
2LZM,A,E,A,45,-0.55,2LZM_A_E45A
2LZM,A,F,I,153,0.5,2LZM_A_F153I
2LZM,A,F,L,153,-0.35,2LZM_A_F153L
2LZM,A,F,M,153,0.8,2LZM_A_F153M
2LZM,A,F,V,153,1.8,2LZM_A_F153V
2LZM,A,F,A,67,1.9,2LZM_A_F67A
2LZM,A,G,E,113,-0.3,2LZM_A_G113E
2LZM,A,H,N,31,4,2LZM_A_H31N
2LZM,A,I,V,150,2.1,2LZM_A_I150V
2LZM,A,I,A,27,3.9,2LZM_A_I27A
2LZM,A,I,A,29,2.6,2LZM_A_I29A
2LZM,A,I,P,3,2.97,2LZM_A_I3P
2LZM,A,I,A,58,3.2,2LZM_A_I58A
2LZM,A,I,T,58,3.4,2LZM_A_I58T
2LZM,A,I,M,78,1.6,2LZM_A_I78M
2LZM,A,K,A,43,2.2,2LZM_A_K43A
2LZM,A,K,A,48,1.9,2LZM_A_K48A
2LZM,A,K,P,60,0.1,2LZM_A_K60P
2LZM,A,L,M,118,0.7,2LZM_A_L118M
2LZM,A,L,I,121,1.3,2LZM_A_L121I
2LZM,A,L,M,121,0.8,2LZM_A_L121M
2LZM,A,L,D,133,7.5,2LZM_A_L133D
2LZM,A,L,M,133,0.4,2LZM_A_L133M
2LZM,A,L,A,32,3,2LZM_A_L32A
2LZM,A,L,A,39,0.9,2LZM_A_L39A
2LZM,A,L,P,39,2.8,2LZM_A_L39P
2LZM,A,L,A,46,4.2,2LZM_A_L46A
2LZM,A,L,M,84,2.4,2LZM_A_L84M
2LZM,A,L,M,91,0.8,2LZM_A_L91M
2LZM,A,L,F,99,0.4,2LZM_A_L99F
2LZM,A,L,G,99,7.4,2LZM_A_L99G
2LZM,A,L,I,99,1.5,2LZM_A_L99I
2LZM,A,L,M,99,0.7,2LZM_A_L99M
2LZM,A,L,V,99,2.3,2LZM_A_L99V
2LZM,A,M,K,102,8.9,2LZM_A_M102K
2LZM,A,M,K,106,3.5,2LZM_A_M106K
2LZM,A,M,L,106,-0.5,2LZM_A_M106L
2LZM,A,M,A,120,0.2,2LZM_A_M120A
2LZM,A,M,K,120,2,2LZM_A_M120K
2LZM,A,M,L,120,-0.5,2LZM_A_M120L
2LZM,A,M,L,6,5,2LZM_A_M6L
2LZM,A,N,A,101,1.5,2LZM_A_N101A
2LZM,A,N,A,116,-0.2,2LZM_A_N116A
2LZM,A,N,H,144,0.6,2LZM_A_N144H
2LZM,A,N,D,163,0.21,2LZM_A_N163D
2LZM,A,N,A,40,-0.43,2LZM_A_N40A
2LZM,A,N,D,40,-0.44,2LZM_A_N40D
2LZM,A,N,A,53,0.8,2LZM_A_N53A
2LZM,A,P,A,143,1,2LZM_A_P143A
2LZM,A,P,A,37,0.3,2LZM_A_P37A
2LZM,A,P,A,86,0.4,2LZM_A_P86A
2LZM,A,P,G,86,1.91,2LZM_A_P86G
2LZM,A,Q,M,105,1.2,2LZM_A_Q105M
2LZM,A,Q,A,122,0.24,2LZM_A_Q122A
2LZM,A,Q,A,123,0.22,2LZM_A_Q123A
2LZM,A,Q,P,69,3.3,2LZM_A_Q69P
2LZM,A,R,A,119,0.2,2LZM_A_R119A
2LZM,A,R,H,119,0.3,2LZM_A_R119H
2LZM,A,R,A,14,3,2LZM_A_R14A
2LZM,A,R,K,14,0.03,2LZM_A_R14K
2LZM,A,R,K,80,0.2,2LZM_A_R80K
2LZM,A,S,A,117,-1.3,2LZM_A_S117A
2LZM,A,S,N,38,0.1,2LZM_A_S38N
2LZM,A,S,C,44,0.11,2LZM_A_S44C
2LZM,A,S,D,44,0.11,2LZM_A_S44D
2LZM,A,S,E,44,0,2LZM_A_S44E
2LZM,A,S,F,44,-0.1,2LZM_A_S44F
2LZM,A,S,G,44,0.53,2LZM_A_S44G
2LZM,A,S,H,44,-0.04,2LZM_A_S44H
2LZM,A,S,I,44,-0.31,2LZM_A_S44I
2LZM,A,S,K,44,-0.2,2LZM_A_S44K
2LZM,A,S,L,44,-0.4,2LZM_A_S44L
2LZM,A,S,M,44,-0.33,2LZM_A_S44M
2LZM,A,S,N,44,0.14,2LZM_A_S44N
2LZM,A,S,P,44,3.03,2LZM_A_S44P
2LZM,A,S,Q,44,-0.3,2LZM_A_S44Q
2LZM,A,S,R,44,-0.24,2LZM_A_S44R
2LZM,A,S,T,44,-0.01,2LZM_A_S44T
2LZM,A,S,V,44,-0.1,2LZM_A_S44V
2LZM,A,S,W,44,-0.1,2LZM_A_S44W
2LZM,A,S,Y,44,-0.2,2LZM_A_S44Y
2LZM,A,T,D,109,-0.6,2LZM_A_T109D
2LZM,A,T,N,109,-0.1,2LZM_A_T109N
2LZM,A,T,A,115,0.14,2LZM_A_T115A
2LZM,A,T,S,151,-0.4,2LZM_A_T151S
2LZM,A,T,A,152,1.5,2LZM_A_T152A
2LZM,A,T,C,152,0.5,2LZM_A_T152C
2LZM,A,T,I,152,0.4,2LZM_A_T152I
2LZM,A,T,V,152,-0.2,2LZM_A_T152V
2LZM,A,T,S,26,-0.6,2LZM_A_T26S
2LZM,A,T,A,34,0.2,2LZM_A_T34A
2LZM,A,T,A,59,2.8,2LZM_A_T59A
2LZM,A,T,D,59,1.2,2LZM_A_T59D
2LZM,A,T,G,59,2.2,2LZM_A_T59G
2LZM,A,T,N,59,1.1,2LZM_A_T59N
2LZM,A,T,S,59,0.7,2LZM_A_T59S
2LZM,A,T,V,59,2.8,2LZM_A_T59V
2LZM,A,V,M,103,1.6,2LZM_A_V103M
2LZM,A,V,F,111,1.7,2LZM_A_V111F
2LZM,A,V,I,111,0.85,2LZM_A_V111I
2LZM,A,V,G,149,4.9,2LZM_A_V149G
2LZM,A,V,S,149,4.4,2LZM_A_V149S
2LZM,A,V,T,149,3,2LZM_A_V149T
2LZM,A,V,A,71,1.5,2LZM_A_V71A
2LZM,A,V,T,75,1.3,2LZM_A_V75T
2LZM,A,V,T,87,1.6,2LZM_A_V87T
2LZM,A,V,A,94,1.8,2LZM_A_V94A
2LZM,A,W,R,126,5.74,2LZM_A_W126R
2LZM,A,Y,A,24,5.5,2LZM_A_Y24A
2RN2,A,A,K,52,5.9,2RN2_A_A52K
2RN2,A,A,P,52,1.6,2RN2_A_A52P
2RN2,A,D,R,94,-1.1,2RN2_A_D94R
2RN2,A,H,P,62,-2.2,2RN2_A_H62P
2RN2,A,I,A,53,4.67,2RN2_A_I53A
2RN2,A,Q,G,105,2.2,2RN2_A_Q105G
2RN2,A,Q,P,113,0.6,2RN2_A_Q113P
2RN2,A,R,A,27,2.2,2RN2_A_R27A
2RN2,A,Y,F,28,0.7,2RN2_A_Y28F
2TRX,A,L,C,78,2.7,2TRX_A_L78C
2TRX,A,P,S,40,-1.4,2TRX_A_P40S
2TRX,A,T,C,77,-2.1,2TRX_A_T77C
2WSY,A,E,A,49,-1.9,2WSY_A_E49A
2WSY,A,E,C,49,-3.4,2WSY_A_E49C
2WSY,A,E,D,49,-1.9,2WSY_A_E49D
2WSY,A,E,F,49,-3.4,2WSY_A_E49F
2WSY,A,E,G,49,1.7,2WSY_A_E49G
2WSY,A,E,H,49,-4.3,2WSY_A_E49H
2WSY,A,E,I,49,-8,2WSY_A_E49I
2WSY,A,E,K,49,-2.6,2WSY_A_E49K
2WSY,A,E,L,49,-7.3,2WSY_A_E49L
2WSY,A,E,M,49,-4.6,2WSY_A_E49M
2WSY,A,E,N,49,-1.3,2WSY_A_E49N
2WSY,A,E,P,49,-2,2WSY_A_E49P
2WSY,A,E,Q,49,-3.6,2WSY_A_E49Q
2WSY,A,E,S,49,-3.1,2WSY_A_E49S
2WSY,A,E,T,49,-1.9,2WSY_A_E49T
2WSY,A,E,V,49,-4.5,2WSY_A_E49V
2WSY,A,E,W,49,-1.1,2WSY_A_E49W
2WSY,A,E,Y,49,-1.9,2WSY_A_E49Y
2WSY,A,F,W,139,0.7,2WSY_A_F139W
2WSY,A,F,W,258,1.4,2WSY_A_F258W
2WSY,A,G,D,211,0.8,2WSY_A_G211D
2WSY,A,G,S,211,-0.2,2WSY_A_G211S
2WSY,A,G,W,211,1.6,2WSY_A_G211W
2WSY,A,G,D,234,-2,2WSY_A_G234D
2WSY,A,G,K,234,-0.5,2WSY_A_G234K
2WSY,A,P,A,132,1.1,2WSY_A_P132A
2WSY,A,P,G,132,1,2WSY_A_P132G
2WSY,A,P,A,207,2.2,2WSY_A_P207A
2WSY,A,P,A,28,2.5,2WSY_A_P28A
2WSY,A,P,G,28,2.3,2WSY_A_P28G
2WSY,A,P,A,53,0.2,2WSY_A_P53A
2WSY,A,P,A,96,2.1,2WSY_A_P96A
3D2A,A,G,S,155,-1.05,3D2A_A_G155S
3D2A,A,G,S,80,-0.11,3D2A_A_G80S
3D2A,A,M,D,134,-0.16,3D2A_A_M134D
3D2A,A,M,R,134,-0.25,3D2A_A_M134R
3D2A,A,Y,N,161,0.09,3D2A_A_Y161N
3MBP,A,I,A,33,1,3MBP_A_I33A
3MBP,A,L,A,121,2.6,3MBP_A_L121A
3MBP,A,L,A,89,2.6,3MBP_A_L89A
3MBP,A,P,A,107,7.8,3MBP_A_P107A
3MBP,A,P,S,107,0,3MBP_A_P107S
3PG0,A,A,V,62,-0.5,3PG0_A_A62V
3PG0,A,A,G,68,0,3PG0_A_A68G
3PG0,A,D,N,25,-0.2,3PG0_A_D25N
3PG0,A,D,P,85,-0.2,3PG0_A_D85P
3PG0,A,D,P,93,0,3PG0_A_D93P
3PG0,A,E,L,66,0.9,3PG0_A_E66L
3PG0,A,E,Y,66,0.6,3PG0_A_E66Y
3PG0,A,K,V,53,-0.8,3PG0_A_K53V
3PG0,A,Q,I,78,2.7,3PG0_A_Q78I
3PG0,A,R,L,90,0,3PG0_A_R90L
4LYZ,A,D,P,101,2.4,4LYZ_A_D101P
4LYZ,A,G,P,102,0.1,4LYZ_A_G102P
4LYZ,A,K,D,13,6.7,4LYZ_A_K13D
4LYZ,A,P,N,70,2.15,4LYZ_A_P70N
4LYZ,A,T,P,118,2,4LYZ_A_T118P
5CRO,O,A,S,36,-0.27,5CRO_O_A36S
5CRO,O,Q,L,16,-1.87,5CRO_O_Q16L
5CRO,O,Y,C,26,-2.2,5CRO_O_Y26C
5CRO,O,Y,D,26,-1.8,5CRO_O_Y26D
5CRO,O,Y,F,26,-0.27,5CRO_O_Y26F
5CRO,O,Y,H,26,-1.27,5CRO_O_Y26H
5CRO,O,Y,L,26,-0.73,5CRO_O_Y26L
5CRO,O,Y,Q,26,-0.93,5CRO_O_Y26Q
5CRO,O,Y,V,26,-0.6,5CRO_O_Y26V
5CRO,O,Y,W,26,0.07,5CRO_O_Y26W
8TIM,A,K,A,193,-1,8TIM_A_K193A
8TIM,A,Q,A,179,-0.1,8TIM_A_Q179A
1BNI,A,E,G,73,5.4,1BNI_A_E73G
1BNI,A,I,G,55,3.1,1BNI_A_I55G
1BNI,A,I,G,88,7.4,1BNI_A_I88G
1BNI,A,I,G,96,5.7,1BNI_A_I96G
1BNI,A,L,G,89,7,1BNI_A_L89G
1BNI,A,L,G,95,4.7,1BNI_A_L95G
1BNI,A,Q,A,15,0.2,1BNI_A_Q15A
1BNI,A,Q,G,15,1.6,1BNI_A_Q15G
1BNI,A,R,G,72,2.5,1BNI_A_R72G
1BNI,A,T,G,100,2.8,1BNI_A_T100G
1BNI,A,Y,G,13,6.4,1BNI_A_Y13G
1BNI,A,Y,G,97,6.6,1BNI_A_Y97G
1CDC,B,A,G,40,-1.71,1CDC_B_A40G
1CDC,B,I,V,18,-1.17,1CDC_B_I18V
1CDC,B,I,V,57,-0.43,1CDC_B_I57V
1CDC,B,L,V,16,-2.2,1CDC_B_L16V
1CDC,B,L,V,50,0.37,1CDC_B_L50V
1CDC,B,L,V,89,-0.14,1CDC_B_L89V
1CDC,B,L,V,95,-0.75,1CDC_B_L95V
1CDC,B,V,A,30,-4.88,1CDC_B_V30A
1CDC,B,V,A,78,-3.01,1CDC_B_V78A
1HFY,A,T,I,29,-4.4,1HFY_A_T29I
1HFY,A,T,V,29,-1.86,1HFY_A_T29V
1RGG,A,D,K,17,1.1,1RGG_A_D17K
1RGG,A,D,H,25,-0.9,1RGG_A_D25H
1RGG,A,D,K,25,0.9,1RGG_A_D25K
1RGG,A,D,A,79,-3.3,1RGG_A_D79A
1RGG,A,D,E,79,1.3,1RGG_A_D79E
1RGG,A,D,F,79,-3.7,1RGG_A_D79F
1RGG,A,D,H,79,-1.8,1RGG_A_D79H
1RGG,A,D,K,79,-2.4,1RGG_A_D79K
1RGG,A,D,L,79,-2.7,1RGG_A_D79L
1RGG,A,D,N,79,-2.3,1RGG_A_D79N
1RGG,A,D,R,79,-2.7,1RGG_A_D79R
1RGG,A,D,W,79,-2.3,1RGG_A_D79W
1RGG,A,D,Y,79,-2.9,1RGG_A_D79Y
1RGG,A,E,K,41,-1.5,1RGG_A_E41K
1RGG,A,E,Q,54,2.3,1RGG_A_E54Q
1RGG,A,E,K,74,-1.1,1RGG_A_E74K
1RGG,A,H,Q,85,0,1RGG_A_H85Q
1RGG,A,N,A,39,2.2,1RGG_A_N39A
1RGG,A,N,D,39,1.5,1RGG_A_N39D
1RGG,A,N,S,39,2.3,1RGG_A_N39S
1RGG,A,Q,A,38,-1,1RGG_A_Q38A
1RGG,A,Q,K,94,-1.1,1RGG_A_Q94K
1RGG,A,R,A,65,-1.3,1RGG_A_R65A
1RGG,A,T,V,16,-0.3,1RGG_A_T16V
1RGG,A,T,V,18,1.4,1RGG_A_T18V
1RGG,A,T,V,56,1.9,1RGG_A_T56V
1RGG,A,T,V,59,1.7,1RGG_A_T59V
1RGG,A,T,V,5,0,1RGG_A_T5V
1RGG,A,T,V,67,0,1RGG_A_T67V
1RGG,A,T,V,72,0.2,1RGG_A_T72V
1RGG,A,T,V,82,1.7,1RGG_A_T82V
1RGG,A,V,T,2,0.9,1RGG_A_V2T
1RGG,A,V,T,36,1.3,1RGG_A_V36T
1RGG,A,V,T,43,0.5,1RGG_A_V43T
1RGG,A,V,T,57,4.4,1RGG_A_V57T
1RGG,A,Y,F,30,-0.4,1RGG_A_Y30F
1RGG,A,Y,F,49,0.2,1RGG_A_Y49F
1RGG,A,Y,F,51,2.3,1RGG_A_Y51F
1RGG,A,Y,F,52,3.6,1RGG_A_Y52F
1RGG,A,Y,F,55,0.6,1RGG_A_Y55F
1RGG,A,Y,F,80,1.5,1RGG_A_Y80F
1RGG,A,Y,F,81,1.2,1RGG_A_Y81F
1RGG,A,Y,F,86,0.3,1RGG_A_Y86F
1STN,A,S,A,141,0.9,1STN_A_S141A
1STN,A,W,F,140,0.6,1STN_A_W140F
1STN,A,W,H,140,0.4,1STN_A_W140H
1STN,A,W,L,140,4.5,1STN_A_W140L
1STN,A,W,Y,140,1.1,1STN_A_W140Y
2DRI,A,A,C,188,1.8,2DRI_A_A188C
2DRI,A,L,C,62,2.7,2DRI_A_L62C
2LZM,A,D,A,89,0.7,2LZM_A_D89A
2LZM,A,E,V,108,-1.4,2LZM_A_E108V
2LZM,A,G,A,28,2.2,2LZM_A_G28A
2LZM,A,I,V,100,0.4,2LZM_A_I100V
2LZM,A,I,V,78,0.8,2LZM_A_I78V
2LZM,A,K,A,85,0.6,2LZM_A_K85A
2LZM,A,L,I,118,1.2,2LZM_A_L118I
2LZM,A,M,L,102,1.7,2LZM_A_M102L
2LZM,A,M,I,106,-0.2,2LZM_A_M106I
2LZM,A,M,Y,120,0.7,2LZM_A_M120Y
2LZM,A,V,I,103,0.5,2LZM_A_V103I
2LZM,A,V,I,149,0.5,2LZM_A_V149I
2LZM,A,V,I,87,0.6,2LZM_A_V87I
1OH0,A,Y,S,30,-13.7,1OH0_A_Y30S
2CBR,A,R,Q,131,-3.7,2CBR_A_R131Q
2CBR,A,R,Q,111,-3,2CBR_A_R111Q
2LZM,A,L,A,118,3.5,2LZM_A_L118A
2LZM,A,L,A,121,4.2,2LZM_A_L121A
2LZM,A,L,A,99,5,2LZM_A_L99A
2LZM,A,F,A,153,3.8,2LZM_A_F153A
1LRP,A,V,I,36,-1,1LRP_A_V36I
1LRP,A,M,A,40,2.1,1LRP_A_M40A
1STN,A,A,G,94,2.5,1STN_A_A94G
1STN,A,A,V,94,1.3,1STN_A_A94V
1STN,A,A,G,99,0.3,1STN_A_A99G
1STN,A,A,V,99,1.9,1STN_A_A99V
1STN,A,A,G,140,2.6,1STN_A_A140G
1STN,A,A,V,140,2.8,1STN_A_A140V
1STN,A,A,G,142,1.5,1STN_A_A142G
1STN,A,A,V,142,2.9,1STN_A_A142V
1STN,A,A,G,151,2.1,1STN_A_A151G
1STN,A,A,V,151,2.8,1STN_A_A151V
1STN,A,A,G,172,2,1STN_A_A172G
1STN,A,A,V,172,0.2,1STN_A_A172V
1STN,A,A,G,176,2.4,1STN_A_A176G
1STN,A,A,V,176,1.3,1STN_A_A176V
1STN,A,A,G,184,1.4,1STN_A_A184G
1STN,A,A,V,184,1.9,1STN_A_A184V
1STN,A,A,G,191,1,1STN_A_A191G
1STN,A,A,V,191,3.1,1STN_A_A191V
1STN,A,A,G,194,-0.2,1STN_A_A194G
1STN,A,A,V,194,1.5,1STN_A_A194V
1STN,A,A,G,212,1.1,1STN_A_A212G
1STN,A,A,V,212,1.2,1STN_A_A212V
1STN,A,A,G,214,3.7,1STN_A_A214G
1STN,A,A,V,214,4.8,1STN_A_A214V
1STN,A,P,G,93,1,1STN_A_P93G
1STN,A,P,A,93,0.4,1STN_A_P93A
1STN,A,P,G,113,1.6,1STN_A_P113G
1STN,A,P,A,113,0.6,1STN_A_P113A
1STN,A,P,G,124,0.4,1STN_A_P124G
1STN,A,P,A,124,-0.1,1STN_A_P124A
1STN,A,P,G,129,0.1,1STN_A_P129G
1STN,A,P,A,129,0.6,1STN_A_P129A
1STN,A,P,G,138,1,1STN_A_P138G
1STN,A,P,A,138,0,1STN_A_P138A
1STN,A,P,G,199,-1.6,1STN_A_P199G
1STN,A,P,A,199,-0.8,1STN_A_P199A
1STN,A,G,A,102,0.3,1STN_A_G102A
1STN,A,G,V,102,2.3,1STN_A_G102V
1STN,A,G,A,111,1.4,1STN_A_G111A
1STN,A,G,V,111,3.1,1STN_A_G111V
1STN,A,G,A,132,-0.3,1STN_A_G132A
1STN,A,G,V,132,1.1,1STN_A_G132V
1STN,A,G,A,137,0.6,1STN_A_G137A
1STN,A,G,V,137,1.8,1STN_A_G137V
1STN,A,G,A,161,2.4,1STN_A_G161A
1STN,A,G,V,161,2.4,1STN_A_G161V
1STN,A,G,A,168,0.6,1STN_A_G168A
1STN,A,G,V,168,3.7,1STN_A_G168V
1STN,A,G,A,170,0.2,1STN_A_G170A
1STN,A,G,V,170,-1.2,1STN_A_G170V
1STN,A,G,A,178,1.8,1STN_A_G178A
1STN,A,G,V,178,3.7,1STN_A_G178V
1STN,A,G,A,189,4.5,1STN_A_G189A
1STN,A,G,V,189,7.5,1STN_A_G189V
1STN,A,N,G,150,0.5,1STN_A_N150G
1STN,A,N,A,150,0.5,1STN_A_N150A
1STN,A,N,G,182,5.2,1STN_A_N182G
1STN,A,N,A,182,5.2,1STN_A_N182A
1STN,A,N,G,200,2.05,1STN_A_N200G
1STN,A,N,A,200,2.1,1STN_A_N200A
1STN,A,N,G,201,1.3,1STN_A_N201G
1STN,A,N,A,201,1.3,1STN_A_N201A
1STN,A,N,G,220,1.05,1STN_A_N220G
1STN,A,N,A,220,1.1,1STN_A_N220A
1STN,A,Q,G,112,0.9,1STN_A_Q112G
1STN,A,Q,A,112,0.9,1STN_A_Q112A
1STN,A,Q,G,162,1.4,1STN_A_Q162G
1STN,A,Q,A,162,1.4,1STN_A_Q162A
1STN,A,Q,G,188,1.5,1STN_A_Q188G
1STN,A,Q,A,188,1.5,1STN_A_Q188A
1STN,A,Q,G,205,0.6,1STN_A_Q205G
1STN,A,Q,A,205,0.6,1STN_A_Q205A
1STN,A,Q,G,213,2.4,1STN_A_Q213G
1STN,A,Q,A,213,2.4,1STN_A_Q213A
1STN,A,S,G,141,1.1,1STN_A_S141G
1STN,A,S,G,210,1.6,1STN_A_S210G
1STN,A,S,A,210,1.6,1STN_A_S210A
1STN,A,S,G,223,0.9,1STN_A_S223G
1STN,A,S,A,223,0.4,1STN_A_S223A
1STN,A,T,G,95,1.2,1STN_A_T95G
1STN,A,T,A,95,1.1,1STN_A_T95A
1STN,A,T,G,104,2.5,1STN_A_T104G
1STN,A,T,A,104,2.4,1STN_A_T104A
1STN,A,T,G,115,2.6,1STN_A_T115G
1STN,A,T,A,115,2.5,1STN_A_T115A
1STN,A,T,G,123,2,1STN_A_T123G
1STN,A,T,A,123,2,1STN_A_T123A
1STN,A,T,G,126,0.6,1STN_A_T126G
1STN,A,T,A,126,0.6,1STN_A_T126A
1STN,A,T,G,144,3.5,1STN_A_T144G
1STN,A,T,A,144,3.45,1STN_A_T144A
1STN,A,T,G,164,2,1STN_A_T164G
1STN,A,T,A,164,2,1STN_A_T164A
1STN,A,T,G,202,2.1,1STN_A_T202G
1STN,A,T,A,202,1.2,1STN_A_T202A
1JOK,A,A,V,227,0.3,1JOK_A_A227V
1STN,A,N,G,68,0.5,1STN_A_N68G
1STN,A,Q,G,30,0.9,1STN_A_Q30G
1STN,A,S,G,59,1.1,1STN_A_S59G
1STN,A,T,G,13,1.1,1STN_A_T13G
1RN1,A,Y,F,11,2.11,1RN1_A_Y11F
1RN1,A,Y,F,42,1.15,1RN1_A_Y42F
1RN1,A,Y,F,56,0.78,1RN1_A_Y56F
1RN1,A,Y,F,57,0.5,1RN1_A_Y57F
1RN1,A,Y,F,68,1.36,1RN1_A_Y68F
1RN1,A,S,A,12,1.23,1RN1_A_S12A
1RN1,A,S,A,17,-0.67,1RN1_A_S17A
1RN1,A,S,A,64,-1.56,1RN1_A_S64A
1RN1,A,N,A,9,-0.9,1RN1_A_N9A
1RN1,A,N,A,36,0.03,1RN1_A_N36A
1RN1,A,N,A,44,-2.03,1RN1_A_N44A
1RN1,A,N,A,81,-2.91,1RN1_A_N81A
1BPI,A,K,M,46,12.7,1BPI_A_K46M
1BPI,A,R,M,53,12.4,1BPI_A_R53M
1OH0,A,Y,S,14,-11.9,1OH0_A_Y14S
1P2P,A,N,D,89,0.19,1P2P_A_N89D
1STN,A,V,M,66,0.2,1STN_A_V66M
1STN,A,V,K,66,7.5,1STN_A_V66K
1RN1,A,E,A,58,0.83,1RN1_A_E58A
2LZM,A,L,P,91,10.98,2LZM_A_L91P
1WQ5,B,P,A,57,-0.1,1WQ5_B_P57A
1WQ5,A,P,A,62,0.69,1WQ5_A_P62A
1STN,A,E,D,43,-0.2,1STN_A_E43D
1VQB,A,V,P,70,5.1,1VQB_A_V70P
1BGL,A,E,Q,461,-8.3,1BGL_A_E461Q
1BGL,A,Y,F,503,2.7,1BGL_A_Y503F
1LRP,A,P,A,78,1.6,1LRP_A_P78A
1SPD,A,C,S,111,-0.8,1SPD_A_C111S
1SPD,A,C,A,6,-0.1,1SPD_A_C6A
1STN,A,L,A,7,2,1STN_A_L7A
1STN,A,L,G,7,1.5,1STN_A_L7G
1STN,A,L,A,14,2.3,1STN_A_L14A
1STN,A,L,G,14,3.7,1STN_A_L14G
1STN,A,L,A,25,2.8,1STN_A_L25A
1STN,A,L,G,25,4.5,1STN_A_L25G
1STN,A,L,A,36,3.55,1STN_A_L36A
1STN,A,L,A,37,1.75,1STN_A_L37A
1STN,A,L,G,37,3.85,1STN_A_L37G
1STN,A,L,A,38,1.65,1STN_A_L38A
1STN,A,L,G,38,0.55,1STN_A_L38G
1STN,A,L,A,89,2.6,1STN_A_L89A
1STN,A,L,G,89,3.2,1STN_A_L89G
1STN,A,L,A,103,4.6,1STN_A_L103A
1STN,A,L,A,125,4.9,1STN_A_L125A
1STN,A,L,A,137,8,1STN_A_L137A
1STN,A,L,G,137,4.6,1STN_A_L137G
1STN,A,V,A,23,7.2,1STN_A_V23A
1STN,A,V,A,39,2.2,1STN_A_V39A
1STN,A,V,G,39,4.7,1STN_A_V39G
1STN,A,V,A,51,0.25,1STN_A_V51A
1STN,A,V,G,51,0.35,1STN_A_V51G
1STN,A,V,A,66,9,1STN_A_V66A
1STN,A,V,G,66,4.4,1STN_A_V66G
1STN,A,V,A,74,3.1,1STN_A_V74A
1STN,A,V,A,99,3.2,1STN_A_V99A
1STN,A,V,A,104,2.9,1STN_A_V104A
1STN,A,V,A,111,4.45,1STN_A_V111A
1STN,A,V,G,111,4.9,1STN_A_V111G
1STN,A,V,A,114,0,1STN_A_V114A
1STN,A,V,G,114,0.2,1STN_A_V114G
1STN,A,I,V,15,0.8,1STN_A_I15V
1STN,A,I,A,15,2.65,1STN_A_I15A
1STN,A,I,G,15,3.3,1STN_A_I15G
1STN,A,I,V,18,1.1,1STN_A_I18V
1STN,A,I,A,18,2.5,1STN_A_I18A
1STN,A,I,G,18,2.6,1STN_A_I18G
1STN,A,I,V,72,1.8,1STN_A_I72V
1STN,A,I,V,92,0.45,1STN_A_I92V
1STN,A,I,A,92,4,1STN_A_I92A
1STN,A,I,V,139,1.5,1STN_A_I139V
1STN,A,I,A,139,3.5,1STN_A_I139A
1STN,A,I,G,139,4.4,1STN_A_I139G
1STN,A,M,A,26,1.5,1STN_A_M26A
1STN,A,M,G,26,3.1,1STN_A_M26G
1STN,A,M,A,32,1.7,1STN_A_M32A
1STN,A,M,G,32,2.4,1STN_A_M32G
1STN,A,M,A,65,2,1STN_A_M65A
1STN,A,M,G,65,4.6,1STN_A_M65G
1STN,A,M,A,98,4.6,1STN_A_M98A
1STN,A,M,G,98,4.5,1STN_A_M98G
1STN,A,Y,A,54,2.15,1STN_A_Y54A
1STN,A,Y,G,54,1.85,1STN_A_Y54G
1STN,A,Y,A,85,0.4,1STN_A_Y85A
1STN,A,Y,G,85,1,1STN_A_Y85G
1STN,A,Y,A,113,-0.1,1STN_A_Y113A
1STN,A,Y,G,113,0.25,1STN_A_Y113G
1STN,A,Y,A,115,0.3,1STN_A_Y115A
1STN,A,Y,G,115,0.7,1STN_A_Y115G
1STN,A,F,A,34,3.7,1STN_A_F34A
1STN,A,F,A,61,2.35,1STN_A_F61A
1STN,A,F,G,61,4.75,1STN_A_F61G
1STN,A,F,A,76,4.05,1STN_A_F76A
1STN,A,F,G,76,4.7,1STN_A_F76G
1STN,A,Y,A,27,-4.2,1STN_A_Y27A
1STN,A,H,L,124,-1.9,1STN_A_H124L
1STN,A,H,Y,46,0,1STN_A_H46Y
1STN,A,I,M,18,0.7,1STN_A_I18M
1STN,A,L,F,89,1.2,1STN_A_L89F
1STN,A,V,F,23,2.3,1STN_A_V23F
1STN,A,G,S,79,2.7,1STN_A_G79S
1STN,A,T,S,33,1.25,1STN_A_T33S
1STN,A,A,G,60,1.45,1STN_A_A60G
1STN,A,A,V,60,2.85,1STN_A_A60V
1STN,A,T,A,62,2.4,1STN_A_T62A
1STN,A,T,G,62,3.45,1STN_A_T62G
1STN,A,E,A,73,1.6,1STN_A_E73A
1STN,A,D,A,77,3.6,1STN_A_D77A
1STN,A,D,G,77,2.2,1STN_A_D77G
1STN,A,D,A,83,3.85,1STN_A_D83A
1STN,A,D,G,83,2.75,1STN_A_D83G
1STN,A,A,S,90,2.6,1STN_A_A90S
1STN,A,D,A,95,3.6,1STN_A_D95A
1STN,A,D,G,95,3.1,1STN_A_D95G
1STN,A,N,D,118,2.45,1STN_A_N118D
1RN1,A,Q,K,25,-0.93,1RN1_A_Q25K
1BNI,A,T,S,53,0.3,1BNI_A_T53S
1BNI,A,T,A,53,2.53,1BNI_A_T53A
1BNI,A,T,G,53,1.34,1BNI_A_T53G
1BNI,A,T,N,53,1.27,1BNI_A_T53N
1BNI,A,T,D,53,-0.11,1BNI_A_T53D
1BNI,A,T,Q,53,1.87,1BNI_A_T53Q
1BNI,A,T,E,53,0.27,1BNI_A_T53E
1BNI,A,T,S,73,0.56,1BNI_A_T73S
1BNI,A,T,V,73,2.31,1BNI_A_T73V
1BNI,A,T,A,73,2.14,1BNI_A_T73A
1BNI,A,T,G,73,2.08,1BNI_A_T73G
1BNI,A,T,N,73,1.29,1BNI_A_T73N
1BNI,A,T,Q,73,1.72,1BNI_A_T73Q
1BNI,A,T,E,73,0.05,1BNI_A_T73E
1LRP,A,Y,C,88,-2.5,1LRP_A_Y88C
1STN,A,G,V,88,-3.6,1STN_A_G88V
1STN,A,V,L,66,-3.7,1STN_A_V66L
1STN,A,A,T,69,8.7,1STN_A_A69T
1LRP,A,G,A,48,-0.87,1LRP_A_G48A
1LRP,A,G,N,48,-0.79,1LRP_A_G48N
1LRP,A,G,S,48,-0.68,1LRP_A_G48S
1LRP,A,G,A,46,-0.66,1LRP_A_G46A
6DS9,A,E,Q,41,-0.2,6DS9_A_E41Q
1LRP,A,A,T,66,2.99,1LRP_A_A66T
1LRP,A,Y,H,22,2.25,1LRP_A_Y22H
1LRP,A,I,S,84,2.25,1LRP_A_I84S
1LRP,A,A,V,49,1.22,1LRP_A_A49V
1LRP,A,Q,Y,44,0.02,1LRP_A_Q44Y
1LRP,A,K,Q,4,-0.43,1LRP_A_K4Q
1LRP,A,Q,Y,33,-1.32,1LRP_A_Q33Y
1YEA,A,N,I,52,-3.5,1YEA_A_N52I
1YEA,A,P,G,25,0.8,1YEA_A_P25G
1YEA,A,H,N,33,1.3,1YEA_A_H33N
1STN,A,V,T,99,3.3,1STN_A_V99T
1STN,A,V,T,104,2.5,1STN_A_V104T
1STN,A,V,T,111,3.2,1STN_A_V111T
1STN,A,V,T,114,2.9,1STN_A_V114T
1STN,A,V,S,23,4.7,1STN_A_V23S
1STN,A,V,S,39,3.9,1STN_A_V39S
1STN,A,V,S,51,2.8,1STN_A_V51S
1STN,A,V,S,66,4.2,1STN_A_V66S
1STN,A,V,S,104,4.9,1STN_A_V104S
1STN,A,V,S,111,4.8,1STN_A_V111S
1STN,A,V,S,114,2.1,1STN_A_V114S
1STN,A,Y,F,27,2.1,1STN_A_Y27F
1STN,A,Y,F,54,0.5,1STN_A_Y54F
1STN,A,Y,F,85,-0.2,1STN_A_Y85F
1STN,A,Y,F,91,3.9,1STN_A_Y91F
1STN,A,Y,F,93,2,1STN_A_Y93F
1STN,A,Y,F,113,0,1STN_A_Y113F
1STN,A,Y,F,115,-0.1,1STN_A_Y115F
1STN,A,Y,L,27,-1.5,1STN_A_Y27L
1STN,A,Y,L,54,3.4,1STN_A_Y54L
1STN,A,Y,L,85,0.1,1STN_A_Y85L
1STN,A,Y,L,91,3.9,1STN_A_Y91L
1STN,A,Y,L,93,4.5,1STN_A_Y93L
1STN,A,Y,L,113,-0.2,1STN_A_Y113L
1STN,A,Y,L,115,0.3,1STN_A_Y115L
1STN,A,T,S,13,0.3,1STN_A_T13S
1STN,A,T,S,22,0.6,1STN_A_T22S
1STN,A,T,S,41,1.1,1STN_A_T41S
1STN,A,T,S,44,0,1STN_A_T44S
1STN,A,T,S,62,2.1,1STN_A_T62S
1STN,A,T,S,82,0.7,1STN_A_T82S
1STN,A,T,S,120,0.6,1STN_A_T120S
1STN,A,T,V,13,0.4,1STN_A_T13V
1STN,A,T,V,22,0.9,1STN_A_T22V
1STN,A,T,V,33,-0.4,1STN_A_T33V
1STN,A,T,V,41,-0.8,1STN_A_T41V
1STN,A,T,V,44,-0.1,1STN_A_T44V
1STN,A,T,V,62,0.2,1STN_A_T62V
1STN,A,T,V,82,-0.2,1STN_A_T82V
1STN,A,T,V,120,1.8,1STN_A_T120V
1STN,A,T,C,13,1.4,1STN_A_T13C
1STN,A,T,C,22,0.9,1STN_A_T22C
1STN,A,T,C,33,1.2,1STN_A_T33C
1STN,A,T,C,41,-0.6,1STN_A_T41C
1STN,A,T,C,44,0.2,1STN_A_T44C
1STN,A,T,C,62,1.1,1STN_A_T62C
1STN,A,T,C,82,0.1,1STN_A_T82C
1STN,A,T,C,120,1.7,1STN_A_T120C
1STN,A,V,T,51,-0.2,1STN_A_V51T
1STN,A,V,T,39,1.3,1STN_A_V39T
1STN,A,V,T,66,1.3,1STN_A_V66T
1STN,A,V,T,23,3.2,1STN_A_V23T
1STN,A,V,T,74,3.8,1STN_A_V74T
1BPI,A,F,L,33,1.3,1BPI_A_F33L
1BPI,A,E,M,49,11.4,1BPI_A_E49M
1NVO,A,L,G,13,10.8,1NVO_A_L13G
1W99,A,L,V,175,10.49,1W99_A_L175V
1YCC,A,K,H,22,10.4,1YCC_A_K22H
1PGA,A,A,P,252,4.2,1PGA_A_A252P
1PGA,A,D,G,248,1.5,1PGA_A_D248G
1STN,A,I,E,92,10.1,1STN_A_I92E
1STN,A,L,E,25,9.8,1STN_A_L25E
1OH0,A,Y,S,55,-9.5,1OH0_A_Y55S
1STN,A,V,E,99,9.5,1STN_A_V99E
1STN,A,V,E,74,9.4,1STN_A_V74E
2RN4,unsigned,K,G,95,-1.9,2RN4_unsigned_K95G
1RCH,A,D,N,134,-1.9,1RCH_A_D134N
2RN5,unsigned,D,N,134,-0.5,2RN5_unsigned_D134N
1STN,A,G,W,88,-8.8,1STN_A_G88W
1STN,A,E,A,75,2.2,1STN_A_E75A
1STN,A,K,G,24,1.7,1STN_A_K24G
1STN,A,E,G,75,5.7,1STN_A_E75G
1YCC,A,A,Y,7,-0.07,1YCC_A_A7Y
1YCC,A,L,I,94,-0.33,1YCC_A_L94I
1YCC,A,A,L,7,0.23,1YCC_A_A7L
1YCC,A,Y,F,97,0.26,1YCC_A_Y97F
1YCC,A,F,Y,10,0.9,1YCC_A_F10Y
1YCC,A,F,W,10,1.31,1YCC_A_F10W
1YCC,A,L,V,94,1.06,1YCC_A_L94V
1YCC,A,F,I,10,1.14,1YCC_A_F10I
1YCC,A,L,T,94,3.05,1YCC_A_L94T
1YCC,A,F,M,10,3.52,1YCC_A_F10M
1YCC,A,L,A,94,3.58,1YCC_A_L94A
1YCC,A,Y,A,97,4.87,1YCC_A_Y97A
3SSI,A,D,N,83,0.98,3SSI_A_D83N
3SSI,A,D,C,83,-1.27,3SSI_A_D83C
1STN,A,E,V,75,2.31,1STN_A_E75V
1STN,A,V,W,66,4.9,1STN_A_V66W
1RN1,A,Y,W,24,-1.24,1RN1_A_Y24W
1RN1,B,Y,W,45,-0.74,1RN1_B_Y45W
1RN1,A,Y,W,42,0.14,1RN1_A_Y42W
1RN1,A,H,T,40,0.26,1RN1_A_H40T
1RN1,A,H,A,92,0.62,1RN1_A_H92A
1RN1,A,W,Y,59,0.93,1RN1_A_W59Y
1C5G,A,R,E,53,1.2,1C5G_A_R53E
1C5G,A,E,R,373,0.3,1C5G_A_E373R
1C5G,A,E,P,373,-0.3,1C5G_A_E373P
1BVC,A,H,Q,97,0.06,1BVC_A_H97Q
1REI,A,R,N,61,-3.9,1REI_A_R61N
1REI,A,A,T,84,2.5,1REI_A_A84T
1REI,A,G,E,57,1,1REI_A_G57E
1REI,A,G,D,68,0.1,1REI_A_G68D
1REI,A,L,T,78,0.8,1REI_A_L78T
1REI,A,Y,F,49,0.6,1REI_A_Y49F
1CAH,A,P,A,202,1.1,1CAH_A_P202A
1STN,A,D,A,21,-0.7,1STN_A_D21A
1STN,A,G,A,50,-0.3,1STN_A_G50A
1STN,A,D,G,21,-0.3,1STN_A_D21G
1STN,A,K,A,45,-0.3,1STN_A_K45A
1STN,A,K,G,45,-0.2,1STN_A_K45G
1STN,A,N,G,138,-0.2,1STN_A_N138G
1STN,A,K,G,136,-0.1,1STN_A_K136G
1STN,A,D,A,19,0.1,1STN_A_D19A
1STN,A,E,A,52,0.1,1STN_A_E52A
1STN,A,K,A,16,0.2,1STN_A_K16A
1STN,A,K,G,49,0.2,1STN_A_K49G
1STN,A,D,G,19,0.3,1STN_A_D19G
1STN,A,K,A,49,0.3,1STN_A_K49A
1STN,A,E,G,52,0.4,1STN_A_E52G
1STN,A,G,A,86,0.5,1STN_A_G86A
1STN,A,K,A,136,0.7,1STN_A_K136A
1STN,A,K,A,28,0.7,1STN_A_K28A
1STN,A,K,G,28,0.7,1STN_A_K28G
1STN,A,K,G,16,0.7,1STN_A_K16G
1STN,A,N,A,138,1,1STN_A_N138A
1STN,A,G,A,29,1.2,1STN_A_G29A
1STN,A,N,A,119,1.2,1STN_A_N119A
1STN,A,N,G,119,1.2,1STN_A_N119G
1STN,A,G,A,96,1.7,1STN_A_G96A
1STN,A,N,G,118,1.8,1STN_A_N118G
1STN,A,N,A,118,2,1STN_A_N118A
1STN,A,G,A,79,2.3,1STN_A_G79A
1STN,A,G,A,107,4.4,1STN_A_G107A
1STN,A,K,W,70,0.49,1STN_A_K70W
1ZNJ,A,H,D,10,-1.8,1ZNJ_A_H10D
1IOB,A,T,Q,9,3.4,1IOB_A_T9Q
1STN,A,G,D,79,2.28,1STN_A_G79D
1ZNJ,A,H,E,10,-1.44,1ZNJ_A_H10E
1ZNJ,A,S,D,9,-0.1,1ZNJ_A_S9D
1ZNJ,A,H,T,10,0.22,1ZNJ_A_H10T
1RN1,A,P,A,39,5.12,1RN1_A_P39A
1AXB,A,R,H,162,2.06,1AXB_A_R162H
1AXB,A,E,K,102,-0.64,1AXB_A_E102K
1AXB,A,G,S,234,1.95,1AXB_A_G234S
1AXB,A,R,S,162,0.61,1AXB_A_R162S
1STN,A,K,F,70,0.1,1STN_A_K70F
1STN,A,G,C,29,1.1,1STN_A_G29C
1STN,A,G,C,50,0.8,1STN_A_G50C
1STN,A,E,C,57,0.7,1STN_A_E57C
1STN,A,A,C,60,1.2,1STN_A_A60C
1STN,A,K,C,70,0.5,1STN_A_K70C
1STN,A,K,C,78,0.4,1STN_A_K78C
1STN,A,R,C,105,2.7,1STN_A_R105C
1STN,A,A,C,112,0.8,1STN_A_A112C
1STN,A,K,C,134,0.7,1STN_A_K134C
1STN,A,K,F,134,0.4,1STN_A_K134F
1STN,A,K,F,78,-0.1,1STN_A_K78F
1STN,A,G,F,50,0.6,1STN_A_G50F
1STN,A,E,F,57,0.9,1STN_A_E57F
1STN,A,G,F,29,1.25,1STN_A_G29F
1STN,A,A,F,112,1.45,1STN_A_A112F
1STN,A,R,F,105,3.1,1STN_A_R105F
1DFO,A,W,F,385,2.85,1DFO_A_W385F
1DFO,A,W,F,16,1.1,1DFO_A_W16F
1STN,A,D,A,101,0.1,1STN_A_D101A
1STN,A,D,G,101,0.5,1STN_A_D101G
1STN,A,D,A,103,-0.8,1STN_A_D103A
1STN,A,D,G,103,-0.5,1STN_A_D103G
1STN,A,D,A,122,-0.4,1STN_A_D122A
1STN,A,D,G,122,0.5,1STN_A_D122G
1STN,A,D,A,159,3.2,1STN_A_D159A
1STN,A,D,G,159,2.2,1STN_A_D159G
1STN,A,D,A,165,3.9,1STN_A_D165A
1STN,A,D,G,165,2.8,1STN_A_D165G
1STN,A,D,A,177,3.6,1STN_A_D177A
1STN,A,D,G,177,3.1,1STN_A_D177G
1STN,A,E,A,92,1.3,1STN_A_E92A
1STN,A,E,G,92,1.9,1STN_A_E92G
1STN,A,E,A,125,-0.3,1STN_A_E125A
1STN,A,E,G,125,-0.6,1STN_A_E125G
1STN,A,E,A,134,0.1,1STN_A_E134A
1STN,A,E,G,134,0.4,1STN_A_E134G
1STN,A,E,A,139,0.2,1STN_A_E139A
1STN,A,E,G,139,1.6,1STN_A_E139G
1STN,A,E,A,149,1.1,1STN_A_E149A
1STN,A,E,G,149,1,1STN_A_E149G
1STN,A,E,A,155,1.6,1STN_A_E155A
1STN,A,E,G,155,2.8,1STN_A_E155G
1STN,A,E,A,157,2.2,1STN_A_E157A
1STN,A,E,G,157,3.5,1STN_A_E157G
1STN,A,E,A,183,1.9,1STN_A_E183A
1STN,A,E,G,183,3.1,1STN_A_E183G
1STN,A,E,A,204,0.4,1STN_A_E204A
1STN,A,E,G,204,2.2,1STN_A_E204G
1STN,A,E,A,211,2.4,1STN_A_E211A
1STN,A,E,G,211,3.8,1STN_A_E211G
1STN,A,E,A,217,0.7,1STN_A_E217A
1STN,A,E,G,217,1.7,1STN_A_E217G
1STN,A,K,A,88,-0.3,1STN_A_K88A
1STN,A,K,G,88,-0.3,1STN_A_K88G
1STN,A,K,A,91,1.4,1STN_A_K91A
1STN,A,K,G,91,1.9,1STN_A_K91G
1STN,A,K,A,98,0.2,1STN_A_K98A
1STN,A,K,G,98,0.8,1STN_A_K98G
1STN,A,K,A,106,0.3,1STN_A_K106A
1STN,A,K,G,106,1.6,1STN_A_K106G
1STN,A,K,A,110,1.3,1STN_A_K110A
1STN,A,K,G,110,2.7,1STN_A_K110G
1STN,A,K,A,127,-0.3,1STN_A_K127A
1STN,A,K,G,127,-0.8,1STN_A_K127G
1STN,A,K,A,130,-0.1,1STN_A_K130A
1STN,A,K,G,130,-0.2,1STN_A_K130G
1STN,A,K,A,131,0.3,1STN_A_K131A
1STN,A,K,G,131,0.2,1STN_A_K131G
1STN,A,K,A,135,0.2,1STN_A_K135A
1STN,A,K,G,135,0.3,1STN_A_K135G
1STN,A,K,A,145,0.5,1STN_A_K145A
1STN,A,K,G,145,1.6,1STN_A_K145G
1STN,A,K,A,146,-0.2,1STN_A_K146A
1STN,A,K,G,146,0.5,1STN_A_K146G
1STN,A,K,A,152,0.2,1STN_A_K152A
1STN,A,K,G,152,0.6,1STN_A_K152G
1STN,A,K,A,153,0.6,1STN_A_K153A
1STN,A,K,G,153,1.3,1STN_A_K153G
1STN,A,K,A,160,0.6,1STN_A_K160A
1STN,A,K,G,160,1.1,1STN_A_K160G
1STN,A,K,A,166,-0.2,1STN_A_K166A
1STN,A,K,G,166,0.4,1STN_A_K166G
1STN,A,K,A,179,0.2,1STN_A_K179A
1STN,A,K,G,179,1.9,1STN_A_K179G
1STN,A,K,A,192,1.3,1STN_A_K192A
1STN,A,K,G,192,2.7,1STN_A_K192G
1STN,A,K,A,198,-0.7,1STN_A_K198A
1STN,A,K,G,198,-1.1,1STN_A_K198G
1STN,A,K,A,209,-0.2,1STN_A_K209A
1STN,A,K,G,209,0.7,1STN_A_K209G
1STN,A,K,A,215,1.4,1STN_A_K215A
1STN,A,K,G,215,3.3,1STN_A_K215G
1STN,A,K,A,216,-0.1,1STN_A_K216A
1STN,A,K,G,216,0.8,1STN_A_K216G
1STN,A,K,A,218,0.9,1STN_A_K218A
1STN,A,K,G,218,0.2,1STN_A_K218G
1STN,A,H,A,90,0.5,1STN_A_H90A
1STN,A,H,G,90,0.8,1STN_A_H90G
1STN,A,H,A,128,0.5,1STN_A_H128A
1STN,A,H,G,128,0.4,1STN_A_H128G
1STN,A,H,A,203,3.1,1STN_A_H203A
1STN,A,H,G,203,4.2,1STN_A_H203G
1STN,A,H,A,206,-0.6,1STN_A_H206A
1STN,A,H,G,206,0.5,1STN_A_H206G
1STN,A,R,A,117,1.4,1STN_A_R117A
1STN,A,R,G,117,2.3,1STN_A_R117G
1STN,A,R,A,163,1.1,1STN_A_R163A
1STN,A,R,G,163,2.2,1STN_A_R163G
1STN,A,R,A,169,0.9,1STN_A_R169A
1STN,A,R,G,169,2.6,1STN_A_R169G
1STN,A,R,A,187,1.4,1STN_A_R187A
1STN,A,R,G,187,2.4,1STN_A_R187G
1STN,A,R,A,208,1.7,1STN_A_R208A
1STN,A,R,G,208,2.9,1STN_A_R208G
1WQ5,A,I,A,95,0.3,1WQ5_A_I95A
1WQ5,A,Y,A,102,2.8,1WQ5_A_Y102A
1WQ5,A,L,A,100,3.5,1WQ5_A_L100A
1WQ5,A,P,S,93,4.1,1WQ5_A_P93S
1WQ5,A,H,A,244,4.2,1WQ5_A_H244A
1STN,A,M,L,32,0.8,1STN_A_M32L
1STN,A,M,I,32,0.6,1STN_A_M32I
2LZM,A,A,M,129,2.5,2LZM_A_A129M
1STN,A,L,E,125,9.1,1STN_A_L125E
2LZM,A,L,P,66,12.23,2LZM_A_L66P
1GLM,A,G,A,137,1.58,1GLM_A_G137A
1GLM,A,G,A,139,3.25,1GLM_A_G139A
1GLM,A,G,A,251,0.02,1GLM_A_G251A
1GLM,A,G,A,383,0.43,1GLM_A_G383A
2LZM,A,I,M,100,1.6,2LZM_A_I100M
1DFO,A,W,Y,183,3.4,1DFO_A_W183Y
1DFO,A,W,Y,16,3.55,1DFO_A_W16Y
1RN1,A,P,V,73,2.13,1RN1_A_P73V
1CEY,A,V,T,10,2.8,1CEY_A_V10T
1CEY,A,V,T,11,5.3,1CEY_A_V11T
1CEY,A,V,T,21,8.3,1CEY_A_V21T
1CEY,A,N,G,23,8.5,1CEY_A_N23G
1CEY,A,V,T,33,7,1CEY_A_V33T
1CEY,A,A,G,36,5.4,1CEY_A_A36G
1CEY,A,D,A,38,6.6,1CEY_A_D38A
1CEY,A,D,G,38,7.5,1CEY_A_D38G
1CEY,A,G,A,39,7.5,1CEY_A_G39A
1CEY,A,V,T,40,7.8,1CEY_A_V40T
1CEY,A,A,G,42,6.2,1CEY_A_A42G
1CEY,A,V,T,54,3.7,1CEY_A_V54T
1CEY,A,I,V,55,7,1CEY_A_I55V
1CEY,A,D,A,64,7.5,1CEY_A_D64A
1CEY,A,I,V,72,7,1CEY_A_I72V
1CEY,A,G,A,76,9,1CEY_A_G76A
1CEY,A,V,T,83,5,1CEY_A_V83T
1CEY,A,A,G,97,7.1,1CEY_A_A97G
1CEY,A,A,G,98,7.2,1CEY_A_A98G
1CEY,A,A,G,103,6.8,1CEY_A_A103G
1CEY,A,V,T,108,7.5,1CEY_A_V108T
1CEY,A,T,A,112,7,1CEY_A_T112A
1CEY,A,T,G,112,7.5,1CEY_A_T112G
1CEY,A,I,V,123,7.7,1CEY_A_I123V
1CEY,A,F,A,14,-0.8,1CEY_A_F14A
1CEY,A,P,G,61,0.6,1CEY_A_P61G
1REI,A,Q,D,38,1.2,1REI_A_Q38D
1REI,A,Q,R,89,1.8,1REI_A_Q89R
1REI,A,F,L,73,-0.98,1REI_A_F73L
1REI,A,T,K,39,-1.27,1REI_A_T39K
1REI,A,Y,H,32,-1.34,1REI_A_Y32H
1REI,A,Y,F,71,-1.29,1REI_A_Y71F
1RN1,A,A,N,21,-0.34,1RN1_A_A21N
1RN1,A,A,D,21,0.71,1RN1_A_A21D
1RN1,A,A,E,21,0.69,1RN1_A_A21E
1RN1,A,A,L,21,0.13,1RN1_A_A21L
1RN1,A,A,M,21,0.15,1RN1_A_A21M
1RN1,A,A,H,21,0.56,1RN1_A_A21H
1RN1,A,A,Q,21,0.4,1RN1_A_A21Q
1RN1,A,A,W,21,0.3,1RN1_A_A21W
1RN1,A,A,Y,21,0.39,1RN1_A_A21Y
1RN1,A,A,S,21,0.49,1RN1_A_A21S
1RN1,A,A,R,21,0.41,1RN1_A_A21R
1RN1,A,A,I,21,0.44,1RN1_A_A21I
1RN1,A,A,K,21,0.51,1RN1_A_A21K
1RN1,A,A,F,21,0.57,1RN1_A_A21F
1RN1,A,A,T,21,0.57,1RN1_A_A21T
1RN1,A,A,V,21,0.66,1RN1_A_A21V
1RN1,A,A,C,21,0.74,1RN1_A_A21C
1RN1,A,A,G,21,1.1,1RN1_A_A21G
1BPI,A,L,M,6,8.8,1BPI_A_L6M
1STN,A,L,E,36,8.8,1STN_A_L36E
1STN,A,Y,C,27,2.9,1STN_A_Y27C
1BPI,A,T,M,11,8.7,1BPI_A_T11M
1STN,A,Y,H,27,1.6,1STN_A_Y27H
1STN,A,Y,I,27,2.5,1STN_A_Y27I
1STN,A,Y,K,27,3.9,1STN_A_Y27K
1STN,A,Y,M,27,2,1STN_A_Y27M
1STN,A,Y,N,27,4,1STN_A_Y27N
1STN,A,Y,Q,27,3.2,1STN_A_Y27Q
1STN,A,Y,R,27,2.9,1STN_A_Y27R
1STN,A,Y,S,27,3,1STN_A_Y27S
1STN,A,Y,T,27,3.3,1STN_A_Y27T
1STN,A,Y,V,27,3,1STN_A_Y27V
1STN,A,Y,W,27,0.6,1STN_A_Y27W
5CRO,A,F,W,58,-2.4,5CRO_A_F58W
1BU4,A,H,A,92,1.04,1BU4_A_H92A
1BU4,A,H,N,92,1.74,1BU4_A_H92N
1BU4,A,H,Q,92,-0.64,1BU4_A_H92Q
1BU4,A,N,A,9,0.84,1BU4_A_N9A
1BU4,A,T,A,93,0.86,1BU4_A_T93A
2LZM,A,I,A,17,4.2,2LZM_A_I17A
2LZM,A,I,A,50,2.9,2LZM_A_I50A
2LZM,A,I,A,78,1.6,2LZM_A_I78A
2LZM,A,I,A,100,3.4,2LZM_A_I100A
2LZM,A,V,A,87,2.8,2LZM_A_V87A
2LZM,A,V,A,111,1.3,2LZM_A_V111A
2LZM,A,M,A,6,1.9,2LZM_A_M6A
2LZM,A,M,A,106,2.3,2LZM_A_M106A
2LZM,A,F,A,104,3.1,2LZM_A_F104A
2LZM,A,L,A,7,4.1,2LZM_A_L7A
2LZM,A,L,A,33,5.2,2LZM_A_L33A
2LZM,A,L,A,66,5.1,2LZM_A_L66A
2LZM,A,L,A,84,3.9,2LZM_A_L84A
2LZM,A,L,A,91,3.1,2LZM_A_L91A
1BNI,A,N,A,41,4,1BNI_A_N41A
1FKJ,A,V,A,3,2.43,1FKJ_A_V3A
1FKJ,A,V,A,5,2.8,1FKJ_A_V5A
1FKJ,A,V,A,25,3.19,1FKJ_A_V25A
1FKJ,A,F,A,37,3.54,1FKJ_A_F37A
1FKJ,A,L,A,51,2.6,1FKJ_A_L51A
1FKJ,A,V,A,56,2.13,1FKJ_A_V56A
1FKJ,A,I,A,57,2.5,1FKJ_A_I57A
1FKJ,A,I,D,57,3.16,1FKJ_A_I57D
1FKJ,A,I,T,57,1.9,1FKJ_A_I57T
1FKJ,A,V,A,64,3,1FKJ_A_V64A
1FKJ,A,I,V,77,0.8,1FKJ_A_I77V
1FKJ,A,I,A,77,3.81,1FKJ_A_I77A
1FKJ,A,I,A,92,1.54,1FKJ_A_I92A
1FKJ,A,I,V,92,0.38,1FKJ_A_I92V
1FKJ,A,L,A,98,3.74,1FKJ_A_L98A
1FKJ,A,V,A,99,2.36,1FKJ_A_V99A
1FKJ,A,V,A,102,2.8,1FKJ_A_V102A
1FKJ,A,L,A,107,2.32,1FKJ_A_L107A
1FKJ,A,R,A,58,0.81,1FKJ_A_R58A
1FKJ,A,R,G,58,-2.3,1FKJ_A_R58G
1FKJ,A,E,A,62,0.84,1FKJ_A_E62A
1FKJ,A,E,G,62,2.49,1FKJ_A_E62G
1FKJ,A,I,V,8,1.15,1FKJ_A_I8V
1FKJ,A,T,S,22,1.44,1FKJ_A_T22S
1FKJ,A,T,V,22,-0.9,1FKJ_A_T22V
1FKJ,A,T,A,22,1.6,1FKJ_A_T22A
1FKJ,A,T,S,28,1.5,1FKJ_A_T28S
1FKJ,A,T,V,28,-0.6,1FKJ_A_T28V
1FKJ,A,T,A,28,2,1FKJ_A_T28A
1FKJ,A,T,V,76,0.81,1FKJ_A_T76V
1FKJ,A,T,A,76,2.65,1FKJ_A_T76A
1FKJ,A,V,A,110,1.4,1FKJ_A_V110A
1FKJ,A,T,A,7,2.3,1FKJ_A_T7A
1STN,A,K,F,9,1.2,1STN_A_K9F
1STN,A,K,F,16,0.5,1STN_A_K16F
1STN,A,D,F,19,1.5,1STN_A_D19F
1STN,A,K,F,24,0.6,1STN_A_K24F
1STN,A,K,F,28,0.9,1STN_A_K28F
1STN,A,K,F,48,0.5,1STN_A_K48F
1STN,A,K,F,49,0,1STN_A_K49F
1STN,A,E,F,52,0.7,1STN_A_E52F
1STN,A,S,F,59,0,1STN_A_S59F
1STN,A,A,F,60,0.8,1STN_A_A60F
1STN,A,K,F,63,2,1STN_A_K63F
1STN,A,K,F,64,0.3,1STN_A_K64F
1STN,A,M,F,65,1.6,1STN_A_M65F
1STN,A,E,F,67,1.4,1STN_A_E67F
1STN,A,K,F,71,0,1STN_A_K71F
1STN,A,E,F,73,1.1,1STN_A_E73F
1STN,A,Q,F,80,0.7,1STN_A_Q80F
1STN,A,K,F,84,0.9,1STN_A_K84F
1STN,A,G,F,86,2,1STN_A_G86F
1STN,A,G,F,96,3,1STN_A_G96F
1STN,A,K,F,97,0.7,1STN_A_K97F
1STN,A,E,F,101,3.1,1STN_A_E101F
1STN,A,A,F,102,1.9,1STN_A_A102F
1STN,A,K,F,116,0.1,1STN_A_K116F
1STN,A,E,F,122,0.8,1STN_A_E122F
1STN,A,Q,F,123,0.7,1STN_A_Q123F
1STN,A,H,F,124,-0.3,1STN_A_H124F
1STN,A,K,F,127,0.3,1STN_A_K127F
1STN,A,S,F,128,1,1STN_A_S128F
1STN,A,E,F,129,4,1STN_A_E129F
1STN,A,Q,F,131,0.7,1STN_A_Q131F
1STN,A,K,F,133,1.4,1STN_A_K133F
1STN,A,E,F,135,1.2,1STN_A_E135F
1STN,A,K,F,136,1.2,1STN_A_K136F
1JOK,A,D,F,225,-0.1,1JOK_A_D225F
1BVC,A,D,A,122,0,1BVC_A_D122A
1BVC,A,D,A,20,0.06,1BVC_A_D20A
1BVC,A,K,A,133,0.49,1BVC_A_K133A
1BVC,A,K,A,147,0.43,1BVC_A_K147A
1BVC,A,L,A,115,1.4,1BVC_A_L115A
1BVC,A,L,A,135,1.7,1BVC_A_L135A
1BVC,A,R,A,118,0.23,1BVC_A_R118A
1BVC,A,R,A,139,0.75,1BVC_A_R139A
1BVC,A,R,A,31,0.39,1BVC_A_R31A
1FC1,A,Q,A,347,1.1,1FC1_A_Q347A
1FC1,A,Y,A,349,0.7,1FC1_A_Y349A
1FC1,A,T,A,350,0.1,1FC1_A_T350A
1FC1,A,L,A,351,1.3,1FC1_A_L351A
1FC1,A,T,A,366,2.3,1FC1_A_T366A
1FC1,A,L,A,368,2.2,1FC1_A_L368A
1FC1,A,K,A,370,1.1,1FC1_A_K370A
1FC1,A,K,A,392,0.4,1FC1_A_K392A
1FC1,A,T,A,394,0.6,1FC1_A_T394A
1FC1,A,P,A,395,3.2,1FC1_A_P395A
1FC1,A,V,A,397,0.6,1FC1_A_V397A
1FC1,A,L,A,398,0.1,1FC1_A_L398A
1FC1,A,D,A,399,0.7,1FC1_A_D399A
1FC1,A,F,A,405,2.5,1FC1_A_F405A
1FC1,A,Y,A,407,2.1,1FC1_A_Y407A
1FC1,A,K,A,409,2.4,1FC1_A_K409A
1O6X,A,V,A,12,1.45,1O6X_A_V12A
1O6X,A,E,A,14,0.35,1O6X_A_E14A
1O6X,A,I,V,15,0.47,1O6X_A_I15V
1O6X,A,E,G,20,1.21,1O6X_A_E20G
1O6X,A,I,V,23,-0.16,1O6X_A_I23V
1O6X,A,L,V,26,1.14,1O6X_A_L26V
1O6X,A,A,G,31,0.85,1O6X_A_A31G
1O6X,A,D,A,38,-0.18,1O6X_A_D38A
1O6X,A,F,L,39,1.99,1O6X_A_F39L
1O6X,A,K,A,41,2.14,1O6X_A_K41A
1O6X,A,A,G,50,1.55,1O6X_A_A50G
1O6X,A,H,A,51,0.7,1O6X_A_H51A
1O6X,A,V,A,52,1.09,1O6X_A_V52A
1O6X,A,N,A,58,0.24,1O6X_A_N58A
1O6X,A,Q,G,60,0.45,1O6X_A_Q60G
1O6X,A,V,G,64,0.8,1O6X_A_V64G
1O6X,A,F,A,65,1.29,1O6X_A_F65A
1O6X,A,I,V,71,1.41,1O6X_A_I71V
1O6X,A,Y,L,73,2.94,1O6X_A_Y73L
1O6X,A,I,A,75,1.6,1O6X_A_I75A
1SHF,A,E,D,24,-0.68,1SHF_A_E24D
1SHF,A,S,K,41,0.52,1SHF_A_S41K
1SHF,A,S,R,41,0.56,1SHF_A_S41R
1SHF,A,S,L,41,0.63,1SHF_A_S41L
1SHF,A,E,T,24,0.68,1SHF_A_E24T
1SHF,A,S,A,41,0.71,1SHF_A_S41A
1SHF,A,S,N,41,1.42,1SHF_A_S41N
1SHF,A,E,Q,24,0.74,1SHF_A_E24Q
1SHF,A,E,K,24,1.03,1SHF_A_E24K
1SHF,A,E,H,24,0.99,1SHF_A_E24H
1SHF,A,S,V,41,1.1,1SHF_A_S41V
1SHF,A,S,H,41,1.25,1SHF_A_S41H
1SHF,A,E,A,24,1.27,1SHF_A_E24A
1SHF,A,S,I,41,1.41,1SHF_A_S41I
1SHF,A,E,F,24,1.63,1SHF_A_E24F
1SHF,A,E,S,24,1.64,1SHF_A_E24S
1SHF,A,S,T,41,1.86,1SHF_A_S41T
1SHF,A,S,G,41,2.09,1SHF_A_S41G
1SHF,A,E,P,24,1.89,1SHF_A_E24P
1SHF,A,S,F,41,2.18,1SHF_A_S41F
1SHF,A,E,V,24,2,1SHF_A_E24V
1SHF,A,S,D,41,2.02,1SHF_A_S41D
1SHF,A,S,Y,41,2.29,1SHF_A_S41Y
1SHF,A,E,Y,24,2.4,1SHF_A_E24Y
1SHF,A,E,I,24,2.84,1SHF_A_E24I
1SHF,A,E,L,24,3.02,1SHF_A_E24L
1SHF,A,E,R,24,3.38,1SHF_A_E24R
1RN1,A,N,D,44,2,1RN1_A_N44D
1RN1,A,N,S,44,1.9,1RN1_A_N44S
1OIA,A,F,W,56,-1.1,1OIA_A_F56W
1OIA,A,F,Y,56,-0.2,1OIA_A_F56Y
1OIA,A,Q,E,54,-0.3,1OIA_A_Q54E
1OIA,A,Q,N,54,0.6,1OIA_A_Q54N
1CDC,A,V,A,30,4.88,1CDC_A_V30A
1CDC,A,L,V,16,2.2,1CDC_A_L16V
1CDC,A,I,V,18,1.17,1CDC_A_I18V
1CDC,A,A,G,40,1.71,1CDC_A_A40G
1CDC,A,L,V,50,-0.37,1CDC_A_L50V
1CDC,A,I,V,57,0.43,1CDC_A_I57V
1CDC,A,V,A,78,3.01,1CDC_A_V78A
1CDC,A,L,V,89,0.14,1CDC_A_L89V
1CDC,A,L,V,95,0.75,1CDC_A_L95V
2TS1,A,M,L,55,-0.21,2TS1_A_M55L
2TS1,A,T,P,51,2.1,2TS1_A_T51P
1STN,A,Y,E,91,8.7,1STN_A_Y91E
1STN,A,A,E,90,8.6,1STN_A_A90E
1A23,A,P,A,151,3.02,1A23_A_P151A
1CYO,A,S,C,23,0.35,1CYO_A_S23C
1XAS,A,W,A,274,-3.3,1XAS_A_W274A
1XAS,A,W,F,266,-2.72,1XAS_A_W266F
1XAS,A,Y,S,172,-2.63,1XAS_A_Y172S
1XAS,A,W,H,274,-2.34,1XAS_A_W274H
1XAS,A,Y,A,172,2.78,1XAS_A_Y172A
1XAS,A,W,H,85,-1.62,1XAS_A_W85H
1XAS,A,W,F,274,-1.58,1XAS_A_W274F
1XAS,A,W,A,85,-1.24,1XAS_A_W85A
1XAS,A,W,F,85,2.2,1XAS_A_W85F
1XAS,A,Y,F,172,-0.62,1XAS_A_Y172F
1XAS,A,W,A,266,2.58,1XAS_A_W266A
1XAS,A,W,H,266,4,1XAS_A_W266H
1LZ1,A,S,A,61,1.36,1LZ1_A_S61A
1LZ1,A,S,A,36,1.12,1LZ1_A_S36A
1LZ1,A,S,A,24,0.53,1LZ1_A_S24A
1LZ1,A,S,A,51,0.24,1LZ1_A_S51A
1LZ1,A,S,A,82,-0.38,1LZ1_A_S82A
1LZ1,A,S,A,80,-0.48,1LZ1_A_S80A
1AON,A,I,W,48,1.8,1AON_A_I48W
1RN1,A,D,A,49,0.5,1RN1_A_D49A
1RGG,A,D,A,49,0.5,1RGG_A_D49A
1RGG,A,D,Y,49,-0.5,1RGG_A_D49Y
1RGG,A,D,F,49,-0.4,1RGG_A_D49F
1RGG,A,D,W,49,-0.9,1RGG_A_D49W
1RGG,A,D,H,49,1.1,1RGG_A_D49H
1NM1,A,D,N,187,0.88,1NM1_A_D187N
1NM1,A,D,Y,187,1.9,1NM1_A_D187Y
1LZ1,A,T,A,40,1.5,1LZ1_A_T40A
1LZ1,A,T,A,70,1.48,1LZ1_A_T70A
1LZ1,A,T,V,40,1.34,1LZ1_A_T40V
1LZ1,A,T,A,52,0.91,1LZ1_A_T52A
1LZ1,A,T,V,52,0.86,1LZ1_A_T52V
1LZ1,A,T,V,70,0.7,1LZ1_A_T70V
1LZ1,A,T,A,43,0.36,1LZ1_A_T43A
1LZ1,A,T,V,11,-0.31,1LZ1_A_T11V
1LZ1,A,T,A,11,-0.38,1LZ1_A_T11A
1LZ1,A,T,V,43,-0.96,1LZ1_A_T43V
1BPI,A,L,M,29,8.5,1BPI_A_L29M
1RN1,A,D,S,76,3.3,1RN1_A_D76S
1RN1,A,D,A,76,3.8,1RN1_A_D76A
1RN1,A,D,N,76,3.51,1RN1_A_D76N
4HXJ,A,T,A,85,0.64,4HXJ_A_T85A
4HXJ,A,F,A,86,0.84,4HXJ_A_F86A
4HXJ,A,F,I,86,1.65,4HXJ_A_F86I
4HXJ,A,V,A,87,1.64,4HXJ_A_V87A
4HXJ,A,A,G,88,1,4HXJ_A_A88G
4HXJ,A,L,A,89,1.49,4HXJ_A_L89A
4HXJ,A,Y,A,90,0.31,4HXJ_A_Y90A
4HXJ,A,D,A,91,0.43,4HXJ_A_D91A
4HXJ,A,Y,A,92,-0.26,4HXJ_A_Y92A
4HXJ,A,Y,F,92,0.18,4HXJ_A_Y92F
4HXJ,A,S,A,94,-0.52,4HXJ_A_S94A
4HXJ,A,R,A,95,0.07,4HXJ_A_R95A
4HXJ,A,T,A,96,-0.06,4HXJ_A_T96A
4HXJ,A,T,A,98,0.01,4HXJ_A_T98A
4HXJ,A,D,A,99,0.56,4HXJ_A_D99A
4HXJ,A,L,A,100,1.79,4HXJ_A_L100A
4HXJ,A,S,A,101,0.82,4HXJ_A_S101A
4HXJ,A,F,A,102,1.97,4HXJ_A_F102A
4HXJ,A,K,A,103,0.44,4HXJ_A_K103A
4HXJ,A,K,A,104,0.09,4HXJ_A_K104A
4HXJ,A,G,A,105,1.66,4HXJ_A_G105A
4HXJ,A,E,A,106,1.94,4HXJ_A_E106A
4HXJ,A,R,A,107,0.32,4HXJ_A_R107A
4HXJ,A,L,A,108,2.26,4HXJ_A_L108A
4HXJ,A,L,V,108,1.21,4HXJ_A_L108V
4HXJ,A,Q,A,109,0.21,4HXJ_A_Q109A
4HXJ,A,I,A,110,0.32,4HXJ_A_I110A
4HXJ,A,I,V,110,0.09,4HXJ_A_I110V
4HXJ,A,V,A,111,0.77,4HXJ_A_V111A
4HXJ,A,N,A,112,0.2,4HXJ_A_N112A
4HXJ,A,N,A,113,-0.07,4HXJ_A_N113A
4HXJ,A,G,A,116,0.28,4HXJ_A_G116A
4HXJ,A,W,A,118,1.29,4HXJ_A_W118A
4HXJ,A,W,A,119,1.2,4HXJ_A_W119A
4HXJ,A,W,I,119,0.77,4HXJ_A_W119I
4HXJ,A,L,A,120,1.64,4HXJ_A_L120A
4HXJ,A,A,G,121,0.92,4HXJ_A_A121G
4HXJ,A,H,A,122,0.62,4HXJ_A_H122A
4HXJ,A,S,A,123,1.46,4HXJ_A_S123A
4HXJ,A,L,A,124,0.61,4HXJ_A_L124A
4HXJ,A,S,A,125,-0.18,4HXJ_A_S125A
4HXJ,A,T,A,126,1.79,4HXJ_A_T126A
4HXJ,A,G,A,127,1.21,4HXJ_A_G127A
4HXJ,A,Q,A,128,0.35,4HXJ_A_Q128A
4HXJ,A,T,A,129,1.11,4HXJ_A_T129A
4HXJ,A,G,A,130,1.81,4HXJ_A_G130A
4HXJ,A,Y,A,131,1.52,4HXJ_A_Y131A
4HXJ,A,I,A,132,1.84,4HXJ_A_I132A
4HXJ,A,P,A,133,1.36,4HXJ_A_P133A
4HXJ,A,S,A,134,-0.24,4HXJ_A_S134A
4HXJ,A,N,A,135,0.14,4HXJ_A_N135A
4HXJ,A,Y,A,136,-0.23,4HXJ_A_Y136A
4HXJ,A,V,A,137,1.18,4HXJ_A_V137A
4HXJ,A,A,G,138,0.53,4HXJ_A_A138G
4HXJ,A,P,A,139,0.14,4HXJ_A_P139A
4HXJ,A,S,A,140,-0.44,4HXJ_A_S140A
4HXJ,A,D,A,141,-0.13,4HXJ_A_D141A
1L63,A,I,M,50,1.2,1L63_A_I50M
1L63,A,F,M,104,1.1,1L63_A_F104M
1L63,A,V,M,111,0.7,1L63_A_V111M
1L63,A,V,A,111,1,1L63_A_V111A
1L63,A,L,M,66,1,1L63_A_L66M
1L63,A,I,A,78,1.2,1L63_A_I78A
1L63,A,V,A,87,1.5,1L63_A_V87A
1L63,A,M,A,6,1.6,1L63_A_M6A
1L63,A,I,A,50,1.6,1L63_A_I50A
1L63,A,V,A,103,1.6,1L63_A_V103A
1L63,A,I,M,100,1.6,1L63_A_I100M
1L63,A,M,A,106,1.9,1L63_A_M106A
1L63,A,A,M,129,1.9,1L63_A_A129M
1L63,A,L,M,33,2.6,1L63_A_L33M
1L63,A,L,A,121,2.2,1L63_A_L121A
1L63,A,I,M,17,3.3,1L63_A_I17M
1L63,A,L,A,7,2.3,1L63_A_L7A
1L63,A,I,A,17,2.3,1L63_A_I17A
1L63,A,V,M,87,2.3,1L63_A_V87M
1L63,A,I,A,100,2.5,1L63_A_I100A
1L63,A,L,A,91,2.6,1L63_A_L91A
1L63,A,F,A,104,2.7,1L63_A_F104A
1L63,A,V,M,149,2.8,1L63_A_V149M
1L63,A,L,A,33,2.9,1L63_A_L33A
1L63,A,M,A,102,2.9,1L63_A_M102A
1L63,A,I,M,27,7.1,1L63_A_I27M
1L63,A,L,A,118,3.2,1L63_A_L118A
1L63,A,V,A,149,3.2,1L63_A_V149A
1L63,A,L,A,66,3.3,1L63_A_L66A
1L63,A,F,A,153,3.4,1L63_A_F153A
1L63,A,L,A,84,3.7,1L63_A_L84A
1L63,A,L,A,99,4.1,1L63_A_L99A
1IOJ,A,G,A,15,-0.4,1IOJ_A_G15A
1PRE,A,C,S,159,2.4,1PRE_A_C159S
1RN1,A,G,A,23,1.2,1RN1_A_G23A
2LZM,A,A,C,98,1.1,2LZM_A_A98C
2LZM,A,A,F,129,1.9,2LZM_A_A129F
2LZM,A,A,W,129,3.2,2LZM_A_A129W
2LZM,A,A,V,42,3.5,2LZM_A_A42V
2LZM,A,A,I,42,4.4,2LZM_A_A42I
2LZM,A,A,M,98,4,2LZM_A_A98M
2LZM,A,A,L,42,5.1,2LZM_A_A42L
2LZM,A,A,F,42,5.2,2LZM_A_A42F
2LZM,A,A,L,98,4.3,2LZM_A_A98L
2LZM,A,A,I,98,4.9,2LZM_A_A98I
1STN,A,I,E,72,8.5,1STN_A_I72E
1STN,A,A,E,132,8.5,1STN_A_A132E
1TEN,A,F,A,88,-5.43,1TEN_A_F88A
1TEN,A,L,A,34,-4.29,1TEN_A_L34A
1TEN,A,Y,A,36,-4.22,1TEN_A_Y36A
1TEN,A,L,A,62,-4.22,1TEN_A_L62A
1TEN,A,Y,G,57,-4.14,1TEN_A_Y57G
1TEN,A,I,A,20,-3.67,1TEN_A_I20A
1TEN,A,T,A,90,-3.43,1TEN_A_T90A
1TEN,A,I,A,32,-3.28,1TEN_A_I32A
1TEN,A,Y,F,68,-3.13,1TEN_A_Y68F
1TEN,A,L,A,72,-3.06,1TEN_A_L72A
1TEN,A,L,A,50,-2.99,1TEN_A_L50A
1TEN,A,I,A,8,-2.86,1TEN_A_I8A
1TEN,A,S,A,81,-2.82,1TEN_A_S81A
1TEN,A,V,A,70,-2.81,1TEN_A_V70A
1TEN,A,A,G,18,-2.8,1TEN_A_A18G
1TEN,A,P,A,5,-2.74,1TEN_A_P5A
1TEN,A,I,A,48,-2.19,1TEN_A_I48A
1TEN,A,L,A,2,-2.11,1TEN_A_L2A
1TEN,A,I,A,59,-2.06,1TEN_A_I59A
1TEN,A,T,A,66,-1.96,1TEN_A_T66A
1TEN,A,T,S,90,-1.92,1TEN_A_T90S
1TEN,A,P,A,25,-1.73,1TEN_A_P25A
1TEN,A,I,A,29,-1.38,1TEN_A_I29A
1TEN,A,Y,A,57,-1.38,1TEN_A_Y57A
1TEN,A,V,A,10,-1.36,1TEN_A_V10A
1TEN,A,T,S,66,-1.22,1TEN_A_T66S
1TEN,A,A,G,84,-1.09,1TEN_A_A84G
1TEN,A,G,A,77,-1.01,1TEN_A_G77A
1TEN,A,P,A,64,-0.93,1TEN_A_P64A
1TEN,A,I,V,59,-0.83,1TEN_A_I59V
1TEN,A,I,V,32,-0.5,1TEN_A_I32V
1TEN,A,P,A,42,-0.46,1TEN_A_P42A
1TEN,A,Y,F,36,-0.44,1TEN_A_Y36F
1TEN,A,G,A,43,-0.35,1TEN_A_G43A
1TEN,A,E,G,86,-0.34,1TEN_A_E86G
1TEN,A,I,V,29,-0.32,1TEN_A_I29V
1TEN,A,I,V,20,-0.23,1TEN_A_I20V
1TEN,A,I,V,8,-0.18,1TEN_A_I8V
1TEN,A,P,A,83,-0.11,1TEN_A_P83A
1TEN,A,L,A,92,-0.05,1TEN_A_L92A
1TEN,A,Y,L,68,0,1TEN_A_Y68L
1TEN,A,Y,A,68,0,1TEN_A_Y68A
1TEN,A,F,G,88,0,1TEN_A_F88G
1TEN,A,S,A,74,0.04,1TEN_A_S74A
1TEN,A,E,A,86,1.61,1TEN_A_E86A
1K9Q,A,W,F,39,-0.24,1K9Q_A_W39F
2PTL,A,V,A,18,1.28,2PTL_A_V18A
2PTL,A,T,A,19,1.72,2PTL_A_T19A
2PTL,A,I,A,20,4.63,2PTL_A_I20A
2PTL,A,I,V,20,0.63,2PTL_A_I20V
2PTL,A,K,A,21,0.9,2PTL_A_K21A
2PTL,A,A,G,22,2.38,2PTL_A_A22G
2PTL,A,N,A,23,1.79,2PTL_A_N23A
2PTL,A,L,A,24,2.94,2PTL_A_L24A
2PTL,A,I,A,25,1.29,2PTL_A_I25A
2PTL,A,I,V,25,0.44,2PTL_A_I25V
2PTL,A,F,A,26,2.98,2PTL_A_F26A
2PTL,A,F,L,26,0.59,2PTL_A_F26L
2PTL,A,A,P,27,0,2PTL_A_A27P
2PTL,A,A,V,27,0.99,2PTL_A_A27V
2PTL,A,N,A,28,1.74,2PTL_A_N28A
2PTL,A,G,A,29,1.56,2PTL_A_G29A
2PTL,A,G,V,29,2.64,2PTL_A_G29V
2PTL,A,S,A,30,0.25,2PTL_A_S30A
2PTL,A,T,A,31,1.17,2PTL_A_T31A
2PTL,A,T,A,33,1.04,2PTL_A_T33A
2PTL,A,A,G,34,2.16,2PTL_A_A34G
2PTL,A,A,V,34,-1.23,2PTL_A_A34V
2PTL,A,E,A,35,0.63,2PTL_A_E35A
2PTL,A,F,A,36,4.92,2PTL_A_F36A
2PTL,A,F,L,36,3.22,2PTL_A_F36L
2PTL,A,K,A,37,0.91,2PTL_A_K37A
2PTL,A,G,A,38,1.98,2PTL_A_G38A
2PTL,A,T,A,39,1.15,2PTL_A_T39A
2PTL,A,F,G,40,3.13,2PTL_A_F40G
2PTL,A,F,L,40,0.41,2PTL_A_F40L
2PTL,A,K,G,42,-0.04,2PTL_A_K42G
2PTL,A,A,G,43,2.51,2PTL_A_A43G
2PTL,A,T,A,44,1.14,2PTL_A_T44A
2PTL,A,S,A,45,-0.36,2PTL_A_S45A
2PTL,A,S,G,45,0.79,2PTL_A_S45G
2PTL,A,E,G,46,1.12,2PTL_A_E46G
2PTL,A,E,I,46,1.11,2PTL_A_E46I
2PTL,A,A,G,47,3.26,2PTL_A_A47G
2PTL,A,Y,A,48,2.81,2PTL_A_Y48A
2PTL,A,A,G,49,1.25,2PTL_A_A49G
2PTL,A,Y,A,50,2.48,2PTL_A_Y50A
2PTL,A,A,G,51,3.27,2PTL_A_A51G
2PTL,A,D,A,52,1.1,2PTL_A_D52A
2PTL,A,D,G,52,2.01,2PTL_A_D52G
2PTL,A,T,G,53,0.21,2PTL_A_T53G
2PTL,A,L,A,54,2.31,2PTL_A_L54A
2PTL,A,K,A,55,-0.46,2PTL_A_K55A
2PTL,A,K,A,56,-0.21,2PTL_A_K56A
2PTL,A,N,A,58,0.35,2PTL_A_N58A
2PTL,A,G,A,59,2.02,2PTL_A_G59A
2PTL,A,E,A,60,0.18,2PTL_A_E60A
2PTL,A,T,A,62,1.16,2PTL_A_T62A
2PTL,A,V,A,63,0.91,2PTL_A_V63A
2PTL,A,D,A,64,0.12,2PTL_A_D64A
2PTL,A,V,A,65,1.1,2PTL_A_V65A
2PTL,A,A,G,66,0.54,2PTL_A_A66G
2PTL,A,K,A,68,0.1,2PTL_A_K68A
2PTL,A,G,A,69,2.09,2PTL_A_G69A
2PTL,A,Y,A,70,1.56,2PTL_A_Y70A
2PTL,A,Y,L,70,-0.12,2PTL_A_Y70L
2PTL,A,T,A,71,1.75,2PTL_A_T71A
2PTL,A,L,A,72,3.7,2PTL_A_L72A
2PTL,A,N,A,73,1.62,2PTL_A_N73A
2PTL,A,I,A,74,4.74,2PTL_A_I74A
2PTL,A,I,V,74,1.59,2PTL_A_I74V
2PTL,A,K,A,75,0.47,2PTL_A_K75A
2PTL,A,F,L,76,3.17,2PTL_A_F76L
2PTL,A,F,V,76,3.71,2PTL_A_F76V
1CSP,A,Q,L,2,-0.29,1CSP_A_Q2L
1CSP,A,R,E,3,1,1CSP_A_R3E
1CSP,A,N,S,11,-0.22,1CSP_A_N11S
1C9O,A,E,R,3,-0.76,1C9O_A_E3R
1C9O,A,E,L,66,-1.43,1C9O_A_E66L
2K7J,A,A,E,29,-0.41,2K7J_A_A29E
2K7J,A,G,A,31,-1.74,2K7J_A_G31A
1BPI,A,A,G,16,0.26,1BPI_A_A16G
1BPI,A,A,L,16,-0.6,1BPI_A_A16L
1BPI,A,A,R,16,0.17,1BPI_A_A16R
1BPI,A,A,S,16,0.21,1BPI_A_A16S
1BPI,A,A,W,16,0.64,1BPI_A_A16W
1RN1,A,D,H,49,-1.1,1RN1_A_D49H
1OTR,A,I,F,36,0.86,1OTR_A_I36F
1OTR,A,I,L,36,1.32,1OTR_A_I36L
1OTR,A,I,V,36,0.79,1OTR_A_I36V
1OTR,A,I,L,30,1.96,1OTR_A_I30L
1STN,A,D,N,21,-1.4,1STN_A_D21N
1STN,A,D,K,21,-1,1STN_A_D21K
1STN,A,T,I,41,-0.7,1STN_A_T41I
1STN,A,S,A,128,-0.7,1STN_A_S128A
1STN,A,S,A,59,-0.5,1STN_A_S59A
1LZ2,A,V,A,2,1.5,1LZ2_A_V2A
1BNZ,A,V,A,4,2.12,1BNZ_A_V4A
1BNZ,A,K,A,7,0.27,1BNZ_A_K7A
1BNZ,A,E,A,12,0.29,1BNZ_A_E12A
1BNZ,A,V,A,15,2.29,1BNZ_A_V15A
1BNZ,A,I,A,17,1.21,1BNZ_A_I17A
1BNZ,A,S,A,18,0.13,1BNZ_A_S18A
1BNZ,A,V,A,23,0.23,1BNZ_A_V23A
1BNZ,A,R,A,25,0.38,1BNZ_A_R25A
1BNZ,A,G,A,27,0.76,1BNZ_A_G27A
1BNZ,A,I,A,30,2.72,1BNZ_A_I30A
1BNZ,A,S,A,31,-0.72,1BNZ_A_S31A
1BNZ,A,F,A,32,2.31,1BNZ_A_F32A
1BNZ,A,D,A,35,0.54,1BNZ_A_D35A
1BNZ,A,G,A,37,0.56,1BNZ_A_G37A
1BNZ,A,T,A,41,0.84,1BNZ_A_T41A
1BNZ,A,R,A,43,0.56,1BNZ_A_R43A
1BNZ,A,A,G,45,1.27,1BNZ_A_A45G
1BNZ,A,V,A,46,1.63,1BNZ_A_V46A
1BNZ,A,S,A,47,-0.18,1BNZ_A_S47A
1BNZ,A,A,G,51,2.1,1BNZ_A_A51G
1BNZ,A,L,A,55,3.92,1BNZ_A_L55A
1BNZ,A,L,A,56,1.45,1BNZ_A_L56A
1BNZ,A,Q,G,57,0.43,1BNZ_A_Q57G
1BNZ,A,L,A,59,0.67,1BNZ_A_L59A
1H56,A,D,A,58,-5.4,1H56_A_D58A
1H56,A,E,A,55,-1.6,1H56_A_E55A
1H56,A,E,A,68,-5.7,1H56_A_E68A
1H56,A,K,A,70,-9.5,1H56_A_K70A
1ITM,A,W,S,91,-1.4,1ITM_A_W91S
1TIN,A,T,A,43,1,1TIN_A_T43A
1TIN,A,R,A,52,2,1TIN_A_R52A
1TIN,A,R,Q,52,2,1TIN_A_R52Q
1TIN,A,P,G,4,2,1TIN_A_P4G
1TIN,A,R,A,50,3,1TIN_A_R50A
1TIN,A,R,K,50,3,1TIN_A_R50K
1CFD,A,K,A,75,-0.6,1CFD_A_K75A
1CFD,A,K,I,75,-1.7,1CFD_A_K75I
1CFD,A,Q,A,41,0.1,1CFD_A_Q41A
1CFD,A,Q,L,41,-1.3,1CFD_A_Q41L
3MBP,A,W,E,62,-0.4,3MBP_A_W62E
3MBP,A,A,E,63,-1.8,3MBP_A_A63E
3MBP,A,Y,E,155,2.7,3MBP_A_Y155E
3MBP,A,Y,A,210,-1.1,3MBP_A_Y210A
3MBP,A,W,E,230,3.1,3MBP_A_W230E
3MBP,A,W,E,232,7.5,3MBP_A_W232E
3MBP,A,Y,E,242,7.2,3MBP_A_Y242E
3MBP,A,I,E,317,5.8,3MBP_A_I317E
3MBP,A,W,E,340,2.3,3MBP_A_W340E
1STN,A,M,I,26,0.9,1STN_A_M26I
1STN,A,M,I,65,1.5,1STN_A_M65I
1STN,A,M,I,98,4.4,1STN_A_M98I
1STN,A,M,L,26,0.5,1STN_A_M26L
1STN,A,M,L,65,0.8,1STN_A_M65L
1BU4,A,D,A,49,-0.67,1BU4_A_D49A
1BU4,A,D,A,15,0.19,1BU4_A_D15A
1BU4,A,D,A,29,0.62,1BU4_A_D29A
4GWT,A,E,Q,12,0.54,4GWT_A_E12Q
4GWT,A,R,F,14,1.1,4GWT_A_R14F
4GWT,A,S,T,16,0.47,4GWT_A_S16T
1IGV,A,N,D,21,1.05,1IGV_A_N21D
1IGV,A,P,M,43,0.38,1IGV_A_P43M
1RN1,A,V,A,16,2.19,1RN1_A_V16A
1RN1,A,V,T,89,3.07,1RN1_A_V89T
1RN1,A,V,T,78,3.6,1RN1_A_V78T
1RN1,A,V,C,89,3.54,1RN1_A_V89C
1RN1,A,V,T,16,3.65,1RN1_A_V16T
1RN1,A,V,C,78,3.67,1RN1_A_V78C
1RN1,A,V,A,78,4.08,1RN1_A_V78A
1RN1,A,V,C,16,4.68,1RN1_A_V16C
1RN1,A,V,S,16,4.68,1RN1_A_V16S
1RN1,A,V,S,78,4.9,1RN1_A_V78S
1RN1,A,V,S,89,4.87,1RN1_A_V89S
1CFD,A,D,G,50,0.65,1CFD_A_D50G
1CFD,A,E,K,54,-0.32,1CFD_A_E54K
1CFD,A,G,E,40,1.57,1CFD_A_G40E
1CFD,A,G,S,59,0.82,1CFD_A_G59S
1OSI,A,V,M,126,2.25,1OSI_A_V126M
1OSI,A,V,I,15,0.78,1OSI_A_V15I
1OSI,A,I,V,11,0.05,1OSI_A_I11V
1OSI,A,S,F,92,-0.39,1OSI_A_S92F
1CFD,A,L,F,39,1.1,1CFD_A_L39F
1BNI,A,G,V,52,8.4,1BNI_A_G52V
1STN,A,I,L,139,0.1,1STN_A_I139L
1STN,A,I,M,139,0.4,1STN_A_I139M
1STN,A,I,L,15,0.6,1STN_A_I15L
1STN,A,I,M,15,0.3,1STN_A_I15M
1STN,A,I,L,18,0.2,1STN_A_I18L
1STN,A,I,L,72,0.2,1STN_A_I72L
1STN,A,I,M,72,1.8,1STN_A_I72M
1STN,A,I,L,92,0.6,1STN_A_I92L
1STN,A,I,M,92,1.6,1STN_A_I92M
1STN,A,L,I,103,1.1,1STN_A_L103I
1STN,A,L,V,103,2,1STN_A_L103V
1STN,A,L,I,108,3.4,1STN_A_L108I
1STN,A,L,V,108,3.9,1STN_A_L108V
1STN,A,L,I,125,1,1STN_A_L125I
1STN,A,L,V,125,2.3,1STN_A_L125V
1STN,A,L,I,137,0.8,1STN_A_L137I
1STN,A,L,V,137,1.4,1STN_A_L137V
1STN,A,L,I,14,1.5,1STN_A_L14I
1STN,A,L,V,14,1.5,1STN_A_L14V
1STN,A,L,I,25,1.7,1STN_A_L25I
1STN,A,L,V,25,1.8,1STN_A_L25V
1STN,A,L,I,36,3.1,1STN_A_L36I
1STN,A,L,V,36,3.5,1STN_A_L36V
1STN,A,L,I,37,2,1STN_A_L37I
1STN,A,L,V,37,3,1STN_A_L37V
1STN,A,L,I,38,2.1,1STN_A_L38I
1STN,A,L,V,38,0.2,1STN_A_L38V
1STN,A,L,I,7,0.9,1STN_A_L7I
1STN,A,L,V,7,1.4,1STN_A_L7V
1STN,A,L,I,89,1.1,1STN_A_L89I
1STN,A,L,V,89,1.4,1STN_A_L89V
1STN,A,T,I,120,1.7,1STN_A_T120I
1STN,A,T,I,13,0.1,1STN_A_T13I
1STN,A,T,I,22,0.7,1STN_A_T22I
1STN,A,T,I,33,-0.6,1STN_A_T33I
1STN,A,T,I,44,0.6,1STN_A_T44I
1STN,A,T,I,62,1.7,1STN_A_T62I
1STN,A,T,I,82,-0.5,1STN_A_T82I
1STN,A,V,I,104,-0.2,1STN_A_V104I
1STN,A,V,L,104,0.8,1STN_A_V104L
1STN,A,V,I,111,0.7,1STN_A_V111I
1STN,A,V,L,111,0.9,1STN_A_V111L
1STN,A,V,I,114,0.1,1STN_A_V114I
1STN,A,V,L,114,1.1,1STN_A_V114L
1STN,A,V,I,23,0.2,1STN_A_V23I
1STN,A,V,L,23,0.1,1STN_A_V23L
1STN,A,V,I,39,-0.1,1STN_A_V39I
1STN,A,V,L,39,0.9,1STN_A_V39L
1STN,A,V,I,51,-0.1,1STN_A_V51I
1STN,A,V,L,51,0.2,1STN_A_V51L
1STN,A,V,I,66,1,1STN_A_V66I
1STN,A,V,I,74,1.8,1STN_A_V74I
1STN,A,V,L,74,1.2,1STN_A_V74L
1STN,A,V,I,99,0.2,1STN_A_V99I
1STN,A,V,L,99,0.3,1STN_A_V99L
1C9O,A,L,L,67A,-0.02,1C9O_A_L67AL
1C9O,A,L,A,66L,-0.02,1C9O_A_L66LA
1EL1,A,I,L,56,0.24,1EL1_A_I56L
1EL1,A,A,S,93,0.26,1EL1_A_A93S
1EL1,A,V,K,109,0.43,1EL1_A_V109K
1EL1,A,H,G,21,0.48,1EL1_A_H21G
1LUC,A,H,A,82,2.8,1LUC_A_H82A
1LUC,A,H,A,81,3.2,1LUC_A_H81A
1IFB,A,G,P,44,1.9,1IFB_A_G44P
1IFB,A,G,P,65,2.5,1IFB_A_G65P
1IFB,A,G,P,99,1.5,1IFB_A_G99P
1IFB,A,G,P,110,0,1IFB_A_G110P
1IFB,A,G,P,121,3.8,1IFB_A_G121P
1STN,A,L,E,103,8.2,1STN_A_L103E
1BPI,A,T,M,54,8.1,1BPI_A_T54M
1STN,A,F,E,34,8.1,1STN_A_F34E
1STN,A,A,E,109,8.1,1STN_A_A109E
1RTB,A,F,E,46,0.12,1RTB_A_F46E
1RTB,A,F,K,46,0.58,1RTB_A_F46K
5AZU,A,H,G,117,2.37,5AZU_A_H117G
5AZU,A,H,G,46,2.63,5AZU_A_H46G
5AZU,A,C,S,3,5.47,5AZU_A_C3S
1GLU,A,C,A,500,1.08,1GLU_A_C500A
1HCQ,A,C,A,67,2.09,1HCQ_A_C67A
1HCQ,A,C,S,67,1.99,1HCQ_A_C67S
1OTR,A,Q,L,41,0.26,1OTR_A_Q41L
1OTR,A,Q,N,41,2.56,1OTR_A_Q41N
1OTR,A,Q,S,41,1.27,1OTR_A_Q41S
1OTR,A,Q,T,41,0.43,1OTR_A_Q41T
1OTR,A,Q,V,41,0.05,1OTR_A_Q41V
1OTR,A,V,A,17,1.63,1OTR_A_V17A
1OTR,A,V,N,17,4.9,1OTR_A_V17N
1OTR,A,V,T,17,1.89,1OTR_A_V17T
1SHF,A,E,G,24,2,1SHF_A_E24G
1SHF,A,T,A,44,2.72,1SHF_A_T44A
1SHF,A,G,A,45,1.67,1SHF_A_G45A
1CM2,A,K,R,49,0.15,1CM2_A_K49R
1CM2,A,K,N,49,-0.35,1CM2_A_K49N
1CM2,A,K,S,49,-1.1,1CM2_A_K49S
1CM2,A,K,D,49,-1.65,1CM2_A_K49D
1CM2,A,K,Q,49,-1.55,1CM2_A_K49Q
1CM2,A,K,E,49,-2,1CM2_A_K49E
1CM2,A,K,M,49,-1,1CM2_A_K49M
1CM2,A,K,G,49,-1.1,1CM2_A_K49G
1CM2,A,K,A,49,-1.5,1CM2_A_K49A
1KKM,H,G,K,49,0.9,1KKM_H_G49K
1KKM,H,G,E,49,-1.3,1KKM_H_G49E
1KKM,H,G,A,49,-0.85,1KKM_H_G49A
2CLR,A,H,F,13,-0.12,2CLR_A_H13F
2CLR,A,H,F,31,-2.61,2CLR_A_H31F
2CLR,A,H,F,51,1.91,2CLR_A_H51F
2CLR,A,H,A,84,2.63,2CLR_A_H84A
1AYF,A,F,W,11,0.8,1AYF_A_F11W
1AYF,A,F,W,43,1.21,1AYF_A_F43W
1AYF,A,F,W,59,2.38,1AYF_A_F59W
1AYF,A,F,W,64,0.33,1AYF_A_F64W
1OTR,A,E,A,34,-0.07,1OTR_A_E34A
1OTR,A,E,D,34,1,1OTR_A_E34D
1OTR,A,E,F,34,-0.72,1OTR_A_E34F
1OTR,A,E,L,34,-1.36,1OTR_A_E34L
1OTR,A,E,N,34,1.12,1OTR_A_E34N
1OTR,A,E,S,34,0.6,1OTR_A_E34S
1OTR,A,E,V,34,-0.86,1OTR_A_E34V
1OTR,A,E,Y,34,-0.41,1OTR_A_E34Y
2N53,A,V,A,136,1.36,2N53_A_V136A
1HME,A,S,H,121,1.85,1HME_A_S121H
1DKT,A,F,L,69,2.49,1DKT_A_F69L
1DKT,A,L,A,24,3.28,1DKT_A_L24A
1ARR,A,I,V,37,1.37,1ARR_A_I37V
1ARR,A,F,A,45,2.7,1ARR_A_F45A
1ARR,A,V,A,22,3.02,1ARR_A_V22A
1ARR,A,V,A,41,3.71,1ARR_A_V41A
1STN,A,E,K,92,2.2,1STN_A_E92K
1STN,A,E,Q,92,1.3,1STN_A_E92Q
1STN,A,D,K,101,0.4,1STN_A_D101K
1STN,A,D,N,101,0.2,1STN_A_D101N
1STN,A,D,K,103,-1.1,1STN_A_D103K
1STN,A,D,N,103,-1.4,1STN_A_D103N
1STN,A,K,E,110,-0.8,1STN_A_K110E
1STN,A,K,Q,110,-0.3,1STN_A_K110Q
1STN,A,K,E,130,-0.1,1STN_A_K130E
1STN,A,K,Q,130,0.1,1STN_A_K130Q
1STN,A,E,K,139,0.1,1STN_A_E139K
1STN,A,E,Q,139,0.2,1STN_A_E139Q
1STN,A,K,E,145,1.5,1STN_A_K145E
1STN,A,K,Q,145,1,1STN_A_K145Q
1STN,A,K,E,146,1.7,1STN_A_K146E
1STN,A,K,Q,146,0,1STN_A_K146Q
1STN,A,E,Q,149,0.6,1STN_A_E149Q
1STN,A,K,E,152,0.4,1STN_A_K152E
1STN,A,K,Q,152,0.3,1STN_A_K152Q
1STN,A,E,K,155,2.1,1STN_A_E155K
1STN,A,E,Q,155,0.7,1STN_A_E155Q
1STN,A,E,K,157,2.3,1STN_A_E157K
1STN,A,E,Q,157,0.7,1STN_A_E157Q
1STN,A,D,K,159,3.5,1STN_A_D159K
1STN,A,D,N,159,2.9,1STN_A_D159N
1STN,A,K,E,160,0.8,1STN_A_K160E
1STN,A,K,Q,160,0.1,1STN_A_K160Q
1STN,A,K,E,166,0,1STN_A_K166E
1STN,A,K,Q,166,0.1,1STN_A_K166Q
1STN,A,K,E,179,0.6,1STN_A_K179E
1STN,A,K,Q,179,0.4,1STN_A_K179Q
1STN,A,E,K,204,2.7,1STN_A_E204K
1STN,A,E,Q,204,1.6,1STN_A_E204Q
1STN,A,H,E,206,-0.5,1STN_A_H206E
1STN,A,H,Q,206,-0.7,1STN_A_H206Q
1STN,A,K,E,209,0,1STN_A_K209E
1STN,A,K,Q,209,0,1STN_A_K209Q
1STN,A,K,Q,215,0.5,1STN_A_K215Q
1STN,A,E,K,217,1.2,1STN_A_E217K
1STN,A,E,Q,217,0.7,1STN_A_E217Q
1JOK,A,D,K,225,-0.3,1JOK_A_D225K
1JOK,A,D,N,225,-0.3,1JOK_A_D225N
1YCC,A,K,Q,27,1.72,1YCC_A_K27Q
1YCC,A,K,Q,11,2.39,1YCC_A_K11Q
1YCC,A,K,Q,22,2.79,1YCC_A_K22Q
1YCC,A,K,H,27,4.9,1YCC_A_K27H
1TUP,A,R,Q,282,2.05,1TUP_A_R282Q
1E0L,A,Y,R,11,-0.63,1E0L_A_Y11R
1E0L,A,Y,L,19,1.28,1E0L_A_Y19L
1E0L,A,W,A,30,0.97,1E0L_A_W30A
1E0L,A,W,F,30,-0.52,1E0L_A_W30F
1STN,A,V,E,23,7.5,1STN_A_V23E
1OTR,A,K,A,11,0.14,1OTR_A_K11A
1POH,A,F,W,29,1.12,1POH_A_F29W
1POH,A,F,W,2,-0.17,1POH_A_F2W
1POH,A,F,W,48,0.12,1POH_A_F48W
1RRO,A,P,A,22,0.74,1RRO_A_P22A
1RRO,A,P,A,27,0.74,1RRO_A_P27A
1RTP,1,H,P,27,-1.25,1RTP_1_H27P
1RTP,1,A,P,22,1.92,1RTP_1_A22P
1RTP,1,K,S,81,0.29,1RTP_1_K81S
1W99,A,I,L,189,0.32,1W99_A_I189L
1SHF,A,L,A,18,3.92,1SHF_A_L18A
1SHF,A,L,S,18,3.88,1SHF_A_L18S
1SHF,A,A,V,6,3.8,1SHF_A_A6V
1SHF,A,A,F,6,3.76,1SHF_A_A6F
1SHF,A,I,F,50,3.47,1SHF_A_I50F
1SHF,A,I,A,50,3.12,1SHF_A_I50A
1SHF,A,I,S,28,3.04,1SHF_A_I28S
1SHF,A,F,S,20,3.03,1SHF_A_F20S
1SHF,A,A,L,6,3,1SHF_A_A6L
1SHF,A,I,F,28,2.71,1SHF_A_I28F
1SHF,A,W,S,37,2.7,1SHF_A_W37S
1SHF,A,I,A,28,2.64,1SHF_A_I28A
1SHF,A,A,S,39,2.54,1SHF_A_A39S
1SHF,A,F,A,20,2.41,1SHF_A_F20A
1SHF,A,A,L,39,2.39,1SHF_A_A39L
1SHF,A,W,A,37,2.35,1SHF_A_W37A
1SHF,A,A,F,39,2.2,1SHF_A_A39F
1SHF,A,V,A,55,2.13,1SHF_A_V55A
1SHF,A,F,V,26,2.11,1SHF_A_F26V
1SHF,A,F,L,4,1.99,1SHF_A_F4L
1SHF,A,F,I,26,1.99,1SHF_A_F26I
1SHF,A,F,S,4,1.96,1SHF_A_F4S
1SHF,A,F,V,20,1.88,1SHF_A_F20V
1SHF,A,L,V,18,1.63,1SHF_A_L18V
1SHF,A,A,G,6,1.56,1SHF_A_A6G
1SHF,A,A,G,39,1.35,1SHF_A_A39G
1SHF,A,F,A,4,1.34,1SHF_A_F4A
1SHF,A,A,S,6,1.26,1SHF_A_A6S
1SHF,A,L,F,18,1.2,1SHF_A_L18F
1SHF,A,F,L,20,1.11,1SHF_A_F20L
1SHF,A,I,L,28,1.01,1SHF_A_I28L
1SHF,A,W,V,37,0.99,1SHF_A_W37V
1SHF,A,F,L,26,0.76,1SHF_A_F26L
1SHF,A,I,L,50,0.75,1SHF_A_I50L
1SHF,A,V,F,55,0.73,1SHF_A_V55F
1SHF,A,L,I,18,0.69,1SHF_A_L18I
1SHF,A,W,F,37,0.55,1SHF_A_W37F
1SHF,A,F,V,4,0.47,1SHF_A_F4V
1SHF,A,W,L,37,0.4,1SHF_A_W37L
1SHF,A,I,V,28,0.16,1SHF_A_I28V
1SHF,A,V,L,55,0.12,1SHF_A_V55L
1SHF,A,I,V,50,0.04,1SHF_A_I50V
1SHF,A,V,I,55,-0.17,1SHF_A_V55I
1SHF,A,A,V,39,-0.18,1SHF_A_A39V
2AFG,A,L,I,111,0,2AFG_A_L111I
1OIA,A,G,A,53,3.2,1OIA_A_G53A
1OIA,A,G,V,53,-0.2,1OIA_A_G53V
1KA6,A,G,D,93,0.63,1KA6_A_G93D
1KA6,A,F,S,87,1.14,1KA6_A_F87S
1KA6,A,E,D,67,1.31,1KA6_A_E67D
1KA6,A,Y,C,54,1.42,1KA6_A_Y54C
1KA6,A,R,L,55,1.63,1KA6_A_R55L
1KA6,A,L,P,31,1.71,1KA6_A_L31P
4N6V,0,P,G,36,1.36,4N6V_0_P36G
4N6V,0,H,W,75,-0.57,4N6V_0_H75W
4N6V,0,P,S,79,-1.74,4N6V_0_P79S
1YPI,A,C,S,126,8.6,1YPI_A_C126S
1YPI,A,C,A,126,4.9,1YPI_A_C126A
2SPZ,A,A,G,29,0.46,2SPZ_A_A29G
2SPZ,A,F,W,13,0.25,2SPZ_A_F13W
2TRX,A,D,R,9,1.94,2TRX_A_D9R
2TRX,A,D,M,9,0.77,2TRX_A_D9M
2TRX,A,K,L,69,1.52,2TRX_A_K69L
2TRX,A,D,A,9,1.07,2TRX_A_D9A
2TRX,A,D,R,10,0.93,2TRX_A_D10R
2TRX,A,R,A,73,0,2TRX_A_R73A
2TRX,A,D,R,20,-0.42,2TRX_A_D20R
2TRX,A,E,R,85,-1.08,2TRX_A_E85R
1G6N,A,D,A,138,0.3,1G6N_A_D138A
1G6N,A,D,G,138,-0.9,1G6N_A_D138G
1G6N,A,D,K,138,1.3,1G6N_A_D138K
1G6N,A,D,L,138,0.5,1G6N_A_D138L
1G6N,A,D,Q,138,0.1,1G6N_A_D138Q
1G6N,A,D,S,138,-0.9,1G6N_A_D138S
1G6N,A,D,T,138,0,1G6N_A_D138T
1G6N,A,D,V,138,-1,1G6N_A_D138V
1N88,A,I,V,8,1.52,1N88_A_I8V
1N88,A,V,A,12,1.94,1N88_A_V12A
1N88,A,L,A,13,1.52,1N88_A_L13A
1N88,A,Y,A,18,-0.06,1N88_A_Y18A
1N88,A,F,A,21,1.39,1N88_A_F21A
1N88,A,Y,A,26,4.61,1N88_A_Y26A
1N88,A,V,A,30,2.84,1N88_A_V30A
1N88,A,I,A,39,1.39,1N88_A_I39A
1N88,A,V,A,43,2.82,1N88_A_V43A
1N88,A,V,A,49,2.83,1N88_A_V49A
1N88,A,V,A,51,3.24,1N88_A_V51A
1N88,A,V,A,54,3.73,1N88_A_V54A
1N88,A,L,A,57,1.11,1N88_A_L57A
1N88,A,I,A,80,2.79,1N88_A_I80A
1N88,A,V,A,81,2.82,1N88_A_V81A
1N88,A,V,A,83,3.1,1N88_A_V83A
1N88,A,I,A,89,2.35,1N88_A_I89A
1RGG,A,A,K,23,-0.3,1RGG_A_A23K
1RGG,A,I,K,22,3.4,1RGG_A_I22K
1RGG,A,L,K,19,3.4,1RGG_A_L19K
1GUA,A,L,I,82,1.6,1GUA_A_L82I
1GUA,A,L,V,82,1.7,1GUA_A_L82V
1GUA,A,L,A,82,4.15,1GUA_A_L82A
1HFY,A,V,A,27,2.31,1HFY_A_V27A
1IMQ,A,T,G,27T,1.43,1IMQ_A_T27TG
2CI2,I,V,S,82,1.3,2CI2_I_V82S
5AZU,A,C,A,112,3.35,5AZU_A_C112A
1ACB,E,V,A,18,1.21,1ACB_E_V18A
1ACB,E,L,A,27,0.16,1ACB_E_L27A
1ACB,E,V,A,54,1.59,1ACB_E_V54A
1ACB,E,V,A,62,1.01,1ACB_E_V62A
1AJ3,A,F,L,1774,1.3,1AJ3_A_F1774L
1AJ3,A,F,A,1774,3.7,1AJ3_A_F1774A
1AJ3,A,M,A,1778,2.2,1AJ3_A_M1778A
1AJ3,A,I,V,1785,1.6,1AJ3_A_I1785V
1AJ3,A,I,A,1785,3.7,1AJ3_A_I1785A
1AJ3,A,K,A,1788,0,1AJ3_A_K1788A
1AJ3,A,V,A,1792,0.2,1AJ3_A_V1792A
1AJ3,A,V,A,1804,0.4,1AJ3_A_V1804A
1AJ3,A,L,A,1807,0.2,1AJ3_A_L1807A
1AJ3,A,H,A,1811,1.4,1AJ3_A_H1811A
1AJ3,A,L,A,1814,2.8,1AJ3_A_L1814A
1AJ3,A,L,A,1818,3.8,1AJ3_A_L1818A
1AJ3,A,H,A,1821,2.3,1AJ3_A_H1821A
1AJ3,A,I,V,1825,0.6,1AJ3_A_I1825V
1AJ3,A,I,A,1825,2.8,1AJ3_A_I1825A
1AJ3,A,V,A,1828,2.3,1AJ3_A_V1828A
1AJ3,A,L,A,1835,2.4,1AJ3_A_L1835A
1AJ3,A,I,V,1846,0.6,1AJ3_A_I1846V
1AJ3,A,I,A,1846,2,1AJ3_A_I1846A
1AJ3,A,L,A,1850,2.8,1AJ3_A_L1850A
1AJ3,A,F,L,1853,-0.5,1AJ3_A_F1853L
1AJ3,A,F,A,1853,2.8,1AJ3_A_F1853A
1AJ3,A,L,A,1860,3.8,1AJ3_A_L1860A
1AJ3,A,A,G,1864,2.6,1AJ3_A_A1864G
1AJ3,A,R,A,1867,0,1AJ3_A_R1867A
1AJ3,A,Q,L,1869,1.4,1AJ3_A_Q1869L
1AJ3,A,H,A,1772,-0.5,1AJ3_A_H1772A
1AJ3,A,H,G,1772,0.5,1AJ3_A_H1772G
1AJ3,A,R,A,1776,0.3,1AJ3_A_R1776A
1AJ3,A,R,G,1776,1.9,1AJ3_A_R1776G
1AJ3,A,D,A,1779,0.2,1AJ3_A_D1779A
1AJ3,A,D,G,1779,1.2,1AJ3_A_D1779G
1AJ3,A,S,A,1783,-0.5,1AJ3_A_S1783A
1AJ3,A,S,G,1783,0.5,1AJ3_A_S1783G
1AJ3,A,E,A,1787,-0.1,1AJ3_A_E1787A
1AJ3,A,E,G,1787,1.1,1AJ3_A_E1787G
1AJ3,A,T,A,1802,-0.3,1AJ3_A_T1802A
1AJ3,A,T,G,1802,0.1,1AJ3_A_T1802G
1AJ3,A,N,A,1806,-0.2,1AJ3_A_N1806A
1AJ3,A,N,G,1806,0.4,1AJ3_A_N1806G
1AJ3,A,K,A,1809,-0.4,1AJ3_A_K1809A
1AJ3,A,K,G,1809,0.5,1AJ3_A_K1809G
1AJ3,A,R,A,1813,-0.3,1AJ3_A_R1813A
1AJ3,A,R,G,1813,0.6,1AJ3_A_R1813G
1AJ3,A,A,G,1816,1.1,1AJ3_A_A1816G
1AJ3,A,Q,A,1826,0.7,1AJ3_A_Q1826A
1AJ3,A,Q,G,1826,1.8,1AJ3_A_Q1826G
1AJ3,A,D,A,1830,0.1,1AJ3_A_D1830A
1AJ3,A,D,G,1830,1.3,1AJ3_A_D1830G
1AJ3,A,A,G,1851,1.1,1AJ3_A_A1851G
1AJ3,A,D,A,1855,-0.7,1AJ3_A_D1855A
1AJ3,A,D,G,1855,0.3,1AJ3_A_D1855G
1AJ3,A,K,A,1858,0.4,1AJ3_A_K1858A
1AJ3,A,K,G,1858,1.3,1AJ3_A_K1858G
1AJ3,A,Q,A,1862,-0.4,1AJ3_A_Q1862A
1YYX,A,M,A,55,-3.5,1YYX_A_M55A
1YYX,A,A,G,58,-2.71,1YYX_A_A58G
1YYX,A,L,A,70,-4.23,1YYX_A_L70A
1YYX,A,M,A,80,-3.61,1YYX_A_M80A
1YYX,A,F,A,83,-5.45,1YYX_A_F83A
1YYX,A,F,A,87,-2.5,1YYX_A_F87A
1YYX,A,L,A,90,-4.03,1YYX_A_L90A
1YYX,A,I,A,94,-4.67,1YYX_A_I94A
1YYX,A,L,A,98,-3.43,1YYX_A_L98A
1YYX,A,V,A,106,-3.85,1YYX_A_V106A
1YYX,A,A,G,109,-3.03,1YYX_A_A109G
1YYX,A,A,G,112,-2.87,1YYX_A_A112G
1YYX,A,L,A,116,-1.73,1YYX_A_L116A
1AON,A,V,C,95,0.3,1AON_A_V95C
1AON,A,I,C,3,0.4,1AON_A_I3C
1AON,A,I,W,3,0.4,1AON_A_I3W
1OTR,A,P,A,37,1.08,1OTR_A_P37A
1OTR,A,P,A,38,-1.1,1OTR_A_P38A
1OTR,A,S,P,19,-1.27,1OTR_A_S19P
2RN4,A,A,P,33,-3.2,2RN4_A_A33P
2RN4,A,D,P,10,-2.9,2RN4_A_D10P
2RN4,A,D,A,35,-2.7,2RN4_A_D35A
2RN4,A,W,F,40,-1.1,2RN4_A_W40F
1Y4Y,A,F,W,29,0.86,1Y4Y_A_F29W
2IFB,A,F,C,68,-0.05,2IFB_A_F68C
2IFB,A,F,S,93,1.39,2IFB_A_F93S
3DV0,A,V,A,129,0.7,3DV0_A_V129A
3DV0,A,V,G,129,1,3DV0_A_V129G
3DV0,A,I,V,130,0.2,3DV0_A_I130V
3DV0,A,I,A,130,0.7,3DV0_A_I130A
3DV0,A,I,G,130,1.4,3DV0_A_I130G
3DV0,A,A,G,131,1.7,3DV0_A_A131G
3DV0,A,V,A,135,1.5,3DV0_A_V135A
3DV0,A,Y,F,138,2,3DV0_A_Y138F
3DV0,A,A,G,139,2.3,3DV0_A_A139G
3DV0,A,E,Q,141,0.4,3DV0_A_E141Q
3DV0,A,E,A,141,0.7,3DV0_A_E141A
3DV0,A,V,A,144,2,3DV0_A_V144A
3DV0,A,D,N,145,0.9,3DV0_A_D145N
3DV0,A,D,A,145,2.1,3DV0_A_D145A
3DV0,A,I,V,146,1.2,3DV0_A_I146V
3DV0,A,I,A,146,2.7,3DV0_A_I146A
3DV0,A,V,A,149,2.8,3DV0_A_V149A
3DV0,A,V,G,149,4.1,3DV0_A_V149G
3DV0,A,V,A,158,3.2,3DV0_A_V158A
3DV0,A,L,V,159,0.6,3DV0_A_L159V
3DV0,A,L,A,159,2,3DV0_A_L159A
3DV0,A,L,G,159,1.9,3DV0_A_L159G
3DV0,A,D,N,162,2,3DV0_A_D162N
3DV0,A,I,V,163,0.5,3DV0_A_I163V
3DV0,A,D,N,164,1.9,3DV0_A_D164N
3DV0,A,D,A,164,2.3,3DV0_A_D164A
3DV0,A,D,G,164,3.7,3DV0_A_D164G
3DV0,A,A,G,165,0.9,3DV0_A_A165G
3DV0,A,L,V,167,0.2,3DV0_A_L167V
3DV0,A,L,A,167,1.2,3DV0_A_L167A
3DV0,A,A,G,168,0.3,3DV0_A_A168G
1OH0,A,W,A,92,3.1,1OH0_A_W92A
5EMZ,A,I,V,3,1.18,5EMZ_A_I3V
5EMZ,A,I,A,3,3.18,5EMZ_A_I3A
5EMZ,A,V,A,5,2.41,5EMZ_A_V5A
5EMZ,A,T,A,7,1.37,5EMZ_A_T7A
5EMZ,A,T,A,9,-0.06,5EMZ_A_T9A
5EMZ,A,I,V,13,1.16,5EMZ_A_I13V
5EMZ,A,I,A,13,3.4,5EMZ_A_I13A
5EMZ,A,L,A,15,3.85,5EMZ_A_L15A
5EMZ,A,V,A,17,1.65,5EMZ_A_V17A
5EMZ,A,D,N,21,0.85,5EMZ_A_D21N
5EMZ,A,T,A,22,1.74,5EMZ_A_T22A
5EMZ,A,I,V,23,0.45,5EMZ_A_I23V
5EMZ,A,I,A,23,2.78,5EMZ_A_I23A
5EMZ,A,I,G,23,3.58,5EMZ_A_I23G
5EMZ,A,V,A,26,3.37,5EMZ_A_V26A
5EMZ,A,K,A,27,2.56,5EMZ_A_K27A
5EMZ,A,A,G,28,0.52,5EMZ_A_A28G
5EMZ,A,I,V,30,1.21,5EMZ_A_I30V
5EMZ,A,I,A,30,3.22,5EMZ_A_I30A
5EMZ,A,Q,A,41,1.46,5EMZ_A_Q41A
5EMZ,A,L,A,43,4.36,5EMZ_A_L43A
5EMZ,A,L,A,50,2.73,5EMZ_A_L50A
5EMZ,A,L,A,56,4.05,5EMZ_A_L56A
5EMZ,A,I,V,61,1.12,5EMZ_A_I61V
5EMZ,A,I,A,61,3.23,5EMZ_A_I61A
5EMZ,A,L,A,67,2.57,5EMZ_A_L67A
5EMZ,A,L,A,69,3.05,5EMZ_A_L69A
2AFG,A,S,I,47,-2.2,2AFG_A_S47I
2AFG,A,Q,P,40,-1.8,2AFG_A_Q40P
1SHF,A,V,H,138,-0.02,1SHF_A_V138H
1SHF,A,V,S,138,4.17,1SHF_A_V138S
1SHF,A,V,W,138,-0.13,1SHF_A_V138W
1AYI,A,A,N,13,0.33,1AYI_A_A13N
3FIS,A,P,A,61,0.5,3FIS_A_P61A
1JL9,A,S,C,9,1.51,1JL9_A_S9C
1JL9,A,A,C,25,1.44,1JL9_A_A25C
1RGG,A,D,I,79,-2.9,1RGG_A_D79I
1RGG,A,D,A,33,6.2,1RGG_A_D33A
1ITM,A,C,T,24,3.3,1ITM_A_C24T
1ITM,A,C,T,3,5,1ITM_A_C3T
1O1U,A,E,A,110,3.3,1O1U_A_E110A
1O1U,A,N,A,61,1.2,1O1U_A_N61A
1O1U,A,Q,A,51,0.3,1O1U_A_Q51A
1O1U,A,Q,A,99,-0.3,1O1U_A_Q99A
1O1U,A,T,A,38,1.2,1O1U_A_T38A
1O1U,A,W,Y,49,1.2,1O1U_A_W49Y
1RTB,A,Y,A,92,0.6,1RTB_A_Y92A
1RTB,A,Y,G,92,1.4,1RTB_A_Y92G
1RTB,A,Y,L,92,1.5,1RTB_A_Y92L
1GSB,A,F,S,56,0.5,1GSB_A_F56S
1AYI,A,I,V,22,0.88,1AYI_A_I22V
1AYI,A,I,V,44,-0.69,1AYI_A_I44V
1AYI,A,I,V,68,-0.24,1AYI_A_I68V
1AYI,A,L,A,34,0.62,1AYI_A_L34A
1AYI,A,L,A,38,1.65,1AYI_A_L38A
1AYI,A,L,A,3,-0.29,1AYI_A_L3A
1AYI,A,L,A,53,1.79,1AYI_A_L53A
1AYI,A,V,A,16,0.22,1AYI_A_V16A
1AYI,A,V,A,42,-0.53,1AYI_A_V42A
1AYI,A,V,A,69,-0.33,1AYI_A_V69A
2N7Z,A,P,A,88,0.6,2N7Z_A_P88A
1EGL,A,V,A,14,1.82,1EGL_A_V14A
1EGL,A,V,A,54,2.36,1EGL_A_V54A
1FTG,A,Q,A,111,0.41,1FTG_A_Q111A
1FTG,A,E,G,107,1.02,1FTG_A_E107G
3S4M,A,W,R,155,0.69,3S4M_A_W155R
3S4M,A,I,F,154,-0.1,3S4M_A_I154F
2JYS,unsigned,Q,R,8,0.16,2JYS_unsigned_Q8R
2JYS,unsigned,H,L,22,-0.41,2JYS_unsigned_H22L
2JYS,unsigned,S,T,25,-0.49,2JYS_unsigned_S25T
2JYS,unsigned,T,D,28,-0.06,2JYS_unsigned_T28D
1FTG,A,I,A,109,3.89,1FTG_A_I109A
1FTG,A,L,A,105,2.69,1FTG_A_L105A
1FTG,A,W,F,66,0.83,1FTG_A_W66F
1AV1,A,L,P,254,0,1AV1_A_L254P
1AV1,A,Y,P,42,1.9,1AV1_A_Y42P
2TRX,A,D,E,2,-0.02,2TRX_A_D2E
2TRX,A,D,E,9,1.36,2TRX_A_D9E
2TRX,A,D,E,10,0.17,2TRX_A_D10E
2TRX,A,D,E,13,-0.19,2TRX_A_D13E
2TRX,A,D,E,43,-0.57,2TRX_A_D43E
2TRX,A,D,E,47,-0.29,2TRX_A_D47E
2TRX,A,D,E,61,0.62,2TRX_A_D61E
2TRX,A,D,E,104,0.33,2TRX_A_D104E
2TRX,A,E,D,30,0.22,2TRX_A_E30D
2TRX,A,E,D,44,0.65,2TRX_A_E44D
2TRX,A,E,D,48,1.08,2TRX_A_E48D
2TRX,A,E,D,85,0.86,2TRX_A_E85D
2TRX,A,E,D,101,-0.12,2TRX_A_E101D
2TRX,A,I,V,4,0.26,2TRX_A_I4V
2TRX,A,I,V,5,0.69,2TRX_A_I5V
2TRX,A,I,V,23,-0.26,2TRX_A_I23V
2TRX,A,I,V,38,0.96,2TRX_A_I38V
2TRX,A,I,V,41,0.65,2TRX_A_I41V
2TRX,A,I,V,45,0.79,2TRX_A_I45V
2TRX,A,I,V,60,0.19,2TRX_A_I60V
2TRX,A,I,V,72,0.02,2TRX_A_I72V
2TRX,A,I,V,75,0.72,2TRX_A_I75V
1D5G,A,H,Y,71,0.04,1D5G_A_H71Y
1D5G,A,I,F,20,-0.91,1D5G_A_I20F
1STN,A,V,E,104,7.4,1STN_A_V104E
1JLV,A,E,Q,64,2.3,1JLV_A_E64Q
1JLV,A,E,D,64,1.16,1JLV_A_E64D
1JLV,A,E,N,64,2.3,1JLV_A_E64N
1GUA,A,N,M,56,-0.27,1GUA_A_N56M
1GUA,A,I,A,58,3.27,1GUA_A_I58A
1GUA,A,I,L,58,0.77,1GUA_A_I58L
1GUA,A,I,F,58,1.3,1GUA_A_I58F
1GUA,A,R,A,59,-0.18,1GUA_A_R59A
1GUA,A,V,A,60,2.25,1GUA_A_V60A
1GUA,A,L,A,62,3.46,1GUA_A_L62A
1GUA,A,P,A,63,1.71,1GUA_A_P63A
1GUA,A,N,A,64,1.14,1GUA_A_N64A
1GUA,A,Q,A,66,0.5,1GUA_A_Q66A
1GUA,A,T,A,68,0.11,1GUA_A_T68A
1GUA,A,V,A,69,1.12,1GUA_A_V69A
1GUA,A,V,A,70,1.77,1GUA_A_V70A
1GUA,A,V,A,72,1.05,1GUA_A_V72A
1GUA,A,V,I,72,0.86,1GUA_A_V72I
1GUA,A,M,A,76,0.96,1GUA_A_M76A
1GUA,A,S,A,77,1.57,1GUA_A_S77A
1GUA,A,S,T,77,-0.58,1GUA_A_S77T
1GUA,A,L,A,78,3.8,1GUA_A_L78A
1GUA,A,D,A,80,0.49,1GUA_A_D80A
1GUA,A,C,A,81,-0.28,1GUA_A_C81A
1GUA,A,C,I,81,0.91,1GUA_A_C81I
1GUA,A,A,G,85,2.15,1GUA_A_A85G
1GUA,A,L,A,86,3.23,1GUA_A_L86A
1GUA,A,R,L,89,-1.08,1GUA_A_R89L
1GUA,A,L,A,91,1.58,1GUA_A_L91A
1GUA,A,P,A,93,0.08,1GUA_A_P93A
1GUA,A,C,A,95,0.08,1GUA_A_C95A
1GUA,A,C,A,96,1.76,1GUA_A_C96A
1GUA,A,C,L,96,0.04,1GUA_A_C96L
1GUA,A,C,M,96,0.34,1GUA_A_C96M
1GUA,A,A,G,97,0.86,1GUA_A_A97G
1GUA,A,V,A,98,1.98,1GUA_A_V98A
1GUA,A,R,A,100,0.69,1GUA_A_R100A
1GUA,A,E,A,104,-0.02,1GUA_A_E104A
1GUA,A,K,A,109,0.33,1GUA_A_K109A
1GUA,A,L,A,112,2.59,1GUA_A_L112A
1GUA,A,D,A,117,0.71,1GUA_A_D117A
1GUA,A,A,G,118,1.96,1GUA_A_A118G
1GUA,A,A,L,118,1.95,1GUA_A_A118L
1GUA,A,L,A,121,2.53,1GUA_A_L121A
1GUA,A,E,A,124,0.1,1GUA_A_E124A
1GUA,A,E,A,125,0.59,1GUA_A_E125A
1GUA,A,L,A,126,3.41,1GUA_A_L126A
1GUA,A,V,A,128,3.37,1GUA_A_V128A
1GUA,A,D,A,129,0.85,1GUA_A_D129A
1Z1I,A,W,F,31,-0.17,1Z1I_A_W31F
1A0F,A,S,A,11,1.8,1A0F_A_S11A
1DIV,A,L,A,72,3.67,1DIV_A_L72A
1DIV,A,I,A,79,3.52,1DIV_A_I79A
1DIV,A,I,A,93,3.27,1DIV_A_I93A
1DIV,A,I,A,98,4.5,1DIV_A_I98A
1DIV,A,L,A,102,2.55,1DIV_A_L102A
1DIV,A,L,A,108,2.44,1DIV_A_L108A
1DIV,A,L,A,110,3.17,1DIV_A_L110A
1DIV,A,I,A,115,3.63,1DIV_A_I115A
1DIV,A,L,A,117,0.6,1DIV_A_L117A
1DIV,A,I,A,121,3.08,1DIV_A_I121A
1DIV,A,V,A,129,1.73,1DIV_A_V129A
1DIV,A,V,A,131,1.67,1DIV_A_V131A
1DIV,A,L,A,133,2.94,1DIV_A_L133A
1DIV,A,V,A,137,2.19,1DIV_A_V137A
1DIV,A,L,A,141,3.52,1DIV_A_L141A
1DIV,A,V,A,143,3.29,1DIV_A_V143A
1DIV,A,V,A,145,1.93,1DIV_A_V145A
1DIV,A,K,G,96,0.52,1DIV_A_K96G
1DIV,A,K,A,96,-1.01,1DIV_A_K96A
1DIV,A,E,G,100,1.95,1DIV_A_E100G
1DIV,A,E,A,100,0.94,1DIV_A_E100A
2DRI,A,S,A,103,-0.08,2DRI_A_S103A
2DRI,A,I,A,132,-0.57,2DRI_A_I132A
2DRI,A,Q,A,235,-0.83,2DRI_A_Q235A
2DRI,A,N,A,13,-1,2DRI_A_N13A
2DRI,A,S,A,9,-1.3,2DRI_A_S9A
2DRI,A,N,A,190,-2,2DRI_A_N190A
2DRI,A,F,A,15,-3.1,2DRI_A_F15A
2DRI,A,N,A,64,-3.2,2DRI_A_N64A
1VII,A,D,N,44,0.74,1VII_A_D44N
1VII,A,F,L,47,2.7,1VII_A_F47L
1VII,A,R,M,55,1.03,1VII_A_R55M
1JY0,A,K,C,12,-1.96,1JY0_A_K12C
1JY0,A,K,T,12,-1.24,1JY0_A_K12T
1JY0,A,K,V,12,-1.6,1JY0_A_K12V
1JY0,A,P,C,134,-1.41,1JY0_A_P134C
1JY0,A,P,T,134,-1.41,1JY0_A_P134T
1JY0,A,P,V,134,-1.15,1JY0_A_P134V
1L6H,A,F,A,39,1.7,1L6H_A_F39A
1L6H,A,Y,A,45,0.55,1L6H_A_Y45A
1L6H,A,Y,A,48,1.48,1L6H_A_Y48A
1LVM,A,K,F,45,-0.43,1LVM_A_K45F
1LVM,A,L,V,56,0,1LVM_A_L56V
1LVM,A,Q,F,58,-0.6,1LVM_A_Q58F
1LVM,A,E,G,106,-1.4,1LVM_A_E106G
1LVM,A,S,G,135,0,1LVM_A_S135G
2VY0,A,D,A,287,5.98,2VY0_A_D287A
2VY0,A,E,A,53,6.6,2VY0_A_E53A
3BCI,A,E,Q,114,-1.37,3BCI_A_E114Q
3BCI,A,T,V,171,1.14,3BCI_A_T171V
1BFM,A,M,W,35,0.7,1BFM_A_M35W
1BFM,A,M,Y,35,0.4,1BFM_A_M35Y
1AXB,A,W,F,290,2.39,1AXB_A_W290F
1B10,A,F,W,175,1.67,1B10_A_F175W
1B10,A,F,W,198,1.43,1B10_A_F198W
1K5U,A,D,A,28,1.79,1K5U_A_D28A
1K5U,A,D,A,68,0.76,1K5U_A_D68A
1K5U,A,D,N,68,-0.33,1K5U_A_D68N
1K5U,A,D,A,70,-0.02,1K5U_A_D70A
1K5U,A,D,N,70,-0.6,1K5U_A_D70N
1K5U,A,K,A,112,-0.31,1K5U_A_K112A
1K5U,A,K,D,112,-1.58,1K5U_A_K112D
1K5U,A,L,A,26,0.76,1K5U_A_L26A
1K5U,A,L,D,26,1.31,1K5U_A_L26D
1K5U,A,L,N,26,-1.05,1K5U_A_L26N
1K5U,A,N,A,114,1.84,1K5U_A_N114A
2BJD,A,V,D,84,4.49,2BJD_A_V84D
2BJD,A,V,P,84,4.52,2BJD_A_V84P
2BJD,A,Y,E,86,2.1,2BJD_A_Y86E
3BN0,A,I,V,20,1.51,3BN0_A_I20V
3S4M,A,D,Y,122,1.3,3S4M_A_D122Y
3S4M,A,G,V,130,2.5,3S4M_A_G130V
2ZAJ,A,D,S,23,0.16,2ZAJ_A_D23S
1Y9X,A,K,N,40,3.1,1Y9X_A_K40N
1Y9X,A,V,E,53,4.8,1Y9X_A_V53E
1TTG,A,L,T,19,-0.3,1TTG_A_L19T
2ARF,A,H,Q,1069,0.72,2ARF_A_H1069Q
1Y9X,A,E,A,36,3.61,1Y9X_A_E36A
1Y9X,A,E,Q,36,2.72,1Y9X_A_E36Q
1Y9X,A,E,A,54,2.27,1Y9X_A_E54A
1Y9X,A,E,Q,54,2.25,1Y9X_A_E54Q
1Y9X,A,K,A,68,1.03,1Y9X_A_K68A
1Y9X,A,K,L,68,-1.67,1Y9X_A_K68L
1Y9X,A,R,A,57,1.36,1Y9X_A_R57A
1Y9X,A,R,L,57,-1.29,1Y9X_A_R57L
1Y9X,A,K,A,97,1.7,1Y9X_A_K97A
1Y9X,A,K,E,97,2.49,1Y9X_A_K97E
1Y9X,A,R,Q,95,-0.12,1Y9X_A_R95Q
1RIL,A,L,E,107,7,1RIL_A_L107E
1RIL,A,L,K,107,6.6,1RIL_A_L107K
1RIL,A,L,E,67,5.7,1RIL_A_L67E
1RIL,A,L,K,67,7.8,1RIL_A_L67K
1RIL,A,L,E,7,8.4,1RIL_A_L7E
1RIL,A,L,K,7,8,1RIL_A_L7K
1RIL,A,T,E,9,9.3,1RIL_A_T9E
1RIL,A,T,K,9,10,1RIL_A_T9K
1RIL,A,V,E,133,4.1,1RIL_A_V133E
1RIL,A,V,K,133,4,1RIL_A_V133K
1RIL,A,V,E,65,10.2,1RIL_A_V65E
1RIL,A,V,K,65,11.6,1RIL_A_V65K
3BDC,A,A,D,109,8.2,3BDC_A_A109D
3BDC,A,A,E,109,6.5,3BDC_A_A109E
3BDC,A,A,K,109,4.3,3BDC_A_A109K
3BDC,A,A,D,132,9.8,3BDC_A_A132D
3BDC,A,A,E,132,8.2,3BDC_A_A132E
3BDC,A,A,K,132,6.2,3BDC_A_A132K
3BDC,A,A,D,58,7.2,3BDC_A_A58D
3BDC,A,A,E,58,5.8,3BDC_A_A58E
3BDC,A,A,K,58,4.2,3BDC_A_A58K
3BDC,A,A,D,90,8,3BDC_A_A90D
3BDC,A,A,E,90,8.1,3BDC_A_A90E
3BDC,A,A,K,90,7.6,3BDC_A_A90K
3BDC,A,F,D,34,7.8,3BDC_A_F34D
3BDC,A,F,E,34,7.5,3BDC_A_F34E
3BDC,A,F,K,34,7.7,3BDC_A_F34K
3BDC,A,G,D,20,4.3,3BDC_A_G20D
3BDC,A,G,E,20,4.3,3BDC_A_G20E
3BDC,A,G,K,20,2.5,3BDC_A_G20K
3BDC,A,I,D,72,7.7,3BDC_A_I72D
3BDC,A,I,E,72,7.3,3BDC_A_I72E
3BDC,A,I,K,72,6.4,3BDC_A_I72K
3BDC,A,I,D,92,10.7,3BDC_A_I92D
3BDC,A,I,E,92,7.9,3BDC_A_I92E
3BDC,A,I,K,92,9.3,3BDC_A_I92K
3BDC,A,L,D,103,8.2,3BDC_A_L103D
3BDC,A,L,E,103,6.2,3BDC_A_L103E
3BDC,A,L,K,103,5.8,3BDC_A_L103K
3BDC,A,L,D,125,9.7,3BDC_A_L125D
3BDC,A,L,E,125,6.7,3BDC_A_L125E
3BDC,A,L,K,125,7.7,3BDC_A_L125K
3BDC,A,L,D,25,9.5,3BDC_A_L25D
3BDC,A,L,E,25,8.8,3BDC_A_L25E
3BDC,A,L,K,25,8,3BDC_A_L25K
3BDC,A,L,D,36,9,3BDC_A_L36D
3BDC,A,L,E,36,6.4,3BDC_A_L36E
3BDC,A,L,K,36,7.2,3BDC_A_L36K
3BDC,A,L,D,37,3.4,3BDC_A_L37D
3BDC,A,L,E,37,3,3BDC_A_L37E
3BDC,A,L,K,37,3.1,3BDC_A_L37K
3BDC,A,L,D,38,3.3,3BDC_A_L38D
3BDC,A,L,E,38,4.6,3BDC_A_L38E
3BDC,A,L,K,38,2.8,3BDC_A_L38K
3BDC,A,N,D,100,5,3BDC_A_N100D
3BDC,A,N,E,100,3.4,3BDC_A_N100E
3BDC,A,N,K,100,10.6,3BDC_A_N100K
3BDC,A,N,D,118,1.6,3BDC_A_N118D
3BDC,A,N,E,118,2.2,3BDC_A_N118E
3BDC,A,N,K,118,2.1,3BDC_A_N118K
3BDC,A,T,D,41,3.7,3BDC_A_T41D
3BDC,A,T,E,41,3.7,3BDC_A_T41E
3BDC,A,T,K,41,2.3,3BDC_A_T41K
3BDC,A,T,D,62,6.5,3BDC_A_T62D
3BDC,A,T,E,62,5.4,3BDC_A_T62E
3BDC,A,T,K,62,4.2,3BDC_A_T62K
3BDC,A,V,D,104,7.9,3BDC_A_V104D
3BDC,A,V,E,104,5.3,3BDC_A_V104E
3BDC,A,V,K,104,8.3,3BDC_A_V104K
3BDC,A,V,D,23,7.1,3BDC_A_V23D
3BDC,A,V,E,23,7,3BDC_A_V23E
3BDC,A,V,K,23,7.3,3BDC_A_V23K
3BDC,A,V,D,39,5.2,3BDC_A_V39D
3BDC,A,V,E,39,5.4,3BDC_A_V39E
3BDC,A,V,K,39,7.2,3BDC_A_V39K
3BDC,A,V,D,66,7.4,3BDC_A_V66D
3BDC,A,V,E,66,5.5,3BDC_A_V66E
3BDC,A,V,K,66,7.7,3BDC_A_V66K
3BDC,A,V,D,74,9.8,3BDC_A_V74D
3BDC,A,V,E,74,7.9,3BDC_A_V74E
3BDC,A,V,K,74,7.3,3BDC_A_V74K
3BDC,A,V,D,99,8.7,3BDC_A_V99D
3BDC,A,V,E,99,7.5,3BDC_A_V99E
3BDC,A,V,K,99,8.9,3BDC_A_V99K
3BDC,A,Y,D,91,8.1,3BDC_A_Y91D
3BDC,A,Y,E,91,8.2,3BDC_A_Y91E
3BDC,A,Y,K,91,6.8,3BDC_A_Y91K
1AMQ,A,N,D,294,-0.4,1AMQ_A_N294D
1AMQ,A,T,A,10,1.3,1AMQ_A_T10A
1AMQ,A,E,A,7,3.4,1AMQ_A_E7A
1AMQ,A,R,M,266,3.6,1AMQ_A_R266M
1AMQ,A,N,R,294,4.3,1AMQ_A_N294R
1AMQ,A,K,E,68,4.85,1AMQ_A_K68E
1AMQ,A,I,A,9,5,1AMQ_A_I9A
1AMQ,A,F,A,6,7.35,1AMQ_A_F6A
1AMQ,A,E,K,265,7.35,1AMQ_A_E265K
1BPI,A,F,M,22,7.2,1BPI_A_F22M
1STN,A,V,E,39,7.2,1STN_A_V39E
1W4H,A,H,W,142,0.1,1W4H_A_H142W
1W4H,A,L,W,131,0.7,1W4H_A_L131W
1W4H,A,A,W,130,-0.6,1W4H_A_A130W
1G3P,A,D,A,160,0.26,1G3P_A_D160A
1G3P,A,D,C,160,0.1,1G3P_A_D160C
1G3P,A,D,E,160,0.36,1G3P_A_D160E
1G3P,A,D,F,160,0.36,1G3P_A_D160F
1G3P,A,D,G,160,0.67,1G3P_A_D160G
1G3P,A,D,H,160,-0.05,1G3P_A_D160H
1G3P,A,D,I,160,0.93,1G3P_A_D160I
1G3P,A,D,K,160,0.33,1G3P_A_D160K
1G3P,A,D,L,160,0.55,1G3P_A_D160L
1G3P,A,D,M,160,0.5,1G3P_A_D160M
1G3P,A,D,N,160,-0.07,1G3P_A_D160N
1G3P,A,D,P,160,0.65,1G3P_A_D160P
1G3P,A,D,Q,160,0.48,1G3P_A_D160Q
1G3P,A,D,R,160,0.67,1G3P_A_D160R
1G3P,A,D,S,160,0.29,1G3P_A_D160S
1G3P,A,D,T,160,0.74,1G3P_A_D160T
1G3P,A,D,V,160,1.12,1G3P_A_D160V
1G3P,A,D,W,160,0.17,1G3P_A_D160W
1G3P,A,D,Y,160,0.07,1G3P_A_D160Y
1H0X,A,P,A,18,1.94,1H0X_A_P18A
1H0X,A,P,A,62,2.58,1H0X_A_P62A
1VII,A,F,L,51,1.99,1VII_A_F51L
1VII,A,F,L,58,2.38,1VII_A_F58L
1VII,A,W,L,64,1.42,1VII_A_W64L
2LZM,A,R,K,96,0.5,2LZM_A_R96K
2LZM,A,R,Q,96,0.7,2LZM_A_R96Q
2LZM,A,R,E,96,2.5,2LZM_A_R96E
2LZM,A,R,A,96,2,2LZM_A_R96A
2LZM,A,R,D,96,3.5,2LZM_A_R96D
2LZM,A,R,V,96,2.5,2LZM_A_R96V
2LZM,A,R,M,96,2.7,2LZM_A_R96M
2LZM,A,R,S,96,2.8,2LZM_A_R96S
2LZM,A,R,G,96,3.2,2LZM_A_R96G
2LZM,A,R,T,96,3.1,2LZM_A_R96T
2LZM,A,R,I,96,2.9,2LZM_A_R96I
2LZM,A,R,C,96,2.9,2LZM_A_R96C
2LZM,A,R,N,96,3.3,2LZM_A_R96N
2LZM,A,R,L,96,3.2,2LZM_A_R96L
2LZM,A,R,F,96,4.2,2LZM_A_R96F
2LZM,A,R,W,96,4.5,2LZM_A_R96W
2LZM,A,R,Y,96,4.7,2LZM_A_R96Y
1W4H,A,P,A,133,-0.38,1W4H_A_P133A
1W4H,A,H,A,166,-0.06,1W4H_A_H166A
1W4H,A,I,V,135,0.03,1W4H_A_I135V
1W4H,A,A,G,130,0.04,1W4H_A_A130G
1W4H,A,A,G,168,0.07,1W4H_A_A168G
1W4H,A,T,S,152,0.29,1W4H_A_T152S
1W4H,A,V,A,163,2.02,1W4H_A_V163A
1W4H,A,L,A,158,2.12,1W4H_A_L158A
1W4H,A,D,N,162,3.1,1W4H_A_D162N
1W4H,A,L,A,139,3.5,1W4H_A_L139A
1A7V,A,A,H,104,2.69,1A7V_A_A104H
1A7V,A,K,H,97,1.97,1A7V_A_K97H
1A7V,A,A,H,91,1.7,1A7V_A_A91H
1A7V,A,K,H,84,2.88,1A7V_A_K84H
1A7V,A,E,H,73,3.01,1A7V_A_E73H
1A7V,A,A,H,66,1.98,1A7V_A_A66H
1A7V,A,D,H,58,2.05,1A7V_A_D58H
1A7V,A,K,H,49,2.02,1A7V_A_K49H
1A7V,A,K,H,39,1.86,1A7V_A_K39H
1A7V,A,K,H,31,1.36,1A7V_A_K31H
1A7V,A,K,H,20,2.88,1A7V_A_K20H
1A7V,A,K,H,13,0.6,1A7V_A_K13H
1A7V,A,D,H,3,1.37,1A7V_A_D3H
2AFG,A,C,A,83,1.39,2AFG_A_C83A
2AFG,A,C,T,83,1.46,2AFG_A_C83T
2AFG,A,C,V,83,2.84,2AFG_A_C83V
2PTL,A,L,F,24,-0.62,2PTL_A_L24F
2PTL,A,I,F,74,-1.31,2PTL_A_I74F
3D3B,A,D,N,118,1.34,3D3B_A_D118N
3D3B,A,D,A,118,0.65,3D3B_A_D118A
3D3B,A,D,R,118,1.41,3D3B_A_D118R
3D3B,A,D,E,118,0.6,3D3B_A_D118E
3D3B,A,D,K,118,1.6,3D3B_A_D118K
3F6R,A,A,G,19,2.68,3F6R_A_A19G
3F6R,A,E,A,109,2.8,3F6R_A_E109A
3F6R,A,F,A,55,4.4,3F6R_A_F55A
3F6R,A,I,A,120,4.9,3F6R_A_I120A
3F6R,A,L,A,124,4.37,3F6R_A_L124A
3F6R,A,L,A,36,2.32,3F6R_A_L36A
3F6R,A,L,A,5,2.53,3F6R_A_L5A
3F6R,A,L,A,74,4.78,3F6R_A_L74A
3F6R,A,V,A,137,4.76,3F6R_A_V137A
3F6R,A,V,A,33,2.68,3F6R_A_V33A
3F6R,A,V,A,53,3.04,3F6R_A_V53A
3F6R,A,V,A,7,2.17,3F6R_A_V7A
3F6R,A,V,A,88,3.13,3F6R_A_V88A
3ECU,A,A,V,4,7.2,3ECU_A_A4V
1G3P,A,F,V,136,3.82,1G3P_A_F136V
1G3P,A,Q,N,137,1.96,1G3P_A_Q137N
1G3P,A,N,G,138,-0.93,1G3P_A_N138G
1G3P,A,N,K,139,0.6,1G3P_A_N139K
1G3P,A,N,V,139,2.75,1G3P_A_N139V
1G3P,A,R,V,144,-0.91,1G3P_A_R144V
1G3P,A,Q,N,145,-0.62,1G3P_A_Q145N
1G3P,A,A,K,147,0.38,1G3P_A_A147K
1FTG,A,K,M,81,2.43,1FTG_A_K81M
1FTG,A,Q,L,63,-0.13,1FTG_A_Q63L
1FTG,A,Q,L,99,-0.41,1FTG_A_Q99L
1FTG,A,Y,F,85,1.46,1FTG_A_Y85F
1FTG,A,Y,F,8,0.99,1FTG_A_Y8F
1ACB,E,L,I,27,0.22,1ACB_E_L27I
1ACB,E,P,Y,58,0.67,1ACB_E_P58Y
1ACB,E,V,I,18,0.15,1ACB_E_V18I
1ACB,E,V,L,34,0.31,1ACB_E_V34L
1FKJ,A,F,L,99,0.92,1FKJ_A_F99L
1VII,A,P,A,62,1.27,1VII_A_P62A
1VII,A,W,A,64,0.97,1VII_A_W64A
1VII,A,W,K,64,1.35,1VII_A_W64K
2RLK,A,S,A,13,0.97,2RLK_A_S13A
2RLK,A,P,A,14,0.37,2RLK_A_P14A
2RLK,A,Y,A,21,0.32,2RLK_A_Y21A
2RLK,A,Y,A,27,0.99,2RLK_A_Y27A
1STN,A,G,E,20,4.1,1STN_A_G20E
1STN,A,A,E,58,6.9,1STN_A_A58E
1R6R,A,L,N,81,6.84,1R6R_A_L81N
1STN,A,T,E,62,6.7,1STN_A_T62E
1STN,A,L,E,37,3.2,1STN_A_L37E
1STN,A,L,E,38,4.6,1STN_A_L38E
1STN,A,T,E,41,4.3,1STN_A_T41E
1BPI,A,T,M,32,6.3,1BPI_A_T32M
1AMQ,A,R,K,266,6.3,1AMQ_A_R266K
2LZM,A,R,P,96,6,2LZM_A_R96P
2LZM,A,A,F,98,5.9,2LZM_A_A98F
1AMQ,A,E,Q,265,5.85,1AMQ_A_E265Q
2LZM,A,A,W,98,5.7,2LZM_A_A98W
1BPI,A,R,M,39,5.7,1BPI_A_R39M
1NVO,A,L,A,13,5.6,1NVO_A_L13A
1AMQ,A,D,A,15,5.6,1AMQ_A_D15A
1STN,A,N,E,100,4.5,1STN_A_N100E
1STN,A,N,E,118,1.9,1STN_A_N118E
1AMQ,A,N,R,297,5.15,1AMQ_A_N297R
1AMQ,A,K,M,68,5.05,1AMQ_A_K68M
2GNQ,A,S,A,62,9,2GNQ_A_S62A
2GNQ,A,S,A,146,8.5,2GNQ_A_S146A
2GNQ,A,S,A,188,8.7,2GNQ_A_S188A
2GNQ,A,D,E,192,8,2GNQ_A_D192E
2GNQ,A,W,F,330,4.5,2GNQ_A_W330F
2GNQ,A,W,Y,330,4.6,2GNQ_A_W330Y
2GNQ,A,D,E,324,4.14,2GNQ_A_D324E
1HK0,X,M,Q,69,-1.2,1HK0_X_M69Q
1HK0,X,S,P,130,0.5,1HK0_X_S130P
2JOF,A,D,E,9,0.29,2JOF_A_D9E
2JOF,A,R,K,16,0.56,2JOF_A_R16K
3ECU,A,H,R,46,-0.8,3ECU_A_H46R
1N18,A,E,G,100,2.5,1N18_A_E100G
1N18,A,G,R,85,1.4,1N18_A_G85R
1N18,A,H,R,46,-1.4,1N18_A_H46R
1N18,A,V,I,148,-0.4,1N18_A_V148I
1NFI,A,A,V,127,-0.3,1NFI_A_A127V
1NFI,A,C,P,186,-0.7,1NFI_A_C186P
1NFI,A,G,A,194,1.1,1NFI_A_G194A
1NFI,A,L,V,117,1,1NFI_A_L117V
1NFI,A,L,V,131,1.8,1NFI_A_L131V
1NFI,A,L,V,163,1.3,1NFI_A_L163V
1NFI,A,N,G,122,-1,1NFI_A_N122G
1NFI,A,Q,G,111,-1.9,1NFI_A_Q111G
1NFI,A,T,S,113,0.9,1NFI_A_T113S
1NFI,A,T,S,146,1.6,1NFI_A_T146S
1NFI,A,T,L,164,-0.8,1NFI_A_T164L
1NFI,A,T,S,185,0.8,1NFI_A_T185S
1NFI,A,V,A,160,-0.2,1NFI_A_V160A
1NFI,A,V,L,203,-0.8,1NFI_A_V203L
1NFI,A,V,L,93,-2.1,1NFI_A_V93L
1NFI,A,W,F,258,-0.4,1NFI_A_W258F
1L8W,A,S,A,213,0.6,1L8W_A_S213A
1L8W,A,S,A,123,0.7,1L8W_A_S123A
1VII,A,F,A,47,2.3,1VII_A_F47A
1VII,A,F,A,51,2.3,1VII_A_F51A
1VII,A,F,A,58,3.3,1VII_A_F58A
1VII,A,L,A,42,1.4,1VII_A_L42A
1VII,A,L,A,61,2.1,1VII_A_L61A
1VII,A,L,A,69,1.6,1VII_A_L69A
1VII,A,L,A,75,0.5,1VII_A_L75A
1VII,A,M,A,53,2.8,1VII_A_M53A
1VII,A,V,A,50,0.7,1VII_A_V50A
1RGG,A,I,V,22,1.48,1RGG_A_I22V
1RGG,A,I,V,58,0,1RGG_A_I58V
1RGG,A,I,V,70,0.94,1RGG_A_I70V
1RGG,A,I,V,71,0.13,1RGG_A_I71V
1RGG,A,I,V,92,1,1RGG_A_I92V
1RGG,A,L,A,11,3.08,1RGG_A_L11A
1RGG,A,L,A,19,3.65,1RGG_A_L19A
1RGG,A,L,A,21,0.41,1RGG_A_L21A
1RGG,A,L,A,8,1.34,1RGG_A_L8A
1RGG,A,L,A,91,0.84,1RGG_A_L91A
1BU4,A,I,V,61,2.1,1BU4_A_I61V
1BU4,A,I,V,90,1,1BU4_A_I90V
1BU4,A,L,A,86,4.4,1BU4_A_L86A
1BU4,A,V,A,78,4.2,1BU4_A_V78A
1QQV,A,K,M,70,-0.5,1QQV_A_K70M
1H7M,A,K,M,46,1.08,1H7M_A_K46M
2LCP,A,W,F,103,-0.65,2LCP_A_W103F
2LCP,A,R,Q,102,-0.58,2LCP_A_R102Q
2LCP,A,W,F,30,0.48,2LCP_A_W30F
1QQV,A,L,G,61,3.31,1QQV_A_L61G
3FIL,A,L,N,37,1.27,3FIL_A_L37N
1RTB,A,D,A,83,0.48,1RTB_A_D83A
1RTB,A,D,E,83,-1.94,1RTB_A_D83E
1RTB,A,D,N,83,-0.1,1RTB_A_D83N
1UBQ,A,A,W,28,-1.72,1UBQ_A_A28W
1UBQ,A,D,W,32,0.48,1UBQ_A_D32W
1UBQ,A,D,W,39,-1.77,1UBQ_A_D39W
1UBQ,A,E,W,16,-1.46,1UBQ_A_E16W
1UBQ,A,E,W,24,-1.31,1UBQ_A_E24W
1UBQ,A,E,W,51,0.24,1UBQ_A_E51W
1UBQ,A,E,W,64,1.36,1UBQ_A_E64W
1UBQ,A,F,W,4,0.05,1UBQ_A_F4W
1UBQ,A,G,W,35,2.03,1UBQ_A_G35W
1UBQ,A,G,W,53,-0.55,1UBQ_A_G53W
1UBQ,A,H,W,68,0.81,1UBQ_A_H68W
1UBQ,A,K,W,48,0.93,1UBQ_A_K48W
1UBQ,A,L,W,71,0.26,1UBQ_A_L71W
1UBQ,A,L,W,73,-0.05,1UBQ_A_L73W
1UBQ,A,L,W,8,1.03,1UBQ_A_L8W
1UBQ,A,M,W,1,-2.1,1UBQ_A_M1W
1UBQ,A,N,W,60,0.72,1UBQ_A_N60W
1UBQ,A,Q,W,62,-0.38,1UBQ_A_Q62W
1UBQ,A,R,W,42,-0.29,1UBQ_A_R42W
1UBQ,A,R,W,54,-1.05,1UBQ_A_R54W
1UBQ,A,S,W,20,1.2,1UBQ_A_S20W
1UBQ,A,S,W,57,0.02,1UBQ_A_S57W
1UBQ,A,T,W,12,-0.38,1UBQ_A_T12W
1UBQ,A,T,W,66,0.24,1UBQ_A_T66W
1UBQ,A,V,W,70,-0.02,1UBQ_A_V70W
1UBQ,A,Y,W,59,0.57,1UBQ_A_Y59W
3G1G,A,D,Y,155,-0.34,3G1G_A_D155Y
3G1G,A,F,Y,167,0.74,3G1G_A_F167Y
3G1G,A,R,W,185,-1.32,3G1G_A_R185W
3G1G,A,I,V,190,0.17,3G1G_A_I190V
1BTL,A,E,L,48,-0.08,1BTL_A_E48L
1BTL,A,G,A,78,-0.39,1BTL_A_G78A
1BTL,A,S,H,82,-0.58,1BTL_A_S82H
1BTL,A,F,Y,60,-0.68,1BTL_A_F60Y
1BTL,A,G,D,92,-1.09,1BTL_A_G92D
1K9Q,A,I,R,33,0.1,1K9Q_A_I33R
1K9Q,A,L,I,30,-0.87,1K9Q_A_L30I
1K9Q,A,Q,K,35,-0.23,1K9Q_A_Q35K
1K9Q,A,T,R,36,0.31,1K9Q_A_T36R
1J8I,A,R,A,9,0.1,1J8I_A_R9A
1J8I,A,R,A,23,-0.8,1J8I_A_R23A
1J8I,A,K,A,25,-0.1,1J8I_A_K25A
1J8I,A,R,A,35,0.1,1J8I_A_R35A
1J8I,A,R,A,43,-0.7,1J8I_A_R43A
1J8I,A,K,A,66,-0.1,1J8I_A_K66A
1BKS,A,C,N,81,2.42,1BKS_A_C81N
1BKS,A,L,N,176,7.41,1BKS_A_L176N
1BKS,A,L,N,50,6.28,1BKS_A_L50N
1BKS,A,L,N,99,4.15,1BKS_A_L99N
1RTB,A,S,P,21,0.79,1RTB_A_S21P
1XWS,A,Y,H,53,3.3,1XWS_A_Y53H
1XWS,A,E,Q,124,2.9,1XWS_A_E124Q
1XWS,A,E,K,135,4.59,1XWS_A_E135K
1XWS,A,E,D,142,3.22,1XWS_A_E142D
2PR5,A,H,K,22,-0.3,2PR5_A_H22K
2PR5,A,H,W,22,-1.2,2PR5_A_H22W
2PR5,A,V,I,25,-0.4,2PR5_A_V25I
2PR5,A,T,M,30,-0.5,2PR5_A_T30M
2PR5,A,A,Y,33,-0.5,2PR5_A_A33Y
2PR5,A,T,M,50,0.5,2PR5_A_T50M
2PR5,A,T,Y,54,-0.2,2PR5_A_T54Y
2PR5,A,A,M,81,0.4,2PR5_A_A81M
2PR5,A,V,L,88,0.2,2PR5_A_V88L
2PR5,A,V,I,90,0.7,2PR5_A_V90I
2PR5,A,N,F,107,-0.9,2PR5_A_N107F
2PR5,A,N,Y,107,-0.8,2PR5_A_N107Y
2PR5,A,D,E,109,-0.3,2PR5_A_D109E
2PR5,A,M,F,111,-2.9,2PR5_A_M111F
2PR5,A,V,I,120,-1.4,2PR5_A_V120I
2PR5,A,N,F,124,-1.1,2PR5_A_N124F
2PR5,A,N,Y,124,-2.6,2PR5_A_N124Y
1QM0,A,V,M,209,-2.7,1QM0_A_V209M
2WZB,A,E,A,252,0.7,2WZB_A_E252A
2WZB,A,T,P,378,4.8,2WZB_A_T378P
1QLP,A,M,V,358,-0.63,1QLP_A_M358V
3DVI,A,H,D,92,0.6,3DVI_A_H92D
3DVI,A,P,Q,101,0.1,3DVI_A_P101Q
3DVI,A,I,N,34,-2.2,3DVI_A_I34N
2MMX,A,F,S,2,1.9,2MMX_A_F2S
2MMX,A,F,A,2,1.9,2MMX_A_F2A
2MMX,A,F,L,2,1.2,2MMX_A_F2L
2MMX,A,F,P,2,2.5,2MMX_A_F2P
2MMX,A,F,W,2,1.3,2MMX_A_F2W
2C9Q,A,Y,F,79,0.01,2C9Q_A_Y79F
2C9Q,A,Y,W,79,1.23,2C9Q_A_Y79W
3O39,A,L,P,32,3.25,3O39_A_L32P
3O39,A,Q,L,49,0.05,3O39_A_Q49L
3O39,A,H,L,96,0.58,3O39_A_H96L
3O39,A,Q,L,100,2,3O39_A_Q100L
3O39,A,F,L,115,1.64,3O39_A_F115L
3O39,A,F,I,115,1.81,3O39_A_F115I
1FT8,A,L,V,212,1.38,1FT8_A_L212V
1FT8,A,M,L,216,-0.27,1FT8_A_M216L
1FT8,A,L,I,238,0.35,1FT8_A_L238I
1FT8,A,I,V,264,0.64,1FT8_A_I264V
1FT8,A,L,I,267,0.11,1FT8_A_L267I
1FT8,A,V,A,287,0.16,1FT8_A_V287A
1FT8,A,L,I,293,0.8,1FT8_A_L293I
1FT8,A,L,V,293,1.41,1FT8_A_L293V
1FT8,A,L,A,315,1.65,1FT8_A_L315A
1FT8,A,L,I,317,0.85,1FT8_A_L317I
1FT8,A,S,A,339,-0.32,1FT8_A_S339A
1FT8,A,L,I,348,0.53,1FT8_A_L348I
1FT8,A,L,I,349,-0.05,1FT8_A_L349I
1RGG,A,N,A,20,0,1RGG_A_N20A
1RGG,A,S,A,24,0.2,1RGG_A_S24A
1RGG,A,S,A,31,-0.4,1RGG_A_S31A
1RGG,A,S,A,3,0.3,1RGG_A_S3A
1RGG,A,S,A,42,-0.1,1RGG_A_S42A
1RGG,A,S,A,48,-0.5,1RGG_A_S48A
1RGG,A,S,A,90,-0.2,1RGG_A_S90A
1RGG,A,S,A,9,1.3,1RGG_A_S9A
1RGG,A,T,A,95,0.6,1RGG_A_T95A
1BU4,A,T,V,93,1.1,1BU4_A_T93V
1BU4,A,T,A,91,3.3,1BU4_A_T91A
1BU4,A,T,V,91,3.65,1BU4_A_T91V
1QQV,A,S,A,43,0.8,1QQV_A_S43A
1QQV,A,T,V,54,1.1,1QQV_A_T54V
1HK0,X,C,T,41,1.8,1HK0_X_C41T
1HK0,X,H,T,22,-1.4,1HK0_X_H22T
1HK0,X,L,E,53,-0.7,1HK0_X_L53E
1HK0,X,M,F,69,-1.5,1HK0_X_M69F
1HK0,X,M,W,69,-0.5,1HK0_X_M69W
1HK0,X,S,H,130,1.5,1HK0_X_S130H
1HK0,X,S,T,130,1.2,1HK0_X_S130T
5NP8,A,I,N,47,3.3,5NP8_A_I47N
5NP8,A,L,P,89,4.2,5NP8_A_L89P
5NP8,A,C,R,316,5.9,5NP8_A_C316R
5NP8,A,S,N,320,5.7,5NP8_A_S320N
5NP8,A,A,P,354,4.9,5NP8_A_A354P
5JXB,A,D,G,332,1.44,5JXB_A_D332G
5JXB,A,D,P,332,1.44,5JXB_A_D332P
3K82,A,E,L,334,3.35,3K82_A_E334L
3K82,A,E,Q,334,1.68,3K82_A_E334Q
3K82,A,E,R,401,-5.49,3K82_A_E401R
2KJ3,A,G,A,278,0.4,2KJ3_A_G278A
2KJ3,A,V,A,267,0,2KJ3_A_V267A
2KJ3,A,V,A,239,-1,2KJ3_A_V239A
2KJ3,A,L,A,241,-1,2KJ3_A_L241A
2KJ3,A,V,A,264,-1.1,2KJ3_A_V264A
2KJ3,A,D,A,288,-1.2,2KJ3_A_D288A
2KJ3,A,S,A,273,-1.4,2KJ3_A_S273A
2KJ3,A,K,A,229,-1.5,2KJ3_A_K229A
2KJ3,A,E,A,272,-1.9,2KJ3_A_E272A
2K3K,A,Y,F,10,-1.4,2K3K_A_Y10F
2K3K,A,F,Y,53,-0.5,2K3K_A_F53Y
2MPC,A,R,W,42,-2.08,2MPC_A_R42W
2MPC,A,A,T,89,0.24,2MPC_A_A89T
2MPC,A,R,A,42,-0.62,2MPC_A_R42A
1FH5,L,I,E,3,2.87,1FH5_L_I3E
1FH5,L,T,S,103,0.96,1FH5_L_T103S
1OPG,L,E,I,2,-0.67,1OPG_L_E2I
1OPG,L,S,T,102,-0.72,1OPG_L_S102T
2JOF,A,P,A,19,2.82,2JOF_A_P19A
2JOF,A,S,A,14,1.43,2JOF_A_S14A
2JOF,A,P,A,17,0.65,2JOF_A_P17A
2JOF,A,P,A,18,0.36,2JOF_A_P18A
5T43,A,C,S,153,2.6,5T43_A_C153S
1RX4,A,I,A,61,1.6,1RX4_A_I61A
1RX4,A,I,A,91,0.6,1RX4_A_I91A
1RX4,A,L,V,110,1,1RX4_A_L110V
1RX4,A,L,A,156,2.9,1RX4_A_L156A
1RX4,A,L,A,4,3.7,1RX4_A_L4A
1RX4,A,L,A,8,2.1,1RX4_A_L8A
1RX4,A,V,A,136,0.9,1RX4_A_V136A
2AFG,A,C,A,117,-0.43,2AFG_A_C117A
2AFG,A,C,T,117,0.31,2AFG_A_C117T
1JQZ,A,C,A,31,-0.7,1JQZ_A_C31A
1JQZ,A,C,S,31,-1.22,1JQZ_A_C31S
1JQZ,A,C,T,31,-0.6,1JQZ_A_C31T
1JQZ,A,C,V,31,0.74,1JQZ_A_C31V
1JQZ,A,C,A,98,1.14,1JQZ_A_C98A
1JQZ,A,C,S,98,1.33,1JQZ_A_C98S
1JQZ,A,C,T,98,1.21,1JQZ_A_C98T
1JQZ,A,C,V,98,2.6,1JQZ_A_C98V
1JQZ,A,C,A,132,-0.34,1JQZ_A_C132A
1JQZ,A,C,S,132,0.21,1JQZ_A_C132S
1JQZ,A,C,T,132,0.35,1JQZ_A_C132T
1JQZ,A,C,V,132,-0.17,1JQZ_A_C132V
1EW6,A,H,V,56,-5.1,1EW6_A_H56V
1DXX,A,K,N,18,3.7,1DXX_A_K18N
1AG2,A,E,K,196,0.43,1AG2_A_E196K
1AG2,A,F,H,198,1.89,1AG2_A_F198H
1AG2,A,H,R,187,0.76,1AG2_A_H187R
1AG2,A,H,Y,187,-1,1AG2_A_H187Y
1AG2,A,Y,H,155,-0.48,1AG2_A_Y155H
2TRX,A,L,A,94,0.7,2TRX_A_L94A
2TRX,A,L,A,99,2.3,2TRX_A_L99A
2TRX,A,E,G,101,0.9,2TRX_A_E101G
2TRX,A,F,A,102,3,2TRX_A_F102A
2TRX,A,L,A,103,3.9,2TRX_A_L103A
2TRX,A,N,A,106,0.3,2TRX_A_N106A
2TRX,A,L,A,107,2.3,2TRX_A_L107A
1FTG,A,A,V,142,-0.56,1FTG_A_A142V
1FTG,A,D,N,100,0.06,1FTG_A_D100N
1FTG,A,I,A,59,-1.05,1FTG_A_I59A
1FTG,A,I,A,92,1.39,1FTG_A_I92A
1NMV,A,W,L,11,-1,1NMV_A_W11L
1NMV,A,W,L,34,1.19,1NMV_A_W34L
1NMV,A,W,L,73,0.48,1NMV_A_W73L
4Q0M,A,W,F,301,-0.95,4Q0M_A_W301F
4Q0M,A,W,F,60,0.91,4Q0M_A_W60F
1PFL,A,C,G,70,5.15,1PFL_A_C70G
1PFL,A,M,T,113,3.53,1PFL_A_M113T
1PFL,A,E,G,116,-0.15,1PFL_A_E116G
1PFL,A,G,V,117,3.34,1PFL_A_G117V
2WQG,A,Y,F,5,2.4,2WQG_A_Y5F
2WQG,A,S,A,6,-0.1,2WQG_A_S6A
2WQG,A,S,G,6,0.2,2WQG_A_S6G
2WQG,A,L,A,8,2,2WQG_A_L8A
2WQG,A,T,S,9,-0.1,2WQG_A_T9S
2WQG,A,V,A,10,0.1,2WQG_A_V10A
2WQG,A,V,G,10,0.7,2WQG_A_V10G
2WQG,A,V,A,11,-0.4,2WQG_A_V11A
2WQG,A,V,G,11,-0.1,2WQG_A_V11G
2WQG,A,Q,A,12,0.6,2WQG_A_Q12A
2WQG,A,Q,G,12,2,2WQG_A_Q12G
2WQG,A,L,A,13,0.5,2WQG_A_L13A
2WQG,A,K,A,14,0.4,2WQG_A_K14A
2WQG,A,K,G,14,1.9,2WQG_A_K14G
2WQG,A,D,A,15,-0.3,2WQG_A_D15A
2WQG,A,L,A,16,1.3,2WQG_A_L16A
2WQG,A,K,A,19,0.3,2WQG_A_K19A
2WQG,A,S,A,23,0.6,2WQG_A_S23A
2WQG,A,V,A,24,0.5,2WQG_A_V24A
2WQG,A,K,A,28,0.6,2WQG_A_K28A
2WQG,A,Q,A,33,-0.1,2WQG_A_Q33A
2WQG,A,R,A,34,0.8,2WQG_A_R34A
2WQG,A,I,A,36,0.9,2WQG_A_I36A
2WQG,A,I,V,36,0.3,2WQG_A_I36V
2WQG,A,D,A,38,-0.1,2WQG_A_D38A
2WQG,A,D,A,39,2.2,2WQG_A_D39A
2WQG,A,D,N,39,2.6,2WQG_A_D39N
2WQG,A,E,Q,40,0.1,2WQG_A_E40Q
2WQG,A,E,G,41,0.4,2WQG_A_E41G
3DVF,A,Q,Y,96,1.06,3DVF_A_Q96Y
3DVF,A,R,S,65,0.12,3DVF_A_R65S
3DVF,A,H,D,70,1.45,3DVF_A_H70D
3DVF,A,H,Y,32,2.54,3DVF_A_H32Y
2NTE,A,R,C,658,2.3,2NTE_A_R658C
2NTE,A,I,V,738,2,2NTE_A_I738V
3C2I,A,T,M,158,0.25,3C2I_A_T158M
3C2I,A,R,C,133,0.36,3C2I_A_R133C
3C2I,A,R,W,106,0.04,3C2I_A_R106W
3C2I,A,P,R,152,1.46,3C2I_A_P152R
3C2I,A,S,C,134,1.04,3C2I_A_S134C
3C2I,A,R,Q,106,0.12,3C2I_A_R106Q
3C2I,A,D,E,156,0.88,3C2I_A_D156E
3C2I,A,R,H,133,0.23,3C2I_A_R133H
3C2I,A,L,V,100,1.1,3C2I_A_L100V
3C2I,A,F,S,155,0.43,3C2I_A_F155S
3C2I,A,T,A,158,0.47,3C2I_A_T158A
3C2I,A,R,G,111,-0.42,3C2I_A_R111G
2EWN,A,G,A,196,-0.4,2EWN_A_G196A
2EWN,A,E,A,140,0.2,2EWN_A_E140A
2EWN,A,G,A,281,0.2,2EWN_A_G281A
2EWN,A,P,A,143,0.3,2EWN_A_P143A
2EWN,A,D,A,197,0.3,2EWN_A_D197A
2EWN,A,I,A,280,0.3,2EWN_A_I280A
2EWN,A,K,A,283,0.3,2EWN_A_K283A
2EWN,A,T,A,195,0.4,2EWN_A_T195A
2EWN,A,G,A,142,2.95,2EWN_A_G142A
2RPN,A,E,L,7,-1.05,2RPN_A_E7L
2RPN,A,V,K,21,-0.39,2RPN_A_V21K
5CG0,A,L,A,100,-0.81,5CG0_A_L100A
5CG0,A,L,A,350,0.7,5CG0_A_L350A
5CG0,A,L,A,389,-0.67,5CG0_A_L389A
5CG0,A,Y,A,390,0.34,5CG0_A_Y390A
5CG0,A,N,A,391,23.21,5CG0_A_N391A
5CG0,A,S,A,247,0.05,5CG0_A_S247A
5CG0,A,N,A,249,0.94,5CG0_A_N249A
5CG0,A,F,A,251,0.67,5CG0_A_F251A
5CG0,A,F,A,334,1.11,5CG0_A_F334A
5CG0,A,S,A,358,0.63,5CG0_A_S358A
5CG0,A,K,A,366,1.25,5CG0_A_K366A
5CG0,A,Y,A,420,1.42,5CG0_A_Y420A
5CG0,A,D,A,260,0.67,5CG0_A_D260A
5CG0,A,E,A,261,-0.53,5CG0_A_E261A
5CG0,A,M,F,262,-0.53,5CG0_A_M262F
5CG0,A,A,F,263,0.43,5CG0_A_A263F
5CG0,A,E,A,265,-0.43,5CG0_A_E265A
5CG0,A,L,A,335,0.84,5CG0_A_L335A
5CG0,A,V,F,336,2.14,5CG0_A_V336F
5CG0,A,S,F,337,0.75,5CG0_A_S337F
5VP3,A,R,K,39,-0.41,5VP3_A_R39K
5VP3,A,S,G,128,0.38,5VP3_A_S128G
5VP3,A,V,T,183,-0.35,5VP3_A_V183T
1FH5,L,D,N,71,0.14,1FH5_L_D71N
1FH5,L,G,E,58,1.27,1FH5_L_G58E
1FH5,H,S,N,21,-0.6,1FH5_H_S21N
4GWT,A,K,M,6,-0.08,4GWT_A_K6M
4GWT,A,K,V,13,-0.22,4GWT_A_K13V
4GWT,A,K,Y,13,0.67,4GWT_A_K13Y
4GWT,A,R,L,14,0.92,4GWT_A_R14L
4GWT,A,R,H,21,0.74,4GWT_A_R21H
4GWT,A,S,T,38,0.13,4GWT_A_S38T
1XXN,A,N,D,32,0.86,1XXN_A_N32D
1XXN,A,S,E,27,0.64,1XXN_A_S27E
1XXN,A,N,E,54,0.64,1XXN_A_N54E
1XXN,A,S,E,22,-0.24,1XXN_A_S22E
1XXN,A,N,R,181,-0.36,1XXN_A_N181R
2M5S,A,D,A,302,4,2M5S_A_D302A
2M5S,A,H,A,305,2,2M5S_A_H305A
1PFL,A,Q,L,138,-1.82,1PFL_A_Q138L
1PFL,A,A,T,20,1.53,1PFL_A_A20T
1PFL,A,T,M,108,-0.07,1PFL_A_T108M
1G6P,A,L,A,40,3.87,1G6P_A_L40A
1G6P,A,V,A,62,2.91,1G6P_A_V62A
1FKJ,A,D,N,32,-0.08,1FKJ_A_D32N
1FKJ,A,D,S,37,0.44,1FKJ_A_D37S
1FKJ,A,E,Q,31,-0.03,1FKJ_A_E31Q
1FKJ,A,H,N,94,-0.66,1FKJ_A_H94N
1FKJ,A,K,N,105,-0.14,1FKJ_A_K105N
1FKJ,A,K,D,17,1.91,1FKJ_A_K17D
1FKJ,A,K,E,44,-0.13,1FKJ_A_K44E
1FKJ,A,M,R,49,-0.14,1FKJ_A_M49R
1FKJ,A,Q,E,3,0.34,1FKJ_A_Q3E
1FKJ,A,Q,D,70,2.67,1FKJ_A_Q70D
1FKJ,A,R,K,18,-0.2,1FKJ_A_R18K
1FKJ,A,R,A,42,0.64,1FKJ_A_R42A
1FKJ,A,R,K,57,0.3,1FKJ_A_R57K
1FKJ,A,S,E,67,1.55,1FKJ_A_S67E
1FKJ,A,T,K,21,1.27,1FKJ_A_T21K
1FKJ,A,T,D,96,2.92,1FKJ_A_T96D
1X0J,A,D,N,160,4.1,1X0J_A_D160N
1X0J,A,D,Y,160,4.02,1X0J_A_D160Y
1X0J,A,D,N,161,2.21,1X0J_A_D161N
1X0J,A,D,Y,161,3.38,1X0J_A_D161Y
1X0J,A,E,K,140,3.48,1X0J_A_E140K
1X0J,A,R,L,100,5.22,1X0J_A_R100L
1X0J,A,Y,H,153,6.49,1X0J_A_Y153H
2DVV,A,Q,H,443,-0.89,2DVV_A_Q443H
2DVV,A,R,W,419,0.02,2DVV_A_R419W
3S92,A,H,R,395,-2.03,3S92_A_H395R
4BJX,A,A,V,89,-0.99,4BJX_A_A89V
2OUO,A,A,D,420,-0.44,2OUO_A_A420D
4HE7,A,A,D,19,0.24,4HE7_A_A19D
4HE7,A,A,K,19,0.46,4HE7_A_A19K
4HE7,A,A,G,19,-0.06,4HE7_A_A19G
2LSB,A,Q,P,212,1.23,2LSB_A_Q212P
2LSB,A,D,N,178,0.38,2LSB_A_D178N
2LSB,A,P,L,105,0.2,2LSB_A_P105L
2LSB,A,V,I,203,-0.06,2LSB_A_V203I
2H3F,A,E,A,12,-1.07,2H3F_A_E12A
1BTL,A,G,S,234,2.2,1BTL_A_G234S
1BTL,A,M,T,180,-3.5,1BTL_A_M180T
1BTL,A,E,K,102,0.4,1BTL_A_E102K
1BTL,A,A,S,40,-3.5,1BTL_A_A40S
1QGD,A,D,K,143,6.38,1QGD_A_D143K
1QGD,A,H,P,192,0.54,1QGD_A_H192P
1PRG,A,Q,P,286,0.3,1PRG_A_Q286P
1PRG,A,R,H,288,-0.06,1PRG_A_R288H
1PRG,A,V,M,290,-0.03,1PRG_A_V290M
1PRG,A,R,A,357,-0.19,1PRG_A_R357A
1PRG,A,F,L,360,0.4,1PRG_A_F360L
1PRG,A,P,L,467,-0.11,1PRG_A_P467L
1PRG,A,E,K,460,0.17,1PRG_A_E460K
4BUQ,A,Y,A,48,1.44,4BUQ_A_Y48A
4BUQ,A,Y,A,137,-0.89,4BUQ_A_Y137A
1F8I,A,F,A,345,0.41,1F8I_A_F345A
4WAA,A,K,A,49,-0.1,4WAA_A_K49A
4WAA,A,R,A,11,0.44,4WAA_A_R11A
4WAA,A,K,A,51,-0.1,4WAA_A_K51A
1HRC,A,T,V,50,2.01,1HRC_A_T50V
1HRC,A,M,A,81,3.23,1HRC_A_M81A
2IN9,A,V,L,67,-2.5,2IN9_A_V67L
2HBB,A,M,A,1,1.46,2HBB_A_M1A
2HBB,A,V,A,3,2.55,2HBB_A_V3A
2HBB,A,I,V,4,0.59,2HBB_A_I4V
2HBB,A,F,L,5,1.15,2HBB_A_F5L
2HBB,A,L,A,6,3.1,2HBB_A_L6A
2HBB,A,K,M,7,-0.21,2HBB_A_K7M
2HBB,A,D,N,8,0.38,2HBB_A_D8N
2HBB,A,D,A,8,1.3,2HBB_A_D8A
2HBB,A,V,A,9,1.81,2HBB_A_V9A
2HBB,A,K,M,10,-0.47,2HBB_A_K10M
2HBB,A,K,E,10,-0.13,2HBB_A_K10E
2HBB,A,K,M,12,-1.8,2HBB_A_K12M
2HBB,A,K,A,12,-0.61,2HBB_A_K12A
2HBB,A,K,G,12,-0.03,2HBB_A_K12G
2HBB,A,K,M,14,0.34,2HBB_A_K14M
2HBB,A,K,A,14,0.73,2HBB_A_K14A
2HBB,A,K,G,14,1.3,2HBB_A_K14G
2HBB,A,K,M,15,0.44,2HBB_A_K15M
2HBB,A,K,G,15,1.74,2HBB_A_K15G
2HBB,A,E,Q,17,0.33,2HBB_A_E17Q
2HBB,A,E,A,17,1.69,2HBB_A_E17A
2HBB,A,I,V,18,0.07,2HBB_A_I18V
2HBB,A,I,A,18,2.05,2HBB_A_I18A
2HBB,A,V,A,21,2.33,2HBB_A_V21A
2HBB,A,A,G,22,0.32,2HBB_A_A22G
2HBB,A,D,N,23,0.79,2HBB_A_D23N
2HBB,A,D,A,23,0.03,2HBB_A_D23A
2HBB,A,G,A,24,-0.02,2HBB_A_G24A
2HBB,A,A,G,26,1.79,2HBB_A_A26G
2HBB,A,L,A,30,2.76,2HBB_A_L30A
2HBB,A,F,A,31,2.84,2HBB_A_F31A
2HBB,A,G,A,34,1.02,2HBB_A_G34A
2HBB,A,L,A,35,1.21,2HBB_A_L35A
2HBB,A,A,G,36,1.55,2HBB_A_A36G
2HBB,A,I,V,37,-0.09,2HBB_A_I37V
2HBB,A,I,A,37,1.28,2HBB_A_I37A
2HBB,A,E,Q,38,0.68,2HBB_A_E38Q
2HBB,A,E,A,38,0.41,2HBB_A_E38A
2HBB,A,A,G,39,1.59,2HBB_A_A39G
2HBB,A,T,S,40,0.8,2HBB_A_T40S
2HBB,A,A,G,42,0.33,2HBB_A_A42G
2HBB,A,L,A,44,1.73,2HBB_A_L44A
2HBB,A,A,G,46,0.55,2HBB_A_A46G
2HBB,A,L,A,47,0.84,2HBB_A_L47A
2HBB,A,E,Q,48,-0.07,2HBB_A_E48Q
2HBB,A,A,G,49,0.22,2HBB_A_A49G
2HBB,A,I,A,4,1.46,2HBB_A_I4A
1BA3,A,H,D,461,1.74,1BA3_A_H461D
1BA3,A,H,K,489,0.29,1BA3_A_H489K
1BA3,A,H,D,489,-0.29,1BA3_A_H489D
1BA3,A,H,M,489,0.26,1BA3_A_H489M
1IV7,B,C,A,141,-0.5,1IV7_B_C141A
1IV7,B,A,C,173,-0.5,1IV7_B_A173C
1IV7,B,A,C,119,0.7,1IV7_B_A119C
1IV7,B,L,C,162,1.9,1IV7_B_L162C
1IV7,B,F,C,189,2.5,1IV7_B_F189C
1IV7,B,L,A,132,2,1IV7_B_L132A
1HRC,A,L,V,94,2.07,1HRC_A_L94V
1HRC,A,L,I,94,1.68,1HRC_A_L94I
3ZCF,A,Y,H,48,5.56,3ZCF_A_Y48H
3ZCF,A,G,S,41,3.9,3ZCF_A_G41S
1XZO,A,F,W,42,-2.87,1XZO_A_F42W
1XZO,A,W,F,101,2.89,1XZO_A_W101F
1XZO,A,W,A,36,8.93,1XZO_A_W36A
1XZO,A,W,F,36,4.25,1XZO_A_W36F
2JUC,A,R,A,18,1.75,2JUC_A_R18A
2JUC,A,C,D,57,2.55,2JUC_A_C57D
2JUC,A,C,S,57,0.71,2JUC_A_C57S
2KS4,A,E,A,2,-0.23,2KS4_A_E2A
2KS4,A,D,A,9,1.26,2KS4_A_D9A
1GWY,A,A,D,8,-1.6,1GWY_A_A8D
4YEE,A,V,T,134,0.71,4YEE_A_V134T
4YEF,A,T,V,134,0.93,4YEF_A_T134V
1WPQ,A,Q,N,295,2.7,1WPQ_A_Q295N
1WPQ,A,Q,A,295,1.7,1WPQ_A_Q295A
1WPQ,A,Q,S,295,0.6,1WPQ_A_Q295S
1WPQ,A,Q,G,295,0.4,1WPQ_A_Q295G
4NC0,B,T,R,103,-0.73,4NC0_B_T103R
4NC0,B,T,R,56,-0.65,4NC0_B_T56R
4NC0,B,Q,K,101,-0.52,4NC0_B_Q101K
4NC0,B,T,K,103,-0.48,4NC0_B_T103K
4NC0,A,T,R,54,-0.2,4NC0_A_T54R
4NC0,B,T,K,58,-0.19,4NC0_B_T58K
4NC0,B,T,I,56,-0.19,4NC0_B_T56I
4NC0,B,T,M,103,-0.18,4NC0_B_T103M
4NC0,B,N,R,109,-0.17,4NC0_B_N109R
4NC0,B,T,W,103,-0.08,4NC0_B_T103W
4NC0,B,D,R,107,0.01,4NC0_B_D107R
4NC0,B,D,N,107,0.08,4NC0_B_D107N
4NC0,B,E,Q,110,0.34,4NC0_B_E110Q
4NC0,A,T,W,54,0.37,4NC0_A_T54W
4NC0,A,T,Y,54,0.43,4NC0_A_T54Y
4NC0,B,D,Y,107,0.5,4NC0_B_D107Y
4NC0,B,R,W,104,1.27,4NC0_B_R104W
4NC0,A,S,R,53,1.45,4NC0_A_S53R
4NC0,B,Q,L,106,2.04,4NC0_B_Q106L
4NC0,B,Q,W,106,2.55,4NC0_B_Q106W
4NC0,B,Q,Y,106,2.82,4NC0_B_Q106Y
4NC0,B,Q,F,106,3.28,4NC0_B_Q106F
1EY0,A,L,K,36,-7.2,1EY0_A_L36K
1EY0,A,V,E,23,-6.9,1EY0_A_V23E
1EY0,A,L,E,36,-6.4,1EY0_A_L36E
1EY0,A,V,K,23,-7.3,1EY0_A_V23K
2LTB,A,R,Q,533,1.1,2LTB_A_R533Q
2LTB,A,R,Q,555,0.36,2LTB_A_R555Q
2LTB,A,R,W,555,-1.79,2LTB_A_R555W
2LTB,A,M,K,619,3.34,2LTB_A_M619K
2LTB,A,L,R,569,3.11,2LTB_A_L569R
2LTB,A,L,P,558,1.57,2LTB_A_L558P
5TR5,A,P,L,37,0.29,5TR5_A_P37L
5TR5,A,G,R,12,0.31,5TR5_A_G12R
5TR5,A,R,Q,33,0.65,5TR5_A_R33Q
5TR5,A,T,I,55,-0.24,5TR5_A_T55I
5TR5,A,I,A,44,1.15,5TR5_A_I44A
3FFN,A,D,N,187,0.9,3FFN_A_D187N
1SB0,B,S,A,304,-0.16,1SB0_B_S304A
1SB0,B,N,V,307,-0.15,1SB0_B_N307V
1SB0,B,N,A,307,-0.13,1SB0_B_N307A
1SB0,B,G,A,311,-0.04,1SB0_B_G311A
1SB0,B,N,G,307,0.12,1SB0_B_N307G
1SB0,B,E,D,292,0.14,1SB0_B_E292D
1SB0,B,L,A,300,0.17,1SB0_B_L300A
1SB0,B,S,G,304,0.19,1SB0_B_S304G
1SB0,B,K,H,293,0.27,1SB0_B_K293H
1SB0,B,L,V,300,0.3,1SB0_B_L300V
1SB0,B,K,H,296,0.34,1SB0_B_K296H
1SB0,B,N,P,307,0.36,1SB0_B_N307P
1SB0,B,S,V,304,0.64,1SB0_B_S304V
1SB0,B,L,G,300,0.9,1SB0_B_L300G
1SB0,B,S,P,304,1.02,1SB0_B_S304P
1SB0,B,L,P,300,3.6,1SB0_B_L300P
1WPQ,A,R,A,269,-9.1,1WPQ_A_R269A
1WPQ,A,N,A,270,-5.6,1WPQ_A_N270A
4BVM,A,F,A,58,1.91,4BVM_A_F58A
4BVM,A,P,G,39,5.38,4BVM_A_P39G
4BVM,A,I,N,43,7.63,4BVM_A_I43N
4BVM,A,T,P,51,1.51,4BVM_A_T51P
4BVM,A,I,T,52,5.17,4BVM_A_I52T
2JUC,A,K,C,23,-3.31,2JUC_A_K23C
1ABZ,A,L,V,32,4.6,1ABZ_A_L32V
1ABZ,A,L,V,11,1.8,1ABZ_A_L11V
1ABZ,A,E,L,15,0.2,1ABZ_A_E15L
1ABZ,A,E,F,15,-0.2,1ABZ_A_E15F
1ABZ,A,E,L,35,-0.8,1ABZ_A_E35L
1R2Z,unsigned,R,E,54,11.6,1R2Z_unsigned_R54E
1R2Y,unsigned,S,A,208,6,1R2Y_unsigned_S208A
1R2Y,unsigned,E,R,131,-0.4,1R2Y_unsigned_E131R
1R2Y,unsigned,Y,F,170,-2.3,1R2Y_unsigned_Y170F
1R2Y,unsigned,Q,R,234,-4.2,1R2Y_unsigned_Q234R
1R2Y,A,R,E,244,-4.2,1R2Y_A_R244E
2JHO,A,L,A,115,-0.87,2JHO_A_L115A
2JHO,A,L,A,135,-0.84,2JHO_A_L135A
2JHO,A,I,A,111,-0.76,2JHO_A_I111A
2JHO,A,M,A,131,-0.73,2JHO_A_M131A
2JHO,A,F,A,33,-0.65,2JHO_A_F33A
2JHO,A,V,A,10,-0.39,2JHO_A_V10A
2JHO,A,V,A,17,-0.19,2JHO_A_V17A
2JHO,A,L,A,76,-0.01,2JHO_A_L76A
2JHO,A,I,A,28,0.02,2JHO_A_I28A
2JHO,A,F,A,46,0.31,2JHO_A_F46A
2JHO,A,M,A,55,0.33,2JHO_A_M55A
2JHO,A,L,A,69,0.35,2JHO_A_L69A
3MON,A,W,C,3,2.87,3MON_A_W3C
3MON,A,R,G,39,-1.19,3MON_A_R39G
1IV9,A,S,Y,76,-4.3,1IV9_A_S76Y
3GDL,A,S,A,154,5.8,3GDL_A_S154A
3GDL,A,R,A,235,5.6,3GDL_A_R235A
3GDL,A,Y,F,217,2.4,3GDL_A_Y217F
3GDL,A,Q,A,215,2.2,3GDL_A_Q215A
1SS8,A,K,E,4,1.4,1SS8_A_K4E
1SS8,A,D,K,523,1.1,1SS8_A_D523K
1SS8,A,D,C,473,0.1,1SS8_A_D473C
1R6R,A,L,S,50,2.81,1R6R_A_L50S
1R6R,A,L,S,54,0.24,1R6R_A_L54S
1R6R,A,I,N,88,0.13,1R6R_A_I88N
4RE1,A,Y,H,421,2.95,4RE1_A_Y421H
5OAQ,A,Y,H,429,2.99,5OAQ_A_Y429H
3L15,B,Y,H,442,3.23,3L15_B_Y442H
2KIU,A,H,A,520,-12.9,2KIU_A_H520A
4BWQ,unsigned,R,S,153,7.64,4BWQ_unsigned_R153S
4BWQ,unsigned,K,S,192,7.06,4BWQ_unsigned_K192S
1EKG,A,D,G,104,-0.6,1EKG_A_D104G
1EKG,A,A,V,107,0.5,1EKG_A_A107V
1EKG,A,F,L,109,3,1EKG_A_F109L
1EKG,A,Y,S,123,3.9,1EKG_A_Y123S
1EKG,A,S,I,161,2.6,1EKG_A_S161I
1EKG,A,S,F,181,2.6,1EKG_A_S181F
1EKG,A,S,F,202,0.1,1EKG_A_S202F
1PGA,A,M,A,1,-0.14,1PGA_A_M1A
1PGA,A,M,D,1,-0.38,1PGA_A_M1D
1PGA,A,M,E,1,-0.64,1PGA_A_M1E
1PGA,A,M,F,1,-1.14,1PGA_A_M1F
1PGA,A,M,G,1,-0.3,1PGA_A_M1G
1PGA,A,M,H,1,-0.67,1PGA_A_M1H
1PGA,A,M,I,1,-0.43,1PGA_A_M1I
1PGA,A,M,K,1,-0.27,1PGA_A_M1K
1PGA,A,M,L,1,-0.46,1PGA_A_M1L
1PGA,A,T,S,242,-0.01,1PGA_A_T242S
1PGA,A,E,D,245,-0.2,1PGA_A_E245D
1PGA,A,V,T,247,-0.13,1PGA_A_V247T
1PGA,A,D,A,248,1.8,1PGA_A_D248A
1PGA,A,T,S,251,-0.51,1PGA_A_T251S
1PGA,A,E,D,253,0.72,1PGA_A_E253D
1PGA,A,K,I,254,-0.72,1PGA_A_K254I
1PGA,A,V,T,255,-0.41,1PGA_A_V255T
1PGA,A,F,E,256,4,1PGA_A_F256E
1PGA,A,K,I,257,-0.19,1PGA_A_K257I
1PGA,A,Q,P,258,-0.61,1PGA_A_Q258P
1PGA,A,Y,V,259,0.44,1PGA_A_Y259V
1PGA,A,N,M,261,-0.18,1PGA_A_N261M
1PGA,A,D,A,262,-0.4,1PGA_A_D262A
1PGA,A,N,M,263,-0.3,1PGA_A_N263M
1PGA,A,G,F,264,0.2,1PGA_A_G264F
1PGA,A,V,I,265,-0.91,1PGA_A_V265I
1PGA,A,V,T,265,1.28,1PGA_A_V265T
1PGA,A,D,A,266,-0.12,1PGA_A_D266A
1PGA,A,G,F,267,2.32,1PGA_A_G267F
1PGA,A,E,D,268,-0.61,1PGA_A_E268D
1PGA,A,T,S,270,-0.36,1PGA_A_T270S
1PGA,A,Y,A,271,4,1PGA_A_Y271A
1PGA,A,Y,V,271,2.53,1PGA_A_Y271V
1PGA,A,D,A,272,1.83,1PGA_A_D272A
1PGA,A,T,S,275,-0.18,1PGA_A_T275S
1PGA,A,K,I,276,1.52,1PGA_A_K276I
1PGA,A,T,S,277,3.4,1PGA_A_T277S
1PGA,A,F,E,278,4,1PGA_A_F278E
1PGA,A,T,S,279,-0.87,1PGA_A_T279S
1PGA,A,V,T,280,1.68,1PGA_A_V280T
1PGA,A,T,S,281,-0.35,1PGA_A_T281S
1PGA,A,E,Y,282,-0.68,1PGA_A_E282Y
1PGA,A,T,Y,281,0.14,1PGA_A_T281Y
1PGA,A,V,Y,280,1.73,1PGA_A_V280Y
1PGA,A,T,Y,279,-4.29,1PGA_A_T279Y
1PGA,A,F,Y,278,0.34,1PGA_A_F278Y
1PGA,A,T,Y,277,1.64,1PGA_A_T277Y
1PGA,A,K,Y,276,-0.46,1PGA_A_K276Y
1PGA,A,T,Y,275,0.83,1PGA_A_T275Y
1PGA,A,A,Y,274,-0.41,1PGA_A_A274Y
1PGA,A,D,Y,273,-0.35,1PGA_A_D273Y
1PGA,A,T,Y,270,-0.4,1PGA_A_T270Y
1PGA,A,E,Y,268,-0.69,1PGA_A_E268Y
1PGA,A,G,Y,267,2.49,1PGA_A_G267Y
1PGA,A,D,Y,266,-0.84,1PGA_A_D266Y
1PGA,A,V,Y,265,0.42,1PGA_A_V265Y
1PGA,A,G,Y,264,0.43,1PGA_A_G264Y
1PGA,A,N,Y,263,-0.78,1PGA_A_N263Y
1PGA,A,D,Y,262,-0.43,1PGA_A_D262Y
1PGA,A,N,Y,261,-0.93,1PGA_A_N261Y
1PGA,A,A,Y,260,2,1PGA_A_A260Y
1PGA,A,Q,Y,258,0.39,1PGA_A_Q258Y
1PGA,A,K,Y,257,0.48,1PGA_A_K257Y
1PGA,A,F,Y,256,-0.91,1PGA_A_F256Y
1PGA,A,V,Y,255,-0.19,1PGA_A_V255Y
1PGA,A,K,Y,254,-0.25,1PGA_A_K254Y
1PGA,A,E,T,253,1.04,1PGA_A_E253T
1PGA,A,E,V,253,0.91,1PGA_A_E253V
1PGA,A,E,Y,253,-0.26,1PGA_A_E253Y
1PGA,A,A,T,252,4,1PGA_A_A252T
1PGA,A,A,V,252,2.41,1PGA_A_A252V
1PGA,A,A,Y,252,4,1PGA_A_A252Y
1PGA,A,T,V,251,0.1,1PGA_A_T251V
1PGA,A,T,Y,251,-0.1,1PGA_A_T251Y
1PGA,A,A,T,250,-0.23,1PGA_A_A250T
1PGA,A,A,V,250,-0.19,1PGA_A_A250V
1PGA,A,D,T,248,0.44,1PGA_A_D248T
1PGA,A,D,V,248,1.43,1PGA_A_D248V
1PGA,A,D,Y,248,1.17,1PGA_A_D248Y
1PGA,A,V,Y,247,-0.64,1PGA_A_V247Y
1PGA,A,A,T,246,0.95,1PGA_A_A246T
1PGA,A,A,V,246,0.88,1PGA_A_A246V
1PGA,A,A,Y,246,1.94,1PGA_A_A246Y
1PGA,A,E,T,245,-0.65,1PGA_A_E245T
1PGA,A,E,V,245,0.09,1PGA_A_E245V
1PGA,A,E,Y,245,-0.77,1PGA_A_E245Y
1PGA,A,T,V,244,-0.39,1PGA_A_T244V
1PGA,A,T,Y,244,-0.16,1PGA_A_T244Y
1PGA,A,T,Y,243,-0.71,1PGA_A_T243Y
1PGA,A,E,T,241,-0.01,1PGA_A_E241T
1PGA,A,E,V,241,-0.92,1PGA_A_E241V
1PGA,A,E,Y,241,-0.66,1PGA_A_E241Y
1PGA,A,G,T,240,-0.39,1PGA_A_G240T
1PGA,A,G,V,240,-0.52,1PGA_A_G240V
1PGA,A,G,Y,240,-0.24,1PGA_A_G240Y
1PGA,A,K,T,239,-0.25,1PGA_A_K239T
1PGA,A,K,V,239,-0.53,1PGA_A_K239V
1PGA,A,K,Y,239,-0.69,1PGA_A_K239Y
1PGA,A,L,S,238,0.06,1PGA_A_L238S
1PGA,A,L,T,238,-0.42,1PGA_A_L238T
1PGA,A,L,V,238,-0.63,1PGA_A_L238V
1PGA,A,L,Y,238,-1.78,1PGA_A_L238Y
1PGA,A,T,V,237,-0.54,1PGA_A_T237V
1PGA,A,T,Y,237,-0.3,1PGA_A_T237Y
1PGA,A,K,S,236,0.13,1PGA_A_K236S
1PGA,A,K,T,236,-0.2,1PGA_A_K236T
1PGA,A,K,V,236,-0.41,1PGA_A_K236V
1PGA,A,K,Y,236,-0.51,1PGA_A_K236Y
1PGA,A,G,S,235,-0.03,1PGA_A_G235S
1PGA,A,G,T,235,-0.3,1PGA_A_G235T
1PGA,A,G,V,235,0.42,1PGA_A_G235V
1PGA,A,G,Y,235,0.54,1PGA_A_G235Y
1PGA,A,N,S,234,0.04,1PGA_A_N234S
1PGA,A,N,T,234,0.61,1PGA_A_N234T
1PGA,A,N,V,234,-0.13,1PGA_A_N234V
1PGA,A,N,Y,234,-0.21,1PGA_A_N234Y
1PGA,A,L,S,233,1.79,1PGA_A_L233S
1PGA,A,L,T,233,1.14,1PGA_A_L233T
1PGA,A,L,V,233,-0.08,1PGA_A_L233V
1PGA,A,L,Y,233,0.02,1PGA_A_L233Y
1PGA,A,I,S,232,1.38,1PGA_A_I232S
1PGA,A,I,T,232,-2,1PGA_A_I232T
1PGA,A,I,V,232,-2.5,1PGA_A_I232V
1PGA,A,I,Y,232,0.21,1PGA_A_I232Y
1PGA,A,L,S,231,4,1PGA_A_L231S
1PGA,A,L,T,231,4,1PGA_A_L231T
1PGA,A,L,V,231,1.25,1PGA_A_L231V
1PGA,A,L,Y,231,2.76,1PGA_A_L231Y
1PGA,A,K,S,230,-0.18,1PGA_A_K230S
1PGA,A,K,T,230,-0.48,1PGA_A_K230T
1PGA,A,K,V,230,0.27,1PGA_A_K230V
1PGA,A,K,Y,230,-0.82,1PGA_A_K230Y
1PGA,A,T,V,228,-1.31,1PGA_A_T228V
1PGA,A,T,Y,228,-0.15,1PGA_A_T228Y
1PGA,A,M,N,1,-0.43,1PGA_A_M1N
1PGA,A,M,P,1,-0.06,1PGA_A_M1P
1PGA,A,M,Q,1,-0.4,1PGA_A_M1Q
1PGA,A,M,R,1,-0.51,1PGA_A_M1R
1NEY,A,I,A,170,0.6,1NEY_A_I170A
1NEY,A,L,A,230,0.8,1NEY_A_L230A
1NEY,A,K,G,12,3.7,1NEY_A_K12G
1NEY,A,E,A,97,-0.2,1NEY_A_E97A
1NEY,A,E,D,97,-0.1,1NEY_A_E97D
1NEY,A,E,Q,97,-0.1,1NEY_A_E97Q
12CA,A,H,Y,94,1.17,12CA_A_H94Y
12CA,A,G,R,144,0.36,12CA_A_G144R
1EKG,A,L,C,198,1,1EKG_A_L198C
1EKG,A,L,C,200,2,1EKG_A_L200C
1EKG,A,L,C,203,-1,1EKG_A_L203C
2V0U,A,C,A,450,-0.48,2V0U_A_C450A
2JIE,A,N,Y,223,5.73,2JIE_A_N223Y
2JIE,A,E,A,167,4.25,2JIE_A_E167A
2JIE,A,N,R,223,3.98,2JIE_A_N223R
2JIE,A,N,G,223,3.46,2JIE_A_N223G
2JIE,A,T,A,221,3.19,2JIE_A_T221A
2JIE,A,C,A,170,3,2JIE_A_C170A
2JIE,A,W,R,402,2.61,2JIE_A_W402R
2JIE,A,N,H,223,2.58,2JIE_A_N223H
2JIE,A,C,Q,170,2.58,2JIE_A_C170Q
2JIE,A,W,F,123,2.19,2JIE_A_W123F
2JIE,A,H,R,104,1.54,2JIE_A_H104R
2JIE,A,I,E,247,1.24,2JIE_A_I247E
2JIE,A,Y,A,297,1.07,2JIE_A_Y297A
2JIE,A,W,H,123,1.06,2JIE_A_W123H
2JIE,A,I,N,247,0.97,2JIE_A_I247N
2JIE,A,S,A,19,0.95,2JIE_A_S19A
2JIE,A,S,A,403,0.92,2JIE_A_S403A
2JIE,A,E,S,426,0.87,2JIE_A_E426S
2JIE,A,E,A,409,0.82,2JIE_A_E409A
2JIE,A,W,Y,412,0.6,2JIE_A_W412Y
2JIE,A,N,A,407,0.46,2JIE_A_N407A
2JIE,A,L,R,174,0.34,2JIE_A_L174R
2JIE,A,R,D,243,0.21,2JIE_A_R243D
2JIE,A,N,C,407,0.14,2JIE_A_N407C
2JIE,A,N,C,296,-0.02,2JIE_A_N296C
2JIE,A,F,A,418,-0.16,2JIE_A_F418A
2JIE,A,R,A,243,-0.17,2JIE_A_R243A
2JIE,A,Q,S,22,-0.21,2JIE_A_Q22S
2JIE,A,W,C,402,-0.36,2JIE_A_W402C
2JIE,A,N,A,223,-0.67,2JIE_A_N223A
2JIE,A,L,A,174,-0.79,2JIE_A_L174A
2JIE,A,E,D,409,-0.91,2JIE_A_E409D
2JIE,A,W,R,328,-0.95,2JIE_A_W328R
2JIE,A,T,A,18,-0.99,2JIE_A_T18A
2JIE,A,W,A,328,-1.16,2JIE_A_W328A
2JIE,A,S,A,17,-1.25,2JIE_A_S17A
2JIE,A,M,A,326,-1.3,2JIE_A_M326A
2JIE,A,S,A,334,-1.45,2JIE_A_S334A
2JIE,A,R,K,243,-1.46,2JIE_A_R243K
2JIE,A,E,H,225,-1.51,2JIE_A_E225H
2JIE,A,Y,F,297,-1.85,2JIE_A_Y297F
2JIE,A,E,D,157,-2.07,2JIE_A_E157D
2JIE,A,N,A,296,-2.25,2JIE_A_N296A
2JIE,A,W,H,328,-2.57,2JIE_A_W328H
2JIE,A,W,C,328,-2.66,2JIE_A_W328C
2JIE,A,T,A,355,-2.96,2JIE_A_T355A
2JIE,A,N,C,166,-2.96,2JIE_A_N166C
2JIE,A,N,A,166,-3.4,2JIE_A_N166A
2JIE,A,Y,A,21,-3.44,2JIE_A_Y21A
2JIE,A,M,A,224,-4.1,2JIE_A_M224A
2JIE,A,E,A,225,-4.36,2JIE_A_E225A
1HRC,A,L,I,95,1.68,1HRC_A_L95I
1HRC,A,L,V,95,2.38,1HRC_A_L95V
1VII,A,E,Q,45,0.37,1VII_A_E45Q
1VII,A,D,N,46,0.84,1VII_A_D46N
1VII,A,K,M,48,-0.91,1VII_A_K48M
1VII,A,R,K,55,0.36,1VII_A_R55K
1VII,A,K,M,65,-0.65,1VII_A_K65M
1VII,A,K,M,70,-1.15,1VII_A_K70M
1VII,A,K,E,70,0.02,1VII_A_K70E
1VII,A,K,M,71,0.22,1VII_A_K71M
1VII,A,E,Q,72,0.25,1VII_A_E72Q
1VII,A,K,M,73,0.17,1VII_A_K73M
1VII,A,N,A,68,-0.94,1VII_A_N68A
1AJ3,A,Q,G,1862,0.7,1AJ3_A_Q1862G
1AJ3,A,Q,A,1869,-0.5,1AJ3_A_Q1869A
1AJ3,A,Q,G,1869,1.3,1AJ3_A_Q1869G
1PGA,A,T,A,228,0.47,1PGA_A_T228A
1PGA,A,T,D,228,0.55,1PGA_A_T228D
1PGA,A,T,E,228,-0.13,1PGA_A_T228E
1PGA,A,T,F,228,-0.3,1PGA_A_T228F
1PGA,A,T,G,228,0.67,1PGA_A_T228G
1PGA,A,T,H,228,0.13,1PGA_A_T228H
1PGA,A,T,I,228,-1,1PGA_A_T228I
1PGA,A,T,K,228,-0.31,1PGA_A_T228K
1PGA,A,T,L,228,-0.54,1PGA_A_T228L
1PGA,A,T,M,228,-1,1PGA_A_T228M
1PGA,A,T,N,228,0.14,1PGA_A_T228N
1PGA,A,T,P,228,2.7,1PGA_A_T228P
1PGA,A,T,R,228,-0.09,1PGA_A_T228R
1PGA,A,T,S,228,-0.06,1PGA_A_T228S
1PGA,A,Y,A,229,4,1PGA_A_Y229A
1PGA,A,Y,D,229,4,1PGA_A_Y229D
1PGA,A,Y,E,229,4,1PGA_A_Y229E
1PGA,A,Y,F,229,-0.55,1PGA_A_Y229F
1PGA,A,Y,G,229,1.44,1PGA_A_Y229G
1PGA,A,Y,H,229,4,1PGA_A_Y229H
1PGA,A,Y,I,229,3.29,1PGA_A_Y229I
1PGA,A,Y,K,229,-0.88,1PGA_A_Y229K
1PGA,A,Y,L,229,3.31,1PGA_A_Y229L
1PGA,A,Y,M,229,2.6,1PGA_A_Y229M
1PGA,A,Y,N,229,4,1PGA_A_Y229N
1PGA,A,Y,P,229,4,1PGA_A_Y229P
1PGA,A,Y,Q,229,4,1PGA_A_Y229Q
1PGA,A,Y,R,229,1.22,1PGA_A_Y229R
1PGA,A,Y,S,229,4,1PGA_A_Y229S
1PGA,A,Y,T,229,4,1PGA_A_Y229T
1PGA,A,Y,V,229,4,1PGA_A_Y229V
1PGA,A,K,A,230,0.34,1PGA_A_K230A
1PGA,A,K,D,230,2.05,1PGA_A_K230D
1PGA,A,K,E,230,1.36,1PGA_A_K230E
1PGA,A,K,F,230,-1.04,1PGA_A_K230F
1PGA,A,K,G,230,1.23,1PGA_A_K230G
1PGA,A,K,H,230,-0.74,1PGA_A_K230H
1PGA,A,K,I,230,-1.08,1PGA_A_K230I
1PGA,A,L,A,231,2.01,1PGA_A_L231A
1PGA,A,L,D,231,4,1PGA_A_L231D
1PGA,A,L,E,231,4,1PGA_A_L231E
1PGA,A,L,F,231,0.47,1PGA_A_L231F
1PGA,A,L,G,231,4,1PGA_A_L231G
1PGA,A,L,H,231,4,1PGA_A_L231H
1PGA,A,L,I,231,1.34,1PGA_A_L231I
1PGA,A,L,K,231,4,1PGA_A_L231K
1PGA,A,I,A,232,2.1,1PGA_A_I232A
1PGA,A,I,D,232,1.97,1PGA_A_I232D
1PGA,A,I,E,232,1.03,1PGA_A_I232E
1PGA,A,I,F,232,2.1,1PGA_A_I232F
1PGA,A,I,G,232,3.08,1PGA_A_I232G
1PGA,A,I,H,232,1.06,1PGA_A_I232H
1PGA,A,L,A,233,1.9,1PGA_A_L233A
1PGA,A,L,D,233,3.11,1PGA_A_L233D
1PGA,A,L,E,233,2.79,1PGA_A_L233E
1PGA,A,L,F,233,-0.26,1PGA_A_L233F
1PGA,A,L,G,233,4,1PGA_A_L233G
1PGA,A,L,H,233,1.59,1PGA_A_L233H
1PGA,A,L,I,233,-0.97,1PGA_A_L233I
1PGA,A,L,K,233,2.76,1PGA_A_L233K
1PGA,A,N,A,234,0.28,1PGA_A_N234A
1PGA,A,N,D,234,-0.19,1PGA_A_N234D
1PGA,A,N,E,234,0.01,1PGA_A_N234E
1PGA,A,N,F,234,-0.35,1PGA_A_N234F
1PGA,A,N,G,234,0.85,1PGA_A_N234G
1PGA,A,N,H,234,-0.24,1PGA_A_N234H
1PGA,A,N,I,234,-0.56,1PGA_A_N234I
1PGA,A,N,K,234,-0.45,1PGA_A_N234K
1PGA,A,N,L,234,-0.95,1PGA_A_N234L
1PGA,A,N,M,234,-0.37,1PGA_A_N234M
1PGA,A,G,A,235,0.25,1PGA_A_G235A
1PGA,A,G,D,235,2.5,1PGA_A_G235D
1PGA,A,G,E,235,2,1PGA_A_G235E
1PGA,A,G,F,235,0,1PGA_A_G235F
1PGA,A,K,A,236,-0.22,1PGA_A_K236A
1PGA,A,K,D,236,0.5,1PGA_A_K236D
1PGA,A,K,E,236,-0.55,1PGA_A_K236E
1PGA,A,K,F,236,-0.22,1PGA_A_K236F
1PGA,A,K,G,236,0.35,1PGA_A_K236G
1PGA,A,K,H,236,-0.15,1PGA_A_K236H
1PGA,A,K,I,236,-0.56,1PGA_A_K236I
1PGA,A,T,A,237,-0.6,1PGA_A_T237A
1PGA,A,T,D,237,-0.46,1PGA_A_T237D
1PGA,A,T,E,237,-0.46,1PGA_A_T237E
1PGA,A,T,F,237,-0.76,1PGA_A_T237F
1PGA,A,T,G,237,0.01,1PGA_A_T237G
1PGA,A,T,H,237,-0.42,1PGA_A_T237H
1PGA,A,T,I,237,-0.56,1PGA_A_T237I
1PGA,A,T,K,237,-0.35,1PGA_A_T237K
1PGA,A,T,L,237,-0.38,1PGA_A_T237L
1PGA,A,T,M,237,-0.39,1PGA_A_T237M
1PGA,A,T,N,237,-0.17,1PGA_A_T237N
1PGA,A,T,P,237,1.03,1PGA_A_T237P
1PGA,A,T,Q,237,-0.59,1PGA_A_T237Q
1PGA,A,T,R,237,-0.39,1PGA_A_T237R
1PGA,A,T,S,237,-0.3,1PGA_A_T237S
1PGA,A,L,A,238,0.28,1PGA_A_L238A
1PGA,A,L,D,238,0.68,1PGA_A_L238D
1PGA,A,L,E,238,0.25,1PGA_A_L238E
1PGA,A,L,F,238,-1.26,1PGA_A_L238F
1PGA,A,L,G,238,0.28,1PGA_A_L238G
1PGA,A,L,H,238,-0.28,1PGA_A_L238H
1PGA,A,L,I,238,-0.99,1PGA_A_L238I
1PGA,A,L,K,238,-0.6,1PGA_A_L238K
1PGA,A,K,A,239,-0.21,1PGA_A_K239A
1PGA,A,K,D,239,0.45,1PGA_A_K239D
1PGA,A,K,E,239,-0.02,1PGA_A_K239E
1PGA,A,K,F,239,-0.64,1PGA_A_K239F
1PGA,A,K,G,239,0.35,1PGA_A_K239G
1PGA,A,K,H,239,-0.45,1PGA_A_K239H
1PGA,A,K,I,239,-0.23,1PGA_A_K239I
1PGA,A,G,A,240,-0.51,1PGA_A_G240A
1PGA,A,G,D,240,-0.1,1PGA_A_G240D
1PGA,A,G,E,240,-0.53,1PGA_A_G240E
1PGA,A,G,F,240,-0.67,1PGA_A_G240F
1PGA,A,E,A,241,-0.5,1PGA_A_E241A
1PGA,A,E,D,241,0.19,1PGA_A_E241D
1PGA,A,T,A,242,-0.4,1PGA_A_T242A
1PGA,A,T,D,242,1.04,1PGA_A_T242D
1PGA,A,T,E,242,0.23,1PGA_A_T242E
1PGA,A,T,F,242,-1.85,1PGA_A_T242F
1PGA,A,T,G,242,1.21,1PGA_A_T242G
1PGA,A,T,H,242,-0.51,1PGA_A_T242H
1PGA,A,T,I,242,-1.8,1PGA_A_T242I
1PGA,A,T,K,242,-0.32,1PGA_A_T242K
1PGA,A,T,L,242,-2.1,1PGA_A_T242L
1PGA,A,T,M,242,-0.7,1PGA_A_T242M
1PGA,A,T,N,242,0.14,1PGA_A_T242N
1PGA,A,T,P,242,1.99,1PGA_A_T242P
1PGA,A,T,Q,242,-0.33,1PGA_A_T242Q
1PGA,A,T,R,242,-0.55,1PGA_A_T242R
1PGA,A,T,A,243,0.21,1PGA_A_T243A
1PGA,A,T,D,243,0.32,1PGA_A_T243D
1PGA,A,T,E,243,-0.33,1PGA_A_T243E
1PGA,A,T,F,243,-0.68,1PGA_A_T243F
1PGA,A,T,G,243,1.05,1PGA_A_T243G
1PGA,A,T,H,243,0.05,1PGA_A_T243H
1PGA,A,T,I,243,-0.06,1PGA_A_T243I
1PGA,A,T,K,243,0.08,1PGA_A_T243K
1PGA,A,T,L,243,0.07,1PGA_A_T243L
1PGA,A,T,M,243,-0.06,1PGA_A_T243M
1PGA,A,T,N,243,0.13,1PGA_A_T243N
1PGA,A,T,P,243,2.08,1PGA_A_T243P
1PGA,A,T,Q,243,-0.28,1PGA_A_T243Q
1PGA,A,T,R,243,-0.21,1PGA_A_T243R
1PGA,A,T,S,243,-0.39,1PGA_A_T243S
1PGA,A,T,A,244,-0.5,1PGA_A_T244A
1PGA,A,T,D,244,1.79,1PGA_A_T244D
1PGA,A,T,E,244,0.67,1PGA_A_T244E
1PGA,A,T,F,244,-0.56,1PGA_A_T244F
1PGA,A,T,G,244,1.74,1PGA_A_T244G
1PGA,A,T,H,244,0.42,1PGA_A_T244H
1PGA,A,T,I,244,-0.84,1PGA_A_T244I
1PGA,A,T,K,244,0.95,1PGA_A_T244K
1PGA,A,T,L,244,-0.8,1PGA_A_T244L
1PGA,A,T,M,244,-0.62,1PGA_A_T244M
1PGA,A,T,N,244,0.87,1PGA_A_T244N
1PGA,A,T,P,244,4,1PGA_A_T244P
1PGA,A,T,Q,244,0.59,1PGA_A_T244Q
1PGA,A,T,R,244,0.44,1PGA_A_T244R
1PGA,A,T,S,244,0.78,1PGA_A_T244S
1PGA,A,E,A,245,-0.05,1PGA_A_E245A
1PGA,A,V,A,247,-0.42,1PGA_A_V247A
1PGA,A,V,D,247,-0.46,1PGA_A_V247D
1PGA,A,V,E,247,-0.76,1PGA_A_V247E
1PGA,A,V,F,247,-1.1,1PGA_A_V247F
1PGA,A,V,G,247,-0.19,1PGA_A_V247G
1PGA,A,V,H,247,-0.19,1PGA_A_V247H
1PGA,A,V,I,247,-0.54,1PGA_A_V247I
1PGA,A,V,K,247,-0.54,1PGA_A_V247K
1PGA,A,V,L,247,-0.41,1PGA_A_V247L
1PGA,A,V,M,247,-0.52,1PGA_A_V247M
1PGA,A,V,N,247,-0.5,1PGA_A_V247N
1PGA,A,V,P,247,-0.83,1PGA_A_V247P
1PGA,A,V,Q,247,-0.27,1PGA_A_V247Q
1PGA,A,V,R,247,-0.51,1PGA_A_V247R
1PGA,A,V,S,247,-0.44,1PGA_A_V247S
1PGA,A,T,A,251,-0.85,1PGA_A_T251A
1PGA,A,T,D,251,-0.23,1PGA_A_T251D
1PGA,A,T,E,251,-0.62,1PGA_A_T251E
1PGA,A,T,F,251,-0.39,1PGA_A_T251F
1PGA,A,T,G,251,-0.17,1PGA_A_T251G
1PGA,A,T,H,251,-0.67,1PGA_A_T251H
1PGA,A,T,I,251,0.35,1PGA_A_T251I
1PGA,A,T,K,251,0.08,1PGA_A_T251K
1PGA,A,T,L,251,0.06,1PGA_A_T251L
1PGA,A,T,M,251,-0.2,1PGA_A_T251M
1PGA,A,T,N,251,-0.02,1PGA_A_T251N
1PGA,A,T,P,251,2.8,1PGA_A_T251P
1PGA,A,T,Q,251,-0.47,1PGA_A_T251Q
1PGA,A,T,R,251,-0.03,1PGA_A_T251R
1PGA,A,E,A,253,-0.41,1PGA_A_E253A
1PGA,A,K,A,254,-0.57,1PGA_A_K254A
1PGA,A,K,D,254,-0.1,1PGA_A_K254D
1PGA,A,K,E,254,-0.56,1PGA_A_K254E
1PGA,A,K,F,254,-0.27,1PGA_A_K254F
1PGA,A,K,G,254,0.1,1PGA_A_K254G
1PGA,A,K,H,254,-0.07,1PGA_A_K254H
1PGA,A,V,A,255,-0.7,1PGA_A_V255A
1PGA,A,V,D,255,0.22,1PGA_A_V255D
1PGA,A,V,E,255,-0.12,1PGA_A_V255E
1PGA,A,V,F,255,-0.59,1PGA_A_V255F
1PGA,A,V,G,255,0.91,1PGA_A_V255G
1PGA,A,V,H,255,-0.16,1PGA_A_V255H
1PGA,A,V,I,255,-0.68,1PGA_A_V255I
1PGA,A,V,K,255,-0.33,1PGA_A_V255K
1PGA,A,V,L,255,-0.29,1PGA_A_V255L
1PGA,A,V,M,255,-0.14,1PGA_A_V255M
1PGA,A,V,N,255,0.22,1PGA_A_V255N
1PGA,A,V,P,255,3.5,1PGA_A_V255P
1PGA,A,V,Q,255,-0.38,1PGA_A_V255Q
1PGA,A,V,R,255,-0.44,1PGA_A_V255R
1PGA,A,V,S,255,0.17,1PGA_A_V255S
1PGA,A,F,A,256,3.04,1PGA_A_F256A
1PGA,A,F,D,256,0.5,1PGA_A_F256D
1PGA,A,K,A,257,0.44,1PGA_A_K257A
1PGA,A,K,D,257,4,1PGA_A_K257D
1PGA,A,K,E,257,0.78,1PGA_A_K257E
1PGA,A,K,F,257,0.22,1PGA_A_K257F
1PGA,A,K,G,257,2,1PGA_A_K257G
1PGA,A,K,H,257,4,1PGA_A_K257H
1PGA,A,Q,A,258,-0.16,1PGA_A_Q258A
1PGA,A,Q,D,258,-0.05,1PGA_A_Q258D
1PGA,A,Q,E,258,-0.38,1PGA_A_Q258E
1PGA,A,Q,F,258,0.32,1PGA_A_Q258F
1PGA,A,Q,G,258,1,1PGA_A_Q258G
1PGA,A,Q,H,258,0.2,1PGA_A_Q258H
1PGA,A,Q,I,258,-0.11,1PGA_A_Q258I
1PGA,A,Q,K,258,-0.58,1PGA_A_Q258K
1PGA,A,Q,L,258,-0.14,1PGA_A_Q258L
1PGA,A,Q,M,258,-0.5,1PGA_A_Q258M
1PGA,A,Q,N,258,0.01,1PGA_A_Q258N
1PGA,A,Y,A,259,1.77,1PGA_A_Y259A
1PGA,A,Y,D,259,4,1PGA_A_Y259D
1PGA,A,Y,E,259,1.74,1PGA_A_Y259E
1PGA,A,Y,F,259,-0.29,1PGA_A_Y259F
1PGA,A,Y,G,259,3.46,1PGA_A_Y259G
1PGA,A,Y,H,259,1.44,1PGA_A_Y259H
1PGA,A,Y,I,259,0.14,1PGA_A_Y259I
1PGA,A,Y,K,259,1.53,1PGA_A_Y259K
1PGA,A,Y,L,259,0.72,1PGA_A_Y259L
1PGA,A,Y,M,259,0.6,1PGA_A_Y259M
1PGA,A,Y,N,259,1.95,1PGA_A_Y259N
1PGA,A,Y,P,259,4,1PGA_A_Y259P
1PGA,A,Y,Q,259,1.34,1PGA_A_Y259Q
1PGA,A,Y,R,259,1.72,1PGA_A_Y259R
1PGA,A,Y,S,259,2.09,1PGA_A_Y259S
1PGA,A,Y,T,259,1.64,1PGA_A_Y259T
1PGA,A,N,A,261,-0.59,1PGA_A_N261A
1PGA,A,N,D,261,-0.16,1PGA_A_N261D
1PGA,A,N,E,261,-0.75,1PGA_A_N261E
1PGA,A,N,F,261,-1,1PGA_A_N261F
1PGA,A,N,G,261,-2.5,1PGA_A_N261G
1PGA,A,N,H,261,-0.04,1PGA_A_N261H
1PGA,A,N,I,261,-0.68,1PGA_A_N261I
1PGA,A,N,K,261,-1.04,1PGA_A_N261K
1PGA,A,N,L,261,-0.85,1PGA_A_N261L
1PGA,A,N,A,263,-0.36,1PGA_A_N263A
1PGA,A,N,D,263,1.12,1PGA_A_N263D
1PGA,A,N,E,263,0,1PGA_A_N263E
1PGA,A,N,F,263,-1.01,1PGA_A_N263F
1PGA,A,N,G,263,0.94,1PGA_A_N263G
1PGA,A,N,H,263,-0.7,1PGA_A_N263H
1PGA,A,N,I,263,-0.57,1PGA_A_N263I
1PGA,A,N,K,263,-1.02,1PGA_A_N263K
1PGA,A,N,L,263,-0.95,1PGA_A_N263L
1PGA,A,G,A,264,0.29,1PGA_A_G264A
1PGA,A,G,D,264,-0.05,1PGA_A_G264D
1PGA,A,G,E,264,0.13,1PGA_A_G264E
1PGA,A,V,A,265,1.7,1PGA_A_V265A
1PGA,A,V,D,265,3.41,1PGA_A_V265D
1PGA,A,V,E,265,0.27,1PGA_A_V265E
1PGA,A,V,F,265,-0.67,1PGA_A_V265F
1PGA,A,V,G,265,2.29,1PGA_A_V265G
1PGA,A,V,H,265,1.57,1PGA_A_V265H
1PGA,A,V,K,265,1.96,1PGA_A_V265K
1PGA,A,V,L,265,-0.27,1PGA_A_V265L
1PGA,A,V,M,265,0.27,1PGA_A_V265M
1PGA,A,V,N,265,4,1PGA_A_V265N
1PGA,A,V,P,265,2.31,1PGA_A_V265P
1PGA,A,V,Q,265,1.52,1PGA_A_V265Q
1PGA,A,V,R,265,2.04,1PGA_A_V265R
1PGA,A,V,S,265,1.7,1PGA_A_V265S
1PGA,A,G,A,267,-2.8,1PGA_A_G267A
1PGA,A,G,D,267,4,1PGA_A_G267D
1PGA,A,G,E,267,4,1PGA_A_G267E
1PGA,A,E,A,268,-0.68,1PGA_A_E268A
1PGA,A,T,A,270,-0.4,1PGA_A_T270A
1PGA,A,T,D,270,0.06,1PGA_A_T270D
1PGA,A,T,E,270,-0.27,1PGA_A_T270E
1PGA,A,T,F,270,-0.09,1PGA_A_T270F
1PGA,A,T,G,270,0.18,1PGA_A_T270G
1PGA,A,T,H,270,-0.31,1PGA_A_T270H
1PGA,A,T,I,270,-0.52,1PGA_A_T270I
1PGA,A,T,K,270,-0.21,1PGA_A_T270K
1PGA,A,T,L,270,-0.07,1PGA_A_T270L
1PGA,A,T,M,270,0.11,1PGA_A_T270M
1PGA,A,T,N,270,0,1PGA_A_T270N
1PGA,A,T,P,270,4,1PGA_A_T270P
1PGA,A,T,Q,270,-0.22,1PGA_A_T270Q
1PGA,A,T,R,270,-0.11,1PGA_A_T270R
1PGA,A,Y,D,271,1.05,1PGA_A_Y271D
1PGA,A,Y,E,271,4,1PGA_A_Y271E
1PGA,A,Y,F,271,0.05,1PGA_A_Y271F
1PGA,A,Y,G,271,4,1PGA_A_Y271G
1PGA,A,Y,H,271,4,1PGA_A_Y271H
1PGA,A,Y,I,271,2.24,1PGA_A_Y271I
1PGA,A,Y,K,271,3.12,1PGA_A_Y271K
1PGA,A,Y,L,271,3.3,1PGA_A_Y271L
1PGA,A,Y,M,271,2.49,1PGA_A_Y271M
1PGA,A,Y,N,271,4,1PGA_A_Y271N
1PGA,A,Y,P,271,4,1PGA_A_Y271P
1PGA,A,Y,Q,271,4,1PGA_A_Y271Q
1PGA,A,Y,R,271,2.22,1PGA_A_Y271R
1PGA,A,Y,S,271,2.97,1PGA_A_Y271S
1PGA,A,Y,T,271,4,1PGA_A_Y271T
1PGA,A,D,A,273,-0.5,1PGA_A_D273A
1PGA,A,T,A,275,0.86,1PGA_A_T275A
1PGA,A,T,D,275,0.84,1PGA_A_T275D
1PGA,A,T,E,275,0.35,1PGA_A_T275E
1PGA,A,T,F,275,0.69,1PGA_A_T275F
1PGA,A,T,G,275,0.91,1PGA_A_T275G
1PGA,A,T,H,275,0.47,1PGA_A_T275H
1PGA,A,T,I,275,0.33,1PGA_A_T275I
1PGA,A,T,K,275,0.03,1PGA_A_T275K
1PGA,A,T,L,275,-0.21,1PGA_A_T275L
1PGA,A,T,M,275,0.45,1PGA_A_T275M
1PGA,A,T,N,275,-0.07,1PGA_A_T275N
1PGA,A,T,P,275,4,1PGA_A_T275P
1PGA,A,T,Q,275,0.39,1PGA_A_T275Q
1PGA,A,T,R,275,0.47,1PGA_A_T275R
1PGA,A,K,A,276,0.45,1PGA_A_K276A
1PGA,A,K,D,276,1.33,1PGA_A_K276D
1PGA,A,K,E,276,1.09,1PGA_A_K276E
1PGA,A,K,F,276,-0.34,1PGA_A_K276F
1PGA,A,K,G,276,0.23,1PGA_A_K276G
1PGA,A,K,H,276,-0.82,1PGA_A_K276H
1PGA,A,T,A,277,1.9,1PGA_A_T277A
1PGA,A,T,D,277,3.31,1PGA_A_T277D
1PGA,A,T,E,277,0.76,1PGA_A_T277E
1PGA,A,T,F,277,4,1PGA_A_T277F
1PGA,A,T,G,277,2.48,1PGA_A_T277G
1PGA,A,T,H,277,2.16,1PGA_A_T277H
1PGA,A,T,I,277,0.3,1PGA_A_T277I
1PGA,A,T,K,277,1.38,1PGA_A_T277K
1PGA,A,T,L,277,1.05,1PGA_A_T277L
1PGA,A,T,M,277,0.98,1PGA_A_T277M
1PGA,A,T,N,277,2.19,1PGA_A_T277N
1PGA,A,T,P,277,4,1PGA_A_T277P
1PGA,A,T,Q,277,1.03,1PGA_A_T277Q
1PGA,A,T,R,277,1.85,1PGA_A_T277R
1PGA,A,F,A,278,4,1PGA_A_F278A
1PGA,A,F,D,278,4,1PGA_A_F278D
1PGA,A,T,A,279,-1.9,1PGA_A_T279A
1PGA,A,T,D,279,2.2,1PGA_A_T279D
1PGA,A,T,E,279,-1.1,1PGA_A_T279E
1PGA,A,T,F,279,-4.61,1PGA_A_T279F
1PGA,A,T,G,279,4,1PGA_A_T279G
1PGA,A,T,H,279,-1,1PGA_A_T279H
1PGA,A,T,I,279,-3.81,1PGA_A_T279I
1PGA,A,T,K,279,-1,1PGA_A_T279K
1PGA,A,T,L,279,-0.9,1PGA_A_T279L
1PGA,A,T,M,279,-0.9,1PGA_A_T279M
1PGA,A,T,N,279,-0.8,1PGA_A_T279N
1PGA,A,T,P,279,4,1PGA_A_T279P
1PGA,A,T,Q,279,-1,1PGA_A_T279Q
1PGA,A,T,R,279,-1,1PGA_A_T279R
1PGA,A,V,A,280,2.9,1PGA_A_V280A
1PGA,A,V,D,280,2.67,1PGA_A_V280D
1PGA,A,V,E,280,4,1PGA_A_V280E
1PGA,A,V,F,280,1.64,1PGA_A_V280F
1PGA,A,V,G,280,4,1PGA_A_V280G
1PGA,A,V,H,280,4,1PGA_A_V280H
1PGA,A,V,I,280,-0.26,1PGA_A_V280I
1PGA,A,V,K,280,4,1PGA_A_V280K
1PGA,A,V,L,280,0.08,1PGA_A_V280L
1PGA,A,V,M,280,0.68,1PGA_A_V280M
1PGA,A,V,N,280,4,1PGA_A_V280N
1PGA,A,V,P,280,-0.42,1PGA_A_V280P
1PGA,A,V,Q,280,2.91,1PGA_A_V280Q
1PGA,A,V,R,280,4,1PGA_A_V280R
1PGA,A,V,S,280,1.54,1PGA_A_V280S
1PGA,A,T,A,281,0.7,1PGA_A_T281A
1PGA,A,T,D,281,0.33,1PGA_A_T281D
1PGA,A,T,E,281,0.36,1PGA_A_T281E
1PGA,A,T,F,281,0.19,1PGA_A_T281F
1PGA,A,T,G,281,0.98,1PGA_A_T281G
1PGA,A,T,H,281,0.66,1PGA_A_T281H
1PGA,A,T,I,281,0.24,1PGA_A_T281I
1PGA,A,T,K,281,0.64,1PGA_A_T281K
1PGA,A,T,L,281,0.3,1PGA_A_T281L
1PGA,A,T,M,281,0.48,1PGA_A_T281M
1PGA,A,T,N,281,-0.34,1PGA_A_T281N
1PGA,A,T,P,281,4,1PGA_A_T281P
1PGA,A,T,Q,281,0.04,1PGA_A_T281Q
1PGA,A,T,R,281,0.13,1PGA_A_T281R
1PGA,A,E,A,282,0.18,1PGA_A_E282A
1PGA,A,E,D,282,0.1,1PGA_A_E282D
1PGA,A,E,F,282,-1.03,1PGA_A_E282F
1PGA,A,E,G,282,0.32,1PGA_A_E282G
1PGA,A,E,H,282,1.06,1PGA_A_E282H
1PGA,A,E,I,282,-0.02,1PGA_A_E282I
1PGA,A,E,K,282,1.04,1PGA_A_E282K
1PGA,A,E,L,282,0.14,1PGA_A_E282L
1PGA,A,E,M,282,0.29,1PGA_A_E282M
1PGA,A,E,N,282,-0.13,1PGA_A_E282N
1PGA,A,E,P,282,0.66,1PGA_A_E282P
1PGA,A,E,Q,282,-0.21,1PGA_A_E282Q
1PGA,A,E,R,282,1.34,1PGA_A_E282R
1PGA,A,E,S,282,0.17,1PGA_A_E282S
1PGA,A,E,T,282,0.2,1PGA_A_E282T
1PGA,A,E,V,282,0.25,1PGA_A_E282V
1PGA,A,T,V,281,0.23,1PGA_A_T281V
1PGA,A,T,V,279,-3.38,1PGA_A_T279V
1PGA,A,F,G,278,4,1PGA_A_F278G
1PGA,A,F,H,278,2.66,1PGA_A_F278H
1PGA,A,F,I,278,0.24,1PGA_A_F278I
1PGA,A,F,K,278,4,1PGA_A_F278K
1PGA,A,F,L,278,3.5,1PGA_A_F278L
1PGA,A,F,M,278,2.71,1PGA_A_F278M
1PGA,A,F,N,278,4,1PGA_A_F278N
1PGA,A,F,P,278,1.72,1PGA_A_F278P
1PGA,A,F,Q,278,4,1PGA_A_F278Q
1PGA,A,F,R,278,4,1PGA_A_F278R
1PGA,A,F,S,278,4,1PGA_A_F278S
1PGA,A,F,T,278,4,1PGA_A_F278T
1PGA,A,F,V,278,2.99,1PGA_A_F278V
1PGA,A,T,V,277,0.5,1PGA_A_T277V
1PGA,A,K,L,276,-0.55,1PGA_A_K276L
1PGA,A,K,M,276,0.05,1PGA_A_K276M
1PGA,A,K,N,276,-0.38,1PGA_A_K276N
1PGA,A,K,P,276,4,1PGA_A_K276P
1PGA,A,K,Q,276,-1.17,1PGA_A_K276Q
1PGA,A,K,R,276,-0.76,1PGA_A_K276R
1PGA,A,K,S,276,0.29,1PGA_A_K276S
1PGA,A,K,T,276,1.17,1PGA_A_K276T
1PGA,A,K,V,276,1.35,1PGA_A_K276V
1PGA,A,T,V,275,0.5,1PGA_A_T275V
1PGA,A,A,D,274,-0.35,1PGA_A_A274D
1PGA,A,A,E,274,-0.46,1PGA_A_A274E
1PGA,A,A,F,274,0,1PGA_A_A274F
1PGA,A,A,G,274,0.12,1PGA_A_A274G
1PGA,A,A,H,274,0.08,1PGA_A_A274H
1PGA,A,A,I,274,-0.07,1PGA_A_A274I
1PGA,A,A,K,274,-0.5,1PGA_A_A274K
1PGA,A,A,L,274,-0.51,1PGA_A_A274L
1PGA,A,A,M,274,0.04,1PGA_A_A274M
1PGA,A,A,N,274,-0.13,1PGA_A_A274N
1PGA,A,A,P,274,0.7,1PGA_A_A274P
1PGA,A,A,Q,274,-0.54,1PGA_A_A274Q
1PGA,A,A,R,274,-0.12,1PGA_A_A274R
1PGA,A,A,S,274,-0.29,1PGA_A_A274S
1PGA,A,A,T,274,-0.16,1PGA_A_A274T
1PGA,A,A,V,274,-0.33,1PGA_A_A274V
1PGA,A,D,E,273,-0.69,1PGA_A_D273E
1PGA,A,D,F,273,-0.58,1PGA_A_D273F
1PGA,A,D,G,273,-0.25,1PGA_A_D273G
1PGA,A,D,H,273,0.17,1PGA_A_D273H
1PGA,A,D,I,273,-0.74,1PGA_A_D273I
1PGA,A,D,K,273,-0.33,1PGA_A_D273K
1PGA,A,D,L,273,0.33,1PGA_A_D273L
1PGA,A,D,M,273,0.75,1PGA_A_D273M
1PGA,A,D,N,273,-0.35,1PGA_A_D273N
1PGA,A,D,P,273,-0.9,1PGA_A_D273P
1PGA,A,D,Q,273,-0.58,1PGA_A_D273Q
1PGA,A,D,R,273,-0.18,1PGA_A_D273R
1PGA,A,D,S,273,-0.46,1PGA_A_D273S
1PGA,A,D,T,273,0.07,1PGA_A_D273T
1PGA,A,D,V,273,0.01,1PGA_A_D273V
1PGA,A,D,E,272,0.05,1PGA_A_D272E
1PGA,A,D,F,272,0.52,1PGA_A_D272F
1PGA,A,D,G,272,2.67,1PGA_A_D272G
1PGA,A,D,H,272,0.84,1PGA_A_D272H
1PGA,A,D,I,272,0.57,1PGA_A_D272I
1PGA,A,D,K,272,0.61,1PGA_A_D272K
1PGA,A,D,L,272,0.53,1PGA_A_D272L
1PGA,A,D,M,272,0.84,1PGA_A_D272M
1PGA,A,D,N,272,-0.47,1PGA_A_D272N
1PGA,A,D,P,272,4,1PGA_A_D272P
1PGA,A,D,Q,272,0.38,1PGA_A_D272Q
1PGA,A,D,R,272,1.72,1PGA_A_D272R
1PGA,A,D,S,272,0.2,1PGA_A_D272S
1PGA,A,D,T,272,0.8,1PGA_A_D272T
1PGA,A,D,V,272,0.51,1PGA_A_D272V
1PGA,A,D,Y,272,1.31,1PGA_A_D272Y
1PGA,A,T,V,270,0.1,1PGA_A_T270V
1PGA,A,E,F,268,-0.63,1PGA_A_E268F
1PGA,A,E,G,268,0.88,1PGA_A_E268G
1PGA,A,E,H,268,-0.03,1PGA_A_E268H
1PGA,A,E,I,268,-1.19,1PGA_A_E268I
1PGA,A,E,K,268,-0.65,1PGA_A_E268K
1PGA,A,E,L,268,-0.61,1PGA_A_E268L
1PGA,A,E,M,268,-0.42,1PGA_A_E268M
1PGA,A,E,N,268,-0.25,1PGA_A_E268N
1PGA,A,E,P,268,1.26,1PGA_A_E268P
1PGA,A,E,Q,268,-0.71,1PGA_A_E268Q
1PGA,A,E,R,268,-0.55,1PGA_A_E268R
1PGA,A,E,S,268,-0.01,1PGA_A_E268S
1PGA,A,E,T,268,-0.13,1PGA_A_E268T
1PGA,A,E,V,268,-0.28,1PGA_A_E268V
1PGA,A,G,H,267,4,1PGA_A_G267H
1PGA,A,G,I,267,-0.58,1PGA_A_G267I
1PGA,A,G,K,267,2.41,1PGA_A_G267K
1PGA,A,G,L,267,4,1PGA_A_G267L
1PGA,A,G,M,267,-0.19,1PGA_A_G267M
1PGA,A,G,N,267,4,1PGA_A_G267N
1PGA,A,G,P,267,4,1PGA_A_G267P
1PGA,A,G,Q,267,4,1PGA_A_G267Q
1PGA,A,G,R,267,-0.43,1PGA_A_G267R
1PGA,A,G,S,267,4,1PGA_A_G267S
1PGA,A,G,T,267,4,1PGA_A_G267T
1PGA,A,G,V,267,4,1PGA_A_G267V
1PGA,A,D,E,266,-0.5,1PGA_A_D266E
1PGA,A,D,F,266,-0.82,1PGA_A_D266F
1PGA,A,D,G,266,0.16,1PGA_A_D266G
1PGA,A,D,H,266,4,1PGA_A_D266H
1PGA,A,D,I,266,-0.59,1PGA_A_D266I
1PGA,A,D,K,266,-0.55,1PGA_A_D266K
1PGA,A,D,L,266,-0.17,1PGA_A_D266L
1PGA,A,D,M,266,-0.46,1PGA_A_D266M
1PGA,A,D,N,266,-0.67,1PGA_A_D266N
1PGA,A,D,P,266,1.72,1PGA_A_D266P
1PGA,A,D,Q,266,-0.72,1PGA_A_D266Q
1PGA,A,D,R,266,-0.55,1PGA_A_D266R
1PGA,A,D,S,266,-0.56,1PGA_A_D266S
1PGA,A,D,T,266,-0.57,1PGA_A_D266T
1PGA,A,D,V,266,-0.59,1PGA_A_D266V
1PGA,A,G,H,264,-0.5,1PGA_A_G264H
1PGA,A,G,I,264,1.44,1PGA_A_G264I
1PGA,A,G,K,264,-0.29,1PGA_A_G264K
1PGA,A,G,L,264,-0.04,1PGA_A_G264L
1PGA,A,G,M,264,0.47,1PGA_A_G264M
1PGA,A,G,N,264,-0.3,1PGA_A_G264N
1PGA,A,G,P,264,2.74,1PGA_A_G264P
1PGA,A,G,Q,264,-0.19,1PGA_A_G264Q
1PGA,A,G,R,264,0.42,1PGA_A_G264R
1PGA,A,G,S,264,0.17,1PGA_A_G264S
1PGA,A,G,T,264,1.01,1PGA_A_G264T
1PGA,A,G,V,264,1.31,1PGA_A_G264V
1PGA,A,N,P,263,3.69,1PGA_A_N263P
1PGA,A,N,Q,263,-0.94,1PGA_A_N263Q
1PGA,A,N,R,263,-0.42,1PGA_A_N263R
1PGA,A,N,S,263,-0.22,1PGA_A_N263S
1PGA,A,N,T,263,-0.08,1PGA_A_N263T
1PGA,A,N,V,263,-0.48,1PGA_A_N263V
1PGA,A,D,E,262,-1.05,1PGA_A_D262E
1PGA,A,D,F,262,0.06,1PGA_A_D262F
1PGA,A,D,G,262,0.95,1PGA_A_D262G
1PGA,A,D,H,262,0.09,1PGA_A_D262H
1PGA,A,D,I,262,-0.28,1PGA_A_D262I
1PGA,A,D,K,262,-0.2,1PGA_A_D262K
1PGA,A,D,L,262,-0.29,1PGA_A_D262L
1PGA,A,D,M,262,-0.5,1PGA_A_D262M
1PGA,A,D,N,262,-0.49,1PGA_A_D262N
1PGA,A,D,P,262,3.1,1PGA_A_D262P
1PGA,A,D,Q,262,-0.41,1PGA_A_D262Q
1PGA,A,D,R,262,-0.41,1PGA_A_D262R
1PGA,A,D,S,262,-0.46,1PGA_A_D262S
1PGA,A,D,T,262,0.2,1PGA_A_D262T
1PGA,A,D,V,262,-0.3,1PGA_A_D262V
1PGA,A,N,P,261,4,1PGA_A_N261P
1PGA,A,N,Q,261,-0.84,1PGA_A_N261Q
1PGA,A,N,R,261,-0.33,1PGA_A_N261R
1PGA,A,N,S,261,-0.76,1PGA_A_N261S
1PGA,A,N,T,261,-0.48,1PGA_A_N261T
1PGA,A,N,V,261,-0.42,1PGA_A_N261V
1PGA,A,A,D,260,4,1PGA_A_A260D
1PGA,A,A,E,260,2.6,1PGA_A_A260E
1PGA,A,A,F,260,1.85,1PGA_A_A260F
1PGA,A,A,G,260,2.5,1PGA_A_A260G
1PGA,A,A,H,260,3.19,1PGA_A_A260H
1PGA,A,A,I,260,0.67,1PGA_A_A260I
1PGA,A,A,K,260,2.81,1PGA_A_A260K
1PGA,A,A,L,260,-0.11,1PGA_A_A260L
1PGA,A,A,M,260,0.45,1PGA_A_A260M
1PGA,A,A,N,260,1.46,1PGA_A_A260N
1PGA,A,A,P,260,4,1PGA_A_A260P
1PGA,A,A,Q,260,2.33,1PGA_A_A260Q
1PGA,A,A,R,260,2.93,1PGA_A_A260R
1PGA,A,A,S,260,0.53,1PGA_A_A260S
1PGA,A,A,T,260,0.38,1PGA_A_A260T
1PGA,A,A,V,260,-0.02,1PGA_A_A260V
1PGA,A,Q,R,258,-0.39,1PGA_A_Q258R
1PGA,A,Q,S,258,-0.2,1PGA_A_Q258S
1PGA,A,Q,T,258,-0.32,1PGA_A_Q258T
1PGA,A,Q,V,258,0.13,1PGA_A_Q258V
1PGA,A,K,L,257,-0.17,1PGA_A_K257L
1PGA,A,K,M,257,-0.39,1PGA_A_K257M
1PGA,A,K,N,257,0.58,1PGA_A_K257N
1PGA,A,K,P,257,4,1PGA_A_K257P
1PGA,A,K,Q,257,-0.45,1PGA_A_K257Q
1PGA,A,K,R,257,4,1PGA_A_K257R
1PGA,A,K,S,257,0.72,1PGA_A_K257S
1PGA,A,K,T,257,0.48,1PGA_A_K257T
1PGA,A,K,V,257,-0.19,1PGA_A_K257V
1PGA,A,F,G,256,4,1PGA_A_F256G
1PGA,A,F,H,256,4,1PGA_A_F256H
1PGA,A,F,I,256,4,1PGA_A_F256I
1PGA,A,F,K,256,4,1PGA_A_F256K
1PGA,A,F,L,256,1.4,1PGA_A_F256L
1PGA,A,F,M,256,1.66,1PGA_A_F256M
1PGA,A,F,N,256,4,1PGA_A_F256N
1PGA,A,F,P,256,4,1PGA_A_F256P
1PGA,A,F,Q,256,4,1PGA_A_F256Q
1PGA,A,F,R,256,0.28,1PGA_A_F256R
1PGA,A,F,S,256,4,1PGA_A_F256S
1PGA,A,F,T,256,4,1PGA_A_F256T
1PGA,A,F,V,256,2.53,1PGA_A_F256V
1PGA,A,K,L,254,-0.31,1PGA_A_K254L
1PGA,A,K,M,254,-0.58,1PGA_A_K254M
1PGA,A,K,N,254,-0.44,1PGA_A_K254N
1PGA,A,K,P,254,1.23,1PGA_A_K254P
1PGA,A,K,Q,254,-0.61,1PGA_A_K254Q
1PGA,A,K,R,254,-0.91,1PGA_A_K254R
1PGA,A,K,S,254,-0.36,1PGA_A_K254S
1PGA,A,K,T,254,-0.19,1PGA_A_K254T
1PGA,A,K,V,254,-0.23,1PGA_A_K254V
1PGA,A,E,F,253,-1.92,1PGA_A_E253F
1PGA,A,E,G,253,-0.01,1PGA_A_E253G
1PGA,A,E,H,253,4,1PGA_A_E253H
1PGA,A,E,I,253,-0.1,1PGA_A_E253I
1PGA,A,E,K,253,-0.83,1PGA_A_E253K
1PGA,A,E,L,253,-1.82,1PGA_A_E253L
1PGA,A,E,M,253,-0.93,1PGA_A_E253M
1PGA,A,E,N,253,1.64,1PGA_A_E253N
1PGA,A,E,P,253,4,1PGA_A_E253P
1PGA,A,E,Q,253,-0.44,1PGA_A_E253Q
1PGA,A,E,R,253,-0.44,1PGA_A_E253R
1PGA,A,E,S,253,0.36,1PGA_A_E253S
1PGA,A,A,D,252,4,1PGA_A_A252D
1PGA,A,A,E,252,4,1PGA_A_A252E
1PGA,A,A,F,252,4,1PGA_A_A252F
1PGA,A,A,G,252,4,1PGA_A_A252G
1PGA,A,A,H,252,4,1PGA_A_A252H
1PGA,A,A,I,252,4,1PGA_A_A252I
1PGA,A,A,K,252,4,1PGA_A_A252K
1PGA,A,A,L,252,4,1PGA_A_A252L
1PGA,A,A,M,252,4,1PGA_A_A252M
1PGA,A,A,N,252,4,1PGA_A_A252N
1PGA,A,A,Q,252,4,1PGA_A_A252Q
1PGA,A,A,R,252,4,1PGA_A_A252R
1PGA,A,A,S,252,2.33,1PGA_A_A252S
1PGA,A,A,D,250,-0.27,1PGA_A_A250D
1PGA,A,A,E,250,-0.67,1PGA_A_A250E
1PGA,A,A,F,250,-0.62,1PGA_A_A250F
1PGA,A,A,G,250,-0.15,1PGA_A_A250G
1PGA,A,A,H,250,0.39,1PGA_A_A250H
1PGA,A,A,I,250,-0.55,1PGA_A_A250I
1PGA,A,A,K,250,-0.78,1PGA_A_A250K
1PGA,A,A,L,250,-0.27,1PGA_A_A250L
1PGA,A,A,M,250,-0.41,1PGA_A_A250M
1PGA,A,A,N,250,0.24,1PGA_A_A250N
1PGA,A,A,P,250,0.5,1PGA_A_A250P
1PGA,A,A,Q,250,-0.05,1PGA_A_A250Q
1PGA,A,A,R,250,-0.54,1PGA_A_A250R
1PGA,A,A,S,250,-0.22,1PGA_A_A250S
1PGA,A,A,Y,250,-0.44,1PGA_A_A250Y
1PGA,A,A,D,249,0.44,1PGA_A_A249D
1PGA,A,A,E,249,-0.04,1PGA_A_A249E
1PGA,A,A,F,249,-0.59,1PGA_A_A249F
1PGA,A,A,G,249,0.83,1PGA_A_A249G
1PGA,A,A,H,249,0.2,1PGA_A_A249H
1PGA,A,A,I,249,-0.56,1PGA_A_A249I
1PGA,A,A,K,249,-0.48,1PGA_A_A249K
1PGA,A,A,L,249,-0.22,1PGA_A_A249L
1PGA,A,A,M,249,-0.51,1PGA_A_A249M
1PGA,A,A,N,249,0.19,1PGA_A_A249N
1PGA,A,A,P,249,0.3,1PGA_A_A249P
1PGA,A,A,Q,249,-0.8,1PGA_A_A249Q
1PGA,A,A,R,249,-0.59,1PGA_A_A249R
1PGA,A,A,S,249,-0.16,1PGA_A_A249S
1PGA,A,A,T,249,-0.32,1PGA_A_A249T
1PGA,A,A,V,249,-0.38,1PGA_A_A249V
1PGA,A,A,Y,249,-0.38,1PGA_A_A249Y
1PGA,A,D,E,248,0.82,1PGA_A_D248E
1PGA,A,D,F,248,1.08,1PGA_A_D248F
1PGA,A,D,H,248,0.99,1PGA_A_D248H
1PGA,A,D,I,248,2.21,1PGA_A_D248I
1PGA,A,D,K,248,1.22,1PGA_A_D248K
1PGA,A,D,L,248,1.18,1PGA_A_D248L
1PGA,A,D,M,248,1.35,1PGA_A_D248M
1PGA,A,D,N,248,-0.21,1PGA_A_D248N
1PGA,A,D,P,248,2.93,1PGA_A_D248P
1PGA,A,D,Q,248,1.21,1PGA_A_D248Q
1PGA,A,D,R,248,1.47,1PGA_A_D248R
1PGA,A,D,S,248,-0.62,1PGA_A_D248S
1PGA,A,A,D,246,1.65,1PGA_A_A246D
1PGA,A,A,E,246,0.58,1PGA_A_A246E
1PGA,A,A,F,246,1.73,1PGA_A_A246F
1PGA,A,A,G,246,2.4,1PGA_A_A246G
1PGA,A,A,H,246,1.91,1PGA_A_A246H
1PGA,A,A,I,246,1.86,1PGA_A_A246I
1PGA,A,A,K,246,1.77,1PGA_A_A246K
1PGA,A,A,L,246,2.03,1PGA_A_A246L
1PGA,A,A,M,246,1.43,1PGA_A_A246M
1PGA,A,A,N,246,2.85,1PGA_A_A246N
1PGA,A,A,P,246,3.48,1PGA_A_A246P
1PGA,A,A,Q,246,-0.12,1PGA_A_A246Q
1PGA,A,A,R,246,1.47,1PGA_A_A246R
1PGA,A,A,S,246,0.2,1PGA_A_A246S
1PGA,A,E,F,245,-0.84,1PGA_A_E245F
1PGA,A,E,G,245,1.47,1PGA_A_E245G
1PGA,A,E,H,245,-0.02,1PGA_A_E245H
1PGA,A,E,I,245,-0.93,1PGA_A_E245I
1PGA,A,E,K,245,-0.42,1PGA_A_E245K
1PGA,A,E,L,245,-0.37,1PGA_A_E245L
1PGA,A,E,M,245,-0.19,1PGA_A_E245M
1PGA,A,E,N,245,-0.64,1PGA_A_E245N
1PGA,A,E,P,245,0.78,1PGA_A_E245P
1PGA,A,E,Q,245,-0.52,1PGA_A_E245Q
1PGA,A,E,R,245,-0.72,1PGA_A_E245R
1PGA,A,E,S,245,-0.11,1PGA_A_E245S
1PGA,A,T,V,243,-0.18,1PGA_A_T243V
1PGA,A,T,V,242,-2.1,1PGA_A_T242V
1PGA,A,T,Y,242,-1.31,1PGA_A_T242Y
1PGA,A,E,F,241,-0.57,1PGA_A_E241F
1PGA,A,E,G,241,0.22,1PGA_A_E241G
1PGA,A,E,H,241,0.25,1PGA_A_E241H
1PGA,A,E,I,241,-0.6,1PGA_A_E241I
1PGA,A,E,K,241,-0.13,1PGA_A_E241K
1PGA,A,E,L,241,-0.16,1PGA_A_E241L
1PGA,A,E,M,241,-0.72,1PGA_A_E241M
1PGA,A,E,N,241,-0.16,1PGA_A_E241N
1PGA,A,E,P,241,1.98,1PGA_A_E241P
1PGA,A,E,Q,241,-0.87,1PGA_A_E241Q
1PGA,A,E,R,241,-0.28,1PGA_A_E241R
1PGA,A,E,S,241,-0.17,1PGA_A_E241S
1PGA,A,G,H,240,-0.08,1PGA_A_G240H
1PGA,A,G,I,240,-0.81,1PGA_A_G240I
1PGA,A,G,K,240,-0.72,1PGA_A_G240K
1PGA,A,G,L,240,-1.25,1PGA_A_G240L
1PGA,A,G,M,240,-0.94,1PGA_A_G240M
1PGA,A,G,N,240,-0.03,1PGA_A_G240N
1PGA,A,G,P,240,0.88,1PGA_A_G240P
1PGA,A,G,Q,240,-0.52,1PGA_A_G240Q
1PGA,A,G,R,240,-0.87,1PGA_A_G240R
1PGA,A,G,S,240,-0.51,1PGA_A_G240S
1PGA,A,K,L,239,0.06,1PGA_A_K239L
1PGA,A,K,M,239,-0.32,1PGA_A_K239M
1PGA,A,K,N,239,-0.01,1PGA_A_K239N
1PGA,A,K,P,239,0.99,1PGA_A_K239P
1PGA,A,K,Q,239,-1.07,1PGA_A_K239Q
1PGA,A,K,R,239,-0.33,1PGA_A_K239R
1PGA,A,K,S,239,-0.57,1PGA_A_K239S
1PGA,A,L,M,238,-0.34,1PGA_A_L238M
1PGA,A,L,N,238,-0.09,1PGA_A_L238N
1PGA,A,L,P,238,1.23,1PGA_A_L238P
1PGA,A,L,Q,238,-0.14,1PGA_A_L238Q
1PGA,A,L,R,238,-0.24,1PGA_A_L238R
1PGA,A,K,L,236,-0.72,1PGA_A_K236L
1PGA,A,K,M,236,-0.25,1PGA_A_K236M
1PGA,A,K,N,236,-0.1,1PGA_A_K236N
1PGA,A,K,P,236,0.2,1PGA_A_K236P
1PGA,A,K,Q,236,-0.11,1PGA_A_K236Q
1PGA,A,K,R,236,-0.65,1PGA_A_K236R
1PGA,A,G,H,235,1.22,1PGA_A_G235H
1PGA,A,G,I,235,0.59,1PGA_A_G235I
1PGA,A,G,K,235,1.23,1PGA_A_G235K
1PGA,A,G,L,235,-0.32,1PGA_A_G235L
1PGA,A,G,M,235,0.55,1PGA_A_G235M
1PGA,A,G,N,235,1.29,1PGA_A_G235N
1PGA,A,G,P,235,2.4,1PGA_A_G235P
1PGA,A,G,Q,235,1.06,1PGA_A_G235Q
1PGA,A,G,R,235,0.88,1PGA_A_G235R
1PGA,A,N,P,234,1.45,1PGA_A_N234P
1PGA,A,N,Q,234,-0.29,1PGA_A_N234Q
1PGA,A,N,R,234,-0.64,1PGA_A_N234R
1PGA,A,L,M,233,-0.5,1PGA_A_L233M
1PGA,A,L,N,233,4,1PGA_A_L233N
1PGA,A,L,P,233,2.88,1PGA_A_L233P
1PGA,A,L,Q,233,1.54,1PGA_A_L233Q
1PGA,A,L,R,233,2.07,1PGA_A_L233R
1PGA,A,I,K,232,1.6,1PGA_A_I232K
1PGA,A,I,L,232,2.8,1PGA_A_I232L
1PGA,A,I,M,232,0.5,1PGA_A_I232M
1PGA,A,I,N,232,2.1,1PGA_A_I232N
1PGA,A,I,P,232,4,1PGA_A_I232P
1PGA,A,I,Q,232,0.58,1PGA_A_I232Q
1PGA,A,I,R,232,0.66,1PGA_A_I232R
1PGA,A,L,M,231,0.68,1PGA_A_L231M
1PGA,A,L,N,231,4,1PGA_A_L231N
1PGA,A,L,P,231,1.65,1PGA_A_L231P
1PGA,A,L,Q,231,4,1PGA_A_L231Q
1PGA,A,L,R,231,-0.72,1PGA_A_L231R
1PGA,A,K,L,230,0.21,1PGA_A_K230L
1PGA,A,K,M,230,-0.49,1PGA_A_K230M
1PGA,A,K,N,230,0.21,1PGA_A_K230N
1PGA,A,K,P,230,4,1PGA_A_K230P
1PGA,A,K,Q,230,0.17,1PGA_A_K230Q
1PGA,A,K,R,230,-0.77,1PGA_A_K230R
1PGA,A,M,S,1,-0.68,1PGA_A_M1S
1PGA,A,M,T,1,-0.5,1PGA_A_M1T
1PGA,A,M,V,1,-0.27,1PGA_A_M1V
1PGA,A,M,Y,1,-0.68,1PGA_A_M1Y
3PG0,A,Q,I,102,2.7,3PG0_A_Q102I
3PG0,A,R,L,114,0,3PG0_A_R114L
3PG0,A,D,P,117,0,3PG0_A_D117P
3PG0,A,D,P,109,-0.2,3PG0_A_D109P
3PG0,A,A,G,92,0,3PG0_A_A92G
3PG0,A,E,L,90,0.9,3PG0_A_E90L
3PG0,A,E,Y,90,0.6,3PG0_A_E90Y
3PG0,A,A,V,86,-0.5,3PG0_A_A86V
3PG0,A,K,V,77,-0.8,3PG0_A_K77V
3PG0,A,D,N,49,-0.2,3PG0_A_D49N
3D2A,A,A,S,46,-0.18,3D2A_A_A46S
3D2A,A,F,T,48,-0.52,3D2A_A_F48T
3D2A,A,R,P,64,-0.04,3D2A_A_R64P
3D2A,A,T,S,78,-0.96,3D2A_A_T78S
3D2A,A,T,V,140,-0.34,3D2A_A_T140V
3D2A,A,G,S,111,-0.11,3D2A_A_G111S
3D2A,A,L,P,145,-0.23,3D2A_A_L145P
3D2A,A,A,D,163,0.41,3D2A_A_A163D
3D2A,A,M,R,165,-0.25,3D2A_A_M165R
3D2A,A,M,E,165,-3,3D2A_A_M165E
3D2A,A,M,P,168,-3.3,3D2A_A_M168P
3D2A,A,M,D,165,-0.16,3D2A_A_M165D
3D2A,A,G,S,186,-1.05,3D2A_A_G186S
3D2A,A,I,M,188,-0.55,3D2A_A_I188M
3D2A,A,Y,N,192,0.09,3D2A_A_Y192N
3D2A,A,N,T,205,-0.36,3D2A_A_N205T
1IOB,A,T,A,125,2.1,1IOB_A_T125A
1IOB,A,T,L,125,3.1,1IOB_A_T125L
1IOB,A,T,Q,125,3.4,1IOB_A_T125Q
1IOB,A,T,G,125,3.7,1IOB_A_T125G
1IOB,A,K,R,213,3.1,1IOB_A_K213R
1IOB,A,K,G,213,2.1,1IOB_A_K213G
1IOB,A,K,V,213,-1.5,1IOB_A_K213V
1BNI,A,N,A,52,1.9,1BNI_A_N52A
1BNI,A,D,A,55,0.99,1BNI_A_D55A
1BNI,A,V,T,57,2.5,1BNI_A_V57T
1BNI,A,V,A,57,3.5,1BNI_A_V57A
1BNI,A,D,A,59,-1.1,1BNI_A_D59A
1BNI,A,Y,A,60,3.71,1BNI_A_Y60A
1BNI,A,L,A,61,4.8,1BNI_A_L61A
1BNI,A,T,S,63,1.87,1BNI_A_T63S
1BNI,A,T,R,63,-0.8,1BNI_A_T63R
1BNI,A,Y,A,64,2.43,1BNI_A_Y64A
1BNI,A,N,A,70,2.3,1BNI_A_N70A
1BNI,A,Y,F,71,-0.1,1BNI_A_Y71F
1BNI,A,I,V,72,1.12,1BNI_A_I72V
1BNI,A,I,A,72,3.7,1BNI_A_I72A
1BNI,A,K,G,74,0.55,1BNI_A_K74G
1BNI,A,E,G,76,2.2,1BNI_A_E76G
1BNI,A,Q,S,78,0.3,1BNI_A_Q78S
1BNI,A,Q,A,78,-0.3,1BNI_A_Q78A
1BNI,A,L,Q,80,1.4,1BNI_A_L80Q
1BNI,A,V,A,83,1.7,1BNI_A_V83A
1BNI,A,V,T,83,1.15,1BNI_A_V83T
1BNI,A,N,D,88,2.6,1BNI_A_N88D
1BNI,A,V,A,92,1.8,1BNI_A_V92A
1BNI,A,V,T,92,2.4,1BNI_A_V92T
1BNI,A,I,V,98,1.86,1BNI_A_I98V
1BNI,A,I,A,98,4.7,1BNI_A_I98A
1BNI,A,D,A,101,3.3,1BNI_A_D101A
1BNI,A,D,N,101,2.67,1BNI_A_D101N
1BNI,A,I,V,102,0.9,1BNI_A_I102V
1BNI,A,I,A,102,1.5,1BNI_A_I102A
1BNI,A,I,T,102,1.2,1BNI_A_I102T
1BNI,A,N,A,105,2.7,1BNI_A_N105A
1BNI,A,N,D,105,-0.5,1BNI_A_N105D
1BNI,A,K,R,109,0.5,1BNI_A_K109R
1BNI,A,I,V,123,1,1BNI_A_I123V
1BNI,A,I,A,123,1.9,1BNI_A_I123A
1BNI,A,N,A,124,1.66,1BNI_A_N124A
1BNI,A,Y,F,125,1.5,1BNI_A_Y125F
1BNI,A,N,A,131,2.02,1BNI_A_N131A
1BNI,A,I,V,135,1.6,1BNI_A_I135V
1BNI,A,I,A,135,4.46,1BNI_A_I135A
1BNI,A,L,V,136,0.3,1BNI_A_L136V
1BNI,A,L,T,136,2.5,1BNI_A_L136T
1BNI,A,S,A,138,2.4,1BNI_A_S138A
1BNI,A,S,A,139,3.2,1BNI_A_S139A
1BNI,A,I,V,143,1.18,1BNI_A_I143V
1BNI,A,I,A,143,4,1BNI_A_I143A
1BNI,A,T,V,146,2.99,1BNI_A_T146V
1BNI,A,Y,F,150,0.2,1BNI_A_Y150F
1BNI,A,T,V,152,2.25,1BNI_A_T152V
1BNI,A,I,V,156,0.8,1BNI_A_I156V
1BNI,A,I,A,156,2.1,1BNI_A_I156A
1BNI,A,R,A,157,0.46,1BNI_A_R157A
1LZ1,A,C,A,95,4.6,1LZ1_A_C95A
4LYZ,A,D,P,119,2.4,4LYZ_A_D119P
4LYZ,A,G,P,120,0.1,4LYZ_A_G120P
1BNI,A,A,R,79,0.2,1BNI_A_A79R
1BNI,A,A,K,79,0.2,1BNI_A_A79K
1BNI,A,A,M,79,0.3,1BNI_A_A79M
1BNI,A,A,L,79,0.3,1BNI_A_A79L
1BNI,A,A,S,79,0.4,1BNI_A_A79S
1BNI,A,A,Q,79,0.5,1BNI_A_A79Q
1BNI,A,A,E,79,0.6,1BNI_A_A79E
1BNI,A,A,N,79,0.7,1BNI_A_A79N
1BNI,A,A,F,79,0.7,1BNI_A_A79F
1BNI,A,A,D,79,0.7,1BNI_A_A79D
1BNI,A,A,H,79,0.8,1BNI_A_A79H
1BNI,A,A,T,79,0.8,1BNI_A_A79T
1BNI,A,A,I,79,0.8,1BNI_A_A79I
1BNI,A,A,Y,79,0.8,1BNI_A_A79Y
1BNI,A,A,V,79,0.9,1BNI_A_A79V
1BNI,A,A,G,79,0.91,1BNI_A_A79G
1BNI,A,A,W,79,1.1,1BNI_A_A79W
1BNI,A,A,C,79,1.9,1BNI_A_A79C
1BNI,A,A,P,79,4.1,1BNI_A_A79P
1BNI,A,S,E,75,-0.6,1BNI_A_S75E
1LRP,A,V,I,37,-1,1LRP_A_V37I
1LRP,A,M,A,41,2.1,1LRP_A_M41A
1CYC,A,K,M,74,1,1CYC_A_K74M
1CYC,A,K,Y,74,1.05,1CYC_A_K74Y
1CYC,A,K,F,74,1.15,1CYC_A_K74F
1CYC,A,K,W,74,1.43,1CYC_A_K74W
1BPI,A,G,D,47,4.3,1BPI_A_G47D
1BPI,A,G,V,47,4.1,1BPI_A_G47V
1BPI,A,P,A,48,1.6,1BPI_A_P48A
1BPI,A,P,S,48,1.4,1BPI_A_P48S
1BPI,A,A,T,51,1.7,1BPI_A_A51T
1BPI,A,A,V,51,1.3,1BPI_A_A51V
1BPI,A,F,I,68,2.4,1BPI_A_F68I
1BPI,A,F,L,68,2.7,1BPI_A_F68L
1BPI,A,Y,A,70,5,1BPI_A_Y70A
1BPI,A,Y,D,70,3.8,1BPI_A_Y70D
1BPI,A,Y,F,70,0.6,1BPI_A_Y70F
1BPI,A,Y,G,70,5,1BPI_A_Y70G
1BPI,A,Y,L,70,3.7,1BPI_A_Y70L
1BPI,A,Y,N,70,3.7,1BPI_A_Y70N
1BPI,A,G,D,71,2.8,1BPI_A_G71D
1BPI,A,G,A,72,4.9,1BPI_A_G72A
1BPI,A,G,D,72,1.7,1BPI_A_G72D
1STN,A,P,T,199,-1.1,1STN_A_P199T
1LZ1,A,P,G,89,1.6,1LZ1_A_P89G
1LZ1,A,A,P,65,-1.1,1LZ1_A_A65P
1LZ1,A,D,P,109,0.8,1LZ1_A_D109P
1LZ1,A,V,P,128,-2.4,1LZ1_A_V128P
1BVC,A,A,L,131,2.3,1BVC_A_A131L
1BVC,A,A,K,131,3.7,1BVC_A_A131K
1BVC,A,F,T,124,3.5,1BVC_A_F124T
1C2R,A,K,D,33,1.3,1C2R_A_K33D
1C2R,A,K,E,35,1.3,1C2R_A_K35E
1C2R,A,K,E,53,-0.4,1C2R_A_K53E
1BNI,A,R,A,106,-0.64,1BNI_A_R106A
1BNI,A,K,A,74,-0.53,1BNI_A_K74A
1BNI,A,H,A,149,0.24,1BNI_A_H149A
1BNI,A,S,A,104,-0.15,1BNI_A_S104A
1BNI,A,Q,A,151,0.2,1BNI_A_Q151A
1BNI,A,E,A,120,2.5,1BNI_A_E120A
1STN,A,L,A,96,2.4,1STN_A_L96A
1STN,A,L,G,96,3.8,1STN_A_L96G
1STN,A,L,A,107,2.8,1STN_A_L107A
1STN,A,L,G,107,4.6,1STN_A_L107G
1STN,A,L,A,118,3.7,1STN_A_L118A
1STN,A,L,G,118,5.4,1STN_A_L118G
1STN,A,L,A,119,1.8,1STN_A_L119A
1STN,A,L,G,119,3.9,1STN_A_L119G
1STN,A,L,A,120,1.7,1STN_A_L120A
1STN,A,L,G,120,0.6,1STN_A_L120G
1STN,A,L,A,171,2.6,1STN_A_L171A
1STN,A,L,G,171,3.2,1STN_A_L171G
1STN,A,L,A,185,4.6,1STN_A_L185A
1STN,A,L,G,185,6.6,1STN_A_L185G
1STN,A,L,A,190,5.8,1STN_A_L190A
1STN,A,L,G,190,7.2,1STN_A_L190G
1STN,A,L,A,207,4.9,1STN_A_L207A
1STN,A,L,G,207,7,1STN_A_L207G
1STN,A,L,A,219,2.3,1STN_A_L219A
1STN,A,L,G,219,4.6,1STN_A_L219G
1STN,A,V,A,105,2.9,1STN_A_V105A
1STN,A,V,G,105,5.6,1STN_A_V105G
1STN,A,V,A,121,2.2,1STN_A_V121A
1STN,A,V,G,121,4.7,1STN_A_V121G
1STN,A,V,A,133,0.3,1STN_A_V133A
1STN,A,V,G,133,0.4,1STN_A_V133G
1STN,A,V,A,148,2.3,1STN_A_V148A
1STN,A,V,G,148,4.5,1STN_A_V148G
1STN,A,V,A,156,3.2,1STN_A_V156A
1STN,A,V,G,156,6.6,1STN_A_V156G
1STN,A,V,A,181,3.4,1STN_A_V181A
1STN,A,V,G,181,5,1STN_A_V181G
1STN,A,V,A,186,2.9,1STN_A_V186A
1STN,A,V,G,186,6.5,1STN_A_V186G
1STN,A,V,A,193,4.7,1STN_A_V193A
1STN,A,V,G,193,4.9,1STN_A_V193G
1STN,A,V,G,196,0.2,1STN_A_V196G
1STN,A,I,V,97,0.9,1STN_A_I97V
1STN,A,I,A,97,2.7,1STN_A_I97A
1STN,A,I,G,97,3.4,1STN_A_I97G
1STN,A,I,V,100,1.1,1STN_A_I100V
1STN,A,I,A,100,2.6,1STN_A_I100A
1STN,A,I,G,100,2.6,1STN_A_I100G
1STN,A,I,V,154,1.8,1STN_A_I154V
1STN,A,I,A,154,5.1,1STN_A_I154A
1STN,A,I,G,154,6.5,1STN_A_I154G
1STN,A,I,V,174,0.5,1STN_A_I174V
1STN,A,I,A,174,4.1,1STN_A_I174A
1STN,A,I,G,174,6.6,1STN_A_I174G
1STN,A,I,V,221,1.5,1STN_A_I221V
1STN,A,I,A,221,3.5,1STN_A_I221A
1STN,A,I,G,221,4.4,1STN_A_I221G
1STN,A,M,A,108,1.6,1STN_A_M108A
1STN,A,M,G,108,2.2,1STN_A_M108G
1STN,A,M,A,114,1.8,1STN_A_M114A
1STN,A,M,G,114,2.5,1STN_A_M114G
1STN,A,M,A,147,2.1,1STN_A_M147A
1STN,A,M,G,147,4.7,1STN_A_M147G
1STN,A,M,A,180,4.6,1STN_A_M180A
1STN,A,M,G,180,4.5,1STN_A_M180G
1STN,A,Y,A,109,4.2,1STN_A_Y109A
1STN,A,Y,G,109,5.8,1STN_A_Y109G
1STN,A,Y,A,136,2.2,1STN_A_Y136A
1STN,A,Y,G,136,1.9,1STN_A_Y136G
1STN,A,Y,A,167,0.4,1STN_A_Y167A
1STN,A,Y,G,167,1.1,1STN_A_Y167G
1STN,A,Y,A,173,5.3,1STN_A_Y173A
1STN,A,Y,G,173,6.7,1STN_A_Y173G
1STN,A,Y,A,175,6.5,1STN_A_Y175A
1STN,A,Y,G,175,7.5,1STN_A_Y175G
1STN,A,Y,G,195,0.3,1STN_A_Y195G
1STN,A,Y,A,197,0.3,1STN_A_Y197A
1STN,A,Y,G,197,0.7,1STN_A_Y197G
1STN,A,F,A,116,3.8,1STN_A_F116A
1STN,A,F,G,116,6.2,1STN_A_F116G
1STN,A,F,A,143,2.4,1STN_A_F143A
1STN,A,F,G,143,4.8,1STN_A_F143G
1STN,A,F,A,158,4.1,1STN_A_F158A
1STN,A,F,G,158,4.7,1STN_A_F158G
1BP2,A,F,Y,44,-1.5,1BP2_A_F44Y
1BP2,A,F,I,44,-2.7,1BP2_A_F44I
1BP2,A,F,A,44,-0.5,1BP2_A_F44A
1BP2,A,F,Y,128,-0.6,1BP2_A_F128Y
1BP2,A,F,I,128,-1.9,1BP2_A_F128I
1BP2,A,F,A,128,1.2,1BP2_A_F128A
1BNI,A,Q,I,62,-1.4,1BNI_A_Q62I
1BNI,A,H,K,65,1.2,1BNI_A_H65K
1BNI,A,K,R,66,-0.9,1BNI_A_K66R
1BNI,A,E,Q,76,0.22,1BNI_A_E76Q
1BNI,A,D,E,91,-0.3,1BNI_A_D91E
1BNI,A,G,S,112,-1,1BNI_A_G112S
1BNI,A,K,A,113,-0.2,1BNI_A_K113A
1BNI,A,T,V,126,-0.3,1BNI_A_T126V
1BNI,A,S,A,132,0.12,1BNI_A_S132A
1BNI,A,I,L,135,0.3,1BNI_A_I135L
1BNI,A,K,R,155,-0.9,1BNI_A_K155R
1WQ5,A,P,A,57,0.48,1WQ5_A_P57A
1STN,A,V,M,148,0.2,1STN_A_V148M
1STN,A,V,K,148,5.2,1STN_A_V148K
1STN,A,D,A,225,0.1,1STN_A_D225A
1STN,A,D,G,225,0.2,1STN_A_D225G
1STN,A,D,A,228,0.2,1STN_A_D228A
1STN,A,D,G,228,0.2,1STN_A_D228G
1STN,A,E,A,224,0.3,1STN_A_E224A
1STN,A,E,G,224,0.3,1STN_A_E224G
1STN,A,K,A,87,-0.3,1STN_A_K87A
1STN,A,K,G,87,-0.3,1STN_A_K87G
1BNI,A,T,P,53,3.3,1BNI_A_T53P
1BNI,A,D,G,55,1.3,1BNI_A_D55G
1BNI,A,D,S,55,0.97,1BNI_A_D55S
1BNI,A,D,G,59,1.3,1BNI_A_D59G
1BNI,A,D,S,59,0.9,1BNI_A_D59S
1BNI,A,T,G,63,1.7,1BNI_A_T63G
1BNI,A,T,A,63,0.5,1BNI_A_T63A
1BNI,A,Y,G,64,4.9,1BNI_A_Y64G
1BNI,A,Y,S,64,2.6,1BNI_A_Y64S
1BNI,A,H,G,65,0.98,1BNI_A_H65G
1BNI,A,H,A,65,2.15,1BNI_A_H65A
1BNI,A,H,S,65,2.28,1BNI_A_H65S
1BNI,A,H,N,65,1.8,1BNI_A_H65N
1BNI,A,H,D,65,2.56,1BNI_A_H65D
1BNI,A,H,R,65,1.17,1BNI_A_H65R
1BNI,A,T,D,73,0.08,1BNI_A_T73D
1BNI,A,S,G,75,0.5,1BNI_A_S75G
1BNI,A,S,A,75,-0.6,1BNI_A_S75A
1BNI,A,E,A,76,1.36,1BNI_A_E76A
1BNI,A,E,S,76,1.23,1BNI_A_E76S
1BNI,A,Q,G,78,1.1,1BNI_A_Q78G
1BNI,A,G,A,81,3.12,1BNI_A_G81A
1BNI,A,G,S,81,3.2,1BNI_A_G81S
1BNI,A,G,N,81,2.75,1BNI_A_G81N
1BNI,A,G,D,81,3.39,1BNI_A_G81D
1BNI,A,G,H,81,3.15,1BNI_A_G81H
1BNI,A,G,K,81,3.12,1BNI_A_G81K
1BNI,A,G,R,81,2.8,1BNI_A_G81R
1BNI,A,G,T,81,3.37,1BNI_A_G81T
1BPI,A,F,A,57,2,1BPI_A_F57A
1BPI,A,Y,A,58,6,1BPI_A_Y58A
1BPI,A,N,G,78,5.7,1BPI_A_N78G
1BPI,A,F,A,80,6.9,1BPI_A_F80A
4LYZ,A,N,D,64,0.84,4LYZ_A_N64D
4LYZ,A,E,Q,53,-0.6,4LYZ_A_E53Q
4LYZ,A,E,A,53,-1.77,4LYZ_A_E53A
4LYZ,A,E,H,53,3.43,4LYZ_A_E53H
4LYZ,A,I,T,73,4.96,4LYZ_A_I73T
4LYZ,A,W,Y,126,1.9,4LYZ_A_W126Y
4LYZ,A,W,Q,126,4,4LYZ_A_W126Q
2CI2,A,L,A,28,2.7,2CI2_A_L28A
2CI2,A,V,A,39,0.49,2CI2_A_V39A
2CI2,A,I,V,40,1.3,2CI2_A_I40V
2CI2,A,I,V,49,1.11,2CI2_A_I49V
2CI2,A,I,A,49,3.9,2CI2_A_I49A
2CI2,A,V,A,67,5,2CI2_A_V67A
2CI2,A,L,A,69,3.82,2CI2_A_L69A
2CI2,A,V,A,71,2.17,2CI2_A_V71A
2CI2,A,I,V,77,-0.21,2CI2_A_I77V
2CI2,A,I,A,77,4.34,2CI2_A_I77A
2CI2,A,T,D,59,-0.04,2CI2_A_T59D
2CI2,A,T,A,59,0.7,2CI2_A_T59A
2CI2,A,E,A,61,1.1,2CI2_A_E61A
2CI2,A,I,L,40,1.96,2CI2_A_I40L
2CI2,A,R,A,68,1.4,2CI2_A_R68A
2CI2,A,T,V,23,0.8,2CI2_A_T23V
2CI2,A,T,A,23,0.9,2CI2_A_T23A
2CI2,A,T,G,23,1.2,2CI2_A_T23G
2CI2,A,I,V,50,-0.08,2CI2_A_I50V
2CI2,A,I,A,50,2.12,2CI2_A_I50A
2CI2,A,I,G,50,3.52,2CI2_A_I50G
2CI2,A,I,T,50,1.34,2CI2_A_I50T
2CI2,A,V,T,54,1.3,2CI2_A_V54T
2CI2,A,V,A,54,0.9,2CI2_A_V54A
2CI2,A,V,G,54,2.43,2CI2_A_V54G
2CI2,A,A,G,78,1.9,2CI2_A_A78G
2CI2,A,V,T,80,0.9,2CI2_A_V80T
2CI2,A,V,A,80,1.51,2CI2_A_V80A
2CI2,A,V,G,80,3.24,2CI2_A_V80G
2CI2,A,V,T,83,1.3,2CI2_A_V83T
2CI2,A,V,A,83,1.45,2CI2_A_V83A
2CI2,A,V,G,83,3.5,2CI2_A_V83G
2CI2,A,K,A,22,1,2CI2_A_K22A
2CI2,A,K,M,22,0.67,2CI2_A_K22M
2CI2,A,P,A,26,3.4,2CI2_A_P26A
2CI2,A,E,A,27,1,2CI2_A_E27A
2CI2,A,E,Q,27,0.62,2CI2_A_E27Q
2CI2,A,K,A,31,-1.2,2CI2_A_K31A
2CI2,A,S,G,32,-1,2CI2_A_S32G
2CI2,A,S,A,32,-1,2CI2_A_S32A
2CI2,A,E,Q,34,0.7,2CI2_A_E34Q
2CI2,A,E,D,34,0.8,2CI2_A_E34D
2CI2,A,E,N,34,0.7,2CI2_A_E34N
2CI2,A,E,Q,35,0.47,2CI2_A_E35Q
2CI2,A,E,D,35,0.74,2CI2_A_E35D
2CI2,A,E,N,35,1.07,2CI2_A_E35N
2CI2,A,A,G,36,1.4,2CI2_A_A36G
2CI2,A,K,A,37,1.1,2CI2_A_K37A
2CI2,A,K,G,37,2.32,2CI2_A_K37G
2CI2,A,K,A,38,-0.23,2CI2_A_K38A
2CI2,A,K,G,38,0.99,2CI2_A_K38G
2CI2,A,L,A,41,1.33,2CI2_A_L41A
2CI2,A,L,G,41,2.1,2CI2_A_L41G
2CI2,A,Q,A,42,0.5,2CI2_A_Q42A
2CI2,A,Q,G,42,0.9,2CI2_A_Q42G
2CI2,A,D,A,43,1.1,2CI2_A_D43A
2CI2,A,K,A,44,1.9,2CI2_A_K44A
2CI2,A,K,G,44,3.5,2CI2_A_K44G
2CI2,A,P,A,45,1.9,2CI2_A_P45A
2CI2,A,E,A,46,0.8,2CI2_A_E46A
2CI2,A,L,A,52,2.4,2CI2_A_L52A
2CI2,A,L,I,52,1,2CI2_A_L52I
2CI2,A,L,V,52,1,2CI2_A_L52V
2CI2,A,P,A,53,0.6,2CI2_A_P53A
2CI2,A,T,S,56,1,2CI2_A_T56S
2CI2,A,T,V,56,1.6,2CI2_A_T56V
2CI2,A,T,A,56,-1.4,2CI2_A_T56A
2CI2,A,I,A,57,1.3,2CI2_A_I57A
2CI2,A,V,A,58,1.5,2CI2_A_V58A
2CI2,A,R,A,63,1,2CI2_A_R63A
2CI2,A,D,A,65,1,2CI2_A_D65A
2CI2,A,F,L,70,2.11,2CI2_A_F70L
2CI2,A,F,V,70,2.39,2CI2_A_F70V
2CI2,A,F,A,70,3.84,2CI2_A_F70A
2CI2,A,D,A,72,3.41,2CI2_A_D72A
2CI2,A,K,N,73,1.2,2CI2_A_K73N
2CI2,A,N,D,76,1.5,2CI2_A_N76D
2CI2,A,N,A,76,1.2,2CI2_A_N76A
2CI2,A,P,A,81,3.5,2CI2_A_P81A
1BNI,A,F,L,54,4.6,1BNI_A_F54L
1BNI,A,H,Q,65,1.6,1BNI_A_H65Q
1STN,A,A,G,227,0.4,1STN_A_A227G
1STN,A,A,V,227,0.3,1STN_A_A227V
1STN,A,N,G,226,0.5,1STN_A_N226G
1STN,A,N,A,226,0.1,1STN_A_N226A
1STN,A,Q,G,231,0.4,1STN_A_Q231G
1STN,A,T,G,86,0.2,1STN_A_T86G
1STN,A,T,A,86,0.2,1STN_A_T86A
1BVC,A,W,F,8,1.1,1BVC_A_W8F
1BVC,A,W,F,15,1.1,1BVC_A_W15F
1BVC,A,M,A,132,2.2,1BVC_A_M132A
1BVC,A,F,K,124,2.1,1BVC_A_F124K
1BVC,A,H,Q,37,1.17,1BVC_A_H37Q
1BVC,A,V,T,69,0.6,1BVC_A_V69T
1BNI,A,W,Y,141,1.27,1BNI_A_W141Y
1BNI,A,W,F,141,1.06,1BNI_A_W141F
1BNI,A,W,L,141,1.59,1BNI_A_W141L
1RN1,A,Q,K,51,-1.4,1RN1_A_Q51K
1RN1,A,E,A,84,-1,1RN1_A_E84A
1RN1,A,Y,F,37,2.11,1RN1_A_Y37F
1RN1,A,Y,F,82,0.78,1RN1_A_Y82F
1RN1,A,Y,F,83,0.5,1RN1_A_Y83F
1RN1,A,Y,F,94,1.36,1RN1_A_Y94F
1RN1,A,S,A,38,1.23,1RN1_A_S38A
1RN1,A,S,A,43,-0.67,1RN1_A_S43A
1RN1,A,S,A,90,1.56,1RN1_A_S90A
1RN1,A,N,A,35,0.9,1RN1_A_N35A
1RN1,A,N,A,62,-0.03,1RN1_A_N62A
1RN1,A,N,A,70,2.08,1RN1_A_N70A
1RN1,A,N,A,107,2.91,1RN1_A_N107A
1RN1,A,A,C,47,0.74,1RN1_A_A47C
1RN1,A,A,D,47,0.71,1RN1_A_A47D
1RN1,A,A,E,47,0.69,1RN1_A_A47E
1RN1,A,A,F,47,0.57,1RN1_A_A47F
1RN1,A,A,G,47,1.1,1RN1_A_A47G
1RN1,A,A,H,47,0.56,1RN1_A_A47H
1RN1,A,A,I,47,0.44,1RN1_A_A47I
1RN1,A,A,K,47,0.51,1RN1_A_A47K
1RN1,A,A,L,47,0.13,1RN1_A_A47L
1RN1,A,A,M,47,0.15,1RN1_A_A47M
1RN1,A,A,N,47,-0.34,1RN1_A_A47N
1RN1,A,A,Q,47,0.4,1RN1_A_A47Q
1RN1,A,A,R,47,0.41,1RN1_A_A47R
1RN1,A,A,S,47,0.49,1RN1_A_A47S
1RN1,A,A,T,47,0.57,1RN1_A_A47T
1RN1,A,A,V,47,0.66,1RN1_A_A47V
1RN1,A,A,W,47,0.3,1RN1_A_A47W
1RN1,A,A,Y,47,0.39,1RN1_A_A47Y
1RN1,A,P,A,65,5.12,1RN1_A_P65A
1BNI,A,Y,F,60,0.6,1BNI_A_Y60F
1BNI,A,Y,F,64,0.6,1BNI_A_Y64F
1BNI,A,E,F,120,2.1,1BNI_A_E120F
1BNI,A,E,Q,120,2.7,1BNI_A_E120Q
1BNI,A,E,W,120,2.2,1BNI_A_E120W
1AAR,A,F,W,653,-0.6,1AAR_A_F653W
1STN,A,V,L,148,-0.8,1STN_A_V148L
1STN,A,A,T,151,3.9,1STN_A_A151T
4LYZ,A,T,P,136,2,4LYZ_A_T136P
1STN,A,T,S,115,1.4,1STN_A_T115S
1STN,A,G,S,161,2.9,1STN_A_G161S
1STN,A,A,S,172,2.6,1STN_A_A172S
1STN,A,Y,S,173,5.3,1STN_A_Y173S
1STN,A,N,D,200,2.5,1STN_A_N200D
1HFY,A,T,I,48,-4.4,1HFY_A_T48I
1HFY,A,A,T,49,-1.7,1HFY_A_A49T
1HFY,A,A,I,49,-2.4,1HFY_A_A49I
1HFY,A,T,I,52,1.1,1HFY_A_T52I
1IGV,A,E,Q,21,-0.48,1IGV_A_E21Q
1IGV,A,D,N,23,-0.8,1IGV_A_D23N
1IGV,A,E,Q,30,-0.09,1IGV_A_E30Q
1STN,A,Y,C,109,2.9,1STN_A_Y109C
1STN,A,Y,D,109,5.4,1STN_A_Y109D
1STN,A,Y,E,109,5,1STN_A_Y109E
1STN,A,Y,H,109,1.9,1STN_A_Y109H
1STN,A,Y,I,109,2.5,1STN_A_Y109I
1STN,A,Y,K,109,3.9,1STN_A_Y109K
1STN,A,Y,L,109,1.6,1STN_A_Y109L
1STN,A,Y,M,109,2,1STN_A_Y109M
1STN,A,Y,N,109,4,1STN_A_Y109N
1STN,A,Y,P,109,6.1,1STN_A_Y109P
1STN,A,Y,Q,109,3.3,1STN_A_Y109Q
1STN,A,Y,R,109,3,1STN_A_Y109R
1STN,A,Y,S,109,3.2,1STN_A_Y109S
1STN,A,Y,T,109,3.3,1STN_A_Y109T
1STN,A,Y,V,109,3,1STN_A_Y109V
1STN,A,Y,W,109,0.7,1STN_A_Y109W
1STN,A,V,F,105,2.3,1STN_A_V105F
1STN,A,E,V,157,2.31,1STN_A_E157V
1STN,A,G,D,161,2.3,1STN_A_G161D
1STN,A,P,L,199,-0.2,1STN_A_P199L
1STN,A,I,M,100,0.7,1STN_A_I100M
1IGV,A,P,G,24,1.19,1IGV_A_P24G
1IGV,A,Y,F,17,1.19,1IGV_A_Y17F
3PGK,A,H,Q,389,0.84,3PGK_A_H389Q
1STN,A,V,W,148,4.02,1STN_A_V148W
1STN,A,K,W,152,0.84,1STN_A_K152W
1STN,A,G,W,170,1.22,1STN_A_G170W
1AXB,A,C,S,75,3.4,1AXB_A_C75S
1BNI,A,R,S,116,2.8,1BNI_A_R116S
1BNI,A,D,N,140,4.11,1BNI_A_D140N
1BNI,A,R,K,116,3.2,1BNI_A_R116K
1BNI,A,R,M,116,2.86,1BNI_A_R116M
1BNI,A,R,K,130,4.4,1BNI_A_R130K
1BNI,A,R,Q,130,2.05,1BNI_A_R130Q
1BNI,A,D,N,122,5,1BNI_A_D122N
1AJ3,A,W,F,1784,1.3,1AJ3_A_W1784F
1LRP,A,P,A,79,1.6,1LRP_A_P79A
1CYO,A,F,Y,40,-1.03,1CYO_A_F40Y
1CYO,A,F,L,40,1.87,1CYO_A_F40L
1STN,A,K,F,91,1.2,1STN_A_K91F
1STN,A,P,F,93,0.6,1STN_A_P93F
1STN,A,K,F,98,0.5,1STN_A_K98F
1STN,A,D,F,101,1.5,1STN_A_D101F
1STN,A,K,F,106,0.6,1STN_A_K106F
1STN,A,K,F,110,0.9,1STN_A_K110F
1STN,A,G,F,111,1.5,1STN_A_G111F
1STN,A,P,F,129,0.3,1STN_A_P129F
1STN,A,K,F,130,0.5,1STN_A_K130F
1STN,A,G,F,132,0.8,1STN_A_G132F
1STN,A,E,F,134,0.7,1STN_A_E134F
1STN,A,E,F,139,0.9,1STN_A_E139F
1STN,A,A,F,142,0.8,1STN_A_A142F
1STN,A,K,F,145,2,1STN_A_K145F
1STN,A,K,F,146,0.3,1STN_A_K146F
1STN,A,M,F,147,1.6,1STN_A_M147F
1STN,A,E,F,149,1.4,1STN_A_E149F
1STN,A,K,F,152,0.2,1STN_A_K152F
1STN,A,E,F,155,1.1,1STN_A_E155F
1STN,A,Q,F,162,0.7,1STN_A_Q162F
1STN,A,D,F,165,5.2,1STN_A_D165F
1STN,A,K,F,166,0.9,1STN_A_K166F
1STN,A,Y,F,167,0.2,1STN_A_Y167F
1STN,A,G,F,168,2,1STN_A_G168F
1STN,A,D,F,177,5.3,1STN_A_D177F
1STN,A,G,F,178,3,1STN_A_G178F
1STN,A,K,F,179,0.7,1STN_A_K179F
1STN,A,E,F,183,3.1,1STN_A_E183F
1STN,A,A,F,184,1.9,1STN_A_A184F
1STN,A,R,F,187,3.1,1STN_A_R187F
1STN,A,A,F,194,1.6,1STN_A_A194F
1STN,A,Y,F,197,0.1,1STN_A_Y197F
1STN,A,K,F,198,0.2,1STN_A_K198F
1STN,A,P,F,199,-0.3,1STN_A_P199F
1STN,A,E,F,204,0.8,1STN_A_E204F
1STN,A,Q,F,205,0.7,1STN_A_Q205F
1STN,A,H,F,206,-0.5,1STN_A_H206F
1STN,A,K,F,209,0.3,1STN_A_K209F
1STN,A,S,F,210,1,1STN_A_S210F
1STN,A,E,F,211,4,1STN_A_E211F
1STN,A,Q,F,213,0.7,1STN_A_Q213F
1STN,A,K,F,215,1.4,1STN_A_K215F
1STN,A,K,F,216,0.5,1STN_A_K216F
1STN,A,E,F,217,1.2,1STN_A_E217F
1STN,A,K,F,218,1.2,1STN_A_K218F
1STN,A,D,F,225,0.1,1STN_A_D225F
1RN1,A,N,D,70,2,1RN1_A_N70D
1RN1,A,N,S,70,1.9,1RN1_A_N70S
1G6N,A,S,A,129,0.3,1G6N_A_S129A
1G6N,A,S,P,129,-0.14,1G6N_A_S129P
1YCC,A,K,W,79,1.6,1YCC_A_K79W
1YCC,A,K,V,79,1.38,1YCC_A_K79V
1YCC,A,K,I,79,1.19,1YCC_A_K79I
1FC1,A,Q,A,230,1.1,1FC1_A_Q230A
1FC1,A,Y,A,232,0.7,1FC1_A_Y232A
1FC1,A,T,A,233,0.1,1FC1_A_T233A
1FC1,A,L,A,234,1.3,1FC1_A_L234A
1FC1,A,T,A,249,2.3,1FC1_A_T249A
1FC1,A,L,A,251,2.2,1FC1_A_L251A
1FC1,A,K,A,253,1.1,1FC1_A_K253A
1FC1,A,K,A,275,0.4,1FC1_A_K275A
1FC1,A,T,A,277,0.6,1FC1_A_T277A
1FC1,A,P,A,278,3.2,1FC1_A_P278A
1FC1,A,V,A,280,0.6,1FC1_A_V280A
1FC1,A,L,A,281,0.1,1FC1_A_L281A
1FC1,A,D,A,282,0.7,1FC1_A_D282A
1FC1,A,F,A,288,2.5,1FC1_A_F288A
1FC1,A,Y,A,290,2.1,1FC1_A_Y290A
1FC1,A,K,A,292,2.4,1FC1_A_K292A
1YCC,A,P,V,77,1,1YCC_A_P77V
1YCC,A,P,T,77,1.7,1YCC_A_P77T
1YCC,A,P,I,77,1.7,1YCC_A_P77I
2TRX,A,P,A,77,3.9,2TRX_A_P77A
2TRX,A,P,S,35,0.1,2TRX_A_P35S
2TRX,A,D,A,27,-4.6,2TRX_A_D27A
1AMQ,A,C,A,77,1.3,1AMQ_A_C77A
1AMQ,A,C,A,180,2.2,1AMQ_A_C180A
1AMQ,A,C,S,180,1.8,1AMQ_A_C180S
1AMQ,A,C,A,181,1.6,1AMQ_A_C181A
1AMQ,A,C,A,258,2.5,1AMQ_A_C258A
1AMQ,A,C,A,389,-3.2,1AMQ_A_C389A
1BNI,A,T,H,53,2.65,1BNI_A_T53H
1STN,A,E,D,125,-0.2,1STN_A_E125D
1C2R,A,Y,F,96,2.7,1C2R_A_Y96F
1C2R,A,Y,C,96,3.05,1C2R_A_Y96C
3PGK,A,W,F,334,4.04,3PGK_A_W334F
3PGK,A,W,F,309,3.71,3PGK_A_W309F
1ZNJ,A,S,D,33,-0.1,1ZNJ_A_S33D
1ZNJ,A,H,D,34,-1.3,1ZNJ_A_H34D
1ZNJ,A,H,E,34,-1.44,1ZNJ_A_H34E
1ZNJ,A,H,T,34,0.22,1ZNJ_A_H34T
1ZNJ,A,T,A,97,-0.16,1ZNJ_A_T97A
1ZNJ,A,T,H,97,-1.76,1ZNJ_A_T97H
1ZNJ,A,T,R,97,-1.25,1ZNJ_A_T97R
1ZNJ,A,Y,T,50,0.3,1ZNJ_A_Y50T
1ZNJ,A,F,H,49,-1,1ZNJ_A_F49H
1ZNJ,A,F,D,49,-0.6,1ZNJ_A_F49D
1BNI,A,I,T,123,2.69,1BNI_A_I123T
1A23,A,C,S,52,1.1,1A23_A_C52S
1A23,A,C,S,49,1.8,1A23_A_C49S
1BTA,A,C,A,41,-0.1,1BTA_A_C41A
1BTA,A,C,A,83,0.6,1BTA_A_C83A
1YCC,A,K,G,79,0.74,1YCC_A_K79G
1YCC,A,K,A,79,0.45,1YCC_A_K79A
1YCC,A,K,L,79,0.03,1YCC_A_K79L
1YCC,A,K,R,79,0.03,1YCC_A_K79R
1YCC,A,C,T,108,-5.7,1YCC_A_C108T
1YCC,A,V,C,26,1.1,1YCC_A_V26C
1CAH,A,C,S,205,2.4,1CAH_A_C205S
1STN,A,V,T,105,3.3,1STN_A_V105T
1STN,A,V,T,121,1.6,1STN_A_V121T
1STN,A,V,T,133,-0.2,1STN_A_V133T
1STN,A,V,T,148,1.4,1STN_A_V148T
1STN,A,V,T,156,3.9,1STN_A_V156T
1STN,A,V,T,181,3.4,1STN_A_V181T
1STN,A,V,T,186,2.5,1STN_A_V186T
1STN,A,V,T,193,2.4,1STN_A_V193T
1STN,A,V,T,196,0.3,1STN_A_V196T
1STN,A,V,S,105,4.8,1STN_A_V105S
1STN,A,V,S,121,2.4,1STN_A_V121S
1STN,A,V,S,133,0.1,1STN_A_V133S
1STN,A,V,S,148,3.1,1STN_A_V148S
1STN,A,V,S,156,5.4,1STN_A_V156S
1STN,A,V,S,181,5.1,1STN_A_V181S
1STN,A,V,S,186,4.9,1STN_A_V186S
1STN,A,V,S,193,4.8,1STN_A_V193S
1STN,A,Y,F,109,0.6,1STN_A_Y109F
1STN,A,Y,F,136,0.5,1STN_A_Y136F
1STN,A,Y,F,173,2.4,1STN_A_Y173F
1STN,A,Y,F,175,2,1STN_A_Y175F
1STN,A,Y,L,136,3.4,1STN_A_Y136L
1STN,A,Y,L,167,0.1,1STN_A_Y167L
1STN,A,Y,L,173,3.9,1STN_A_Y173L
1STN,A,Y,L,175,4.5,1STN_A_Y175L
1STN,A,Y,L,195,-0.2,1STN_A_Y195L
1STN,A,Y,L,197,0.3,1STN_A_Y197L
1STN,A,T,S,95,0.3,1STN_A_T95S
1STN,A,T,S,104,0.7,1STN_A_T104S
1STN,A,T,S,123,1.1,1STN_A_T123S
1STN,A,T,S,144,2.1,1STN_A_T144S
1STN,A,T,S,164,0.8,1STN_A_T164S
1STN,A,T,S,202,0.6,1STN_A_T202S
1STN,A,T,V,95,0.4,1STN_A_T95V
1STN,A,T,V,104,0.9,1STN_A_T104V
1STN,A,T,V,115,-0.5,1STN_A_T115V
1STN,A,T,V,123,-0.9,1STN_A_T123V
1STN,A,T,V,126,-0.1,1STN_A_T126V
1STN,A,T,V,144,0.2,1STN_A_T144V
1STN,A,T,V,164,-0.2,1STN_A_T164V
1STN,A,T,V,202,1.8,1STN_A_T202V
1STN,A,T,C,95,1.4,1STN_A_T95C
1STN,A,T,C,104,0.9,1STN_A_T104C
1STN,A,T,C,115,1.2,1STN_A_T115C
1STN,A,T,C,123,-0.7,1STN_A_T123C
1STN,A,T,C,126,0.2,1STN_A_T126C
1STN,A,T,C,144,1.1,1STN_A_T144C
1STN,A,T,C,164,0.2,1STN_A_T164C
1STN,A,T,C,202,1.7,1STN_A_T202C
1HTI,A,Q,D,217,-1.5,1HTI_A_Q217D
1HTI,A,S,D,143,1.3,1HTI_A_S143D
1HTI,A,Q,A,217,-0.1,1HTI_A_Q217A
1HTI,A,K,A,231,-1,1HTI_A_K231A
1HTI,A,A,P,253,-0.6,1HTI_A_A253P
1AKK,A,L,I,95,-0.2,1AKK_A_L95I
1AKK,A,L,V,95,1.2,1AKK_A_L95V
1AKK,A,L,A,95,3.5,1AKK_A_L95A
3PGK,A,W,Y,309,3.6,3PGK_A_W309Y
1YCC,A,N,I,58,-4.3,1YCC_A_N58I
1YCC,A,G,A,12,3.5,1YCC_A_G12A
1YCC,A,N,Q,58,0.84,1YCC_A_N58Q
1YCC,A,N,S,58,0.37,1YCC_A_N58S
1YCC,A,N,H,58,1.7,1YCC_A_N58H
1YCC,A,N,T,58,-1.9,1YCC_A_N58T
1YCC,A,N,A,58,-2.97,1YCC_A_N58A
1YCC,A,N,V,58,-2.02,1YCC_A_N58V
1YCC,A,N,M,58,-4.04,1YCC_A_N58M
1YCC,A,N,L,58,-4.73,1YCC_A_N58L
1YCC,A,N,F,58,0.06,1YCC_A_N58F
1QLP,A,F,C,75,-3.01,1QLP_A_F75C
3MBP,A,V,G,34,1.1,3MBP_A_V34G
3MBP,A,G,C,45,2.3,3MBP_A_G45C
3MBP,A,A,G,302,1.89,3MBP_A_A302G
3MBP,A,Y,D,309,3.2,3MBP_A_Y309D
3MBP,A,T,I,371,-0.7,3MBP_A_T371I
3PGK,A,F,W,195,6.04,3PGK_A_F195W
3PGK,A,Y,W,49,4.83,3PGK_A_Y49W
3PGK,A,Y,W,123,5.65,3PGK_A_Y123W
3PGK,A,L,W,400,6,3PGK_A_L400W
3PGK,A,W,Y,334,6.42,3PGK_A_W334Y
1AG2,A,M,V,128,0.33,1AG2_A_M128V
1AG2,A,V,I,179,0.5,1AG2_A_V179I
1AG2,A,T,A,182,4.62,1AG2_A_T182A
1AG2,A,T,V,189,0.17,1AG2_A_T189V
1AG2,A,F,S,197,2.46,1AG2_A_F197S
1AG2,A,E,K,199,0.2,1AG2_A_E199K
1AG2,A,R,H,207,1.44,1AG2_A_R207H
1AG2,A,V,I,209,0.26,1AG2_A_V209I
1AG2,A,Q,R,216,2.13,1AG2_A_Q216R
1P2P,A,H,Q,70,1.03,1P2P_A_H70Q
1P2P,A,H,N,70,2.28,1P2P_A_H70N
1P2P,A,H,K,70,3.21,1P2P_A_H70K
1YCC,A,K,H,79,2.06,1YCC_A_K79H
2ABD,A,F,A,6,2.63,2ABD_A_F6A
2ABD,A,A,G,10,2,2ABD_A_A10G
2ABD,A,V,A,13,1.69,2ABD_A_V13A
2ABD,A,L,A,16,3.57,2ABD_A_L16A
2ABD,A,P,A,20,1.07,2ABD_A_P20A
2ABD,A,D,A,22,-0.42,2ABD_A_D22A
2ABD,A,D,H,22,0.56,2ABD_A_D22H
2ABD,A,L,A,26,2.02,2ABD_A_L26A
2ABD,A,Y,A,29,2.7,2ABD_A_Y29A
2ABD,A,Y,F,29,1.26,2ABD_A_Y29F
2ABD,A,Y,N,29,2.47,2ABD_A_Y29N
2ABD,A,Y,N,32,1.9,2ABD_A_Y32N
2ABD,A,K,A,33,1.61,2ABD_A_K33A
2ABD,A,K,R,33,2.22,2ABD_A_K33R
2ABD,A,K,E,33,1.68,2ABD_A_K33E
2ABD,A,Q,A,34,3.66,2ABD_A_Q34A
2ABD,A,A,G,35,1.57,2ABD_A_A35G
2ABD,A,T,A,36,1.5,2ABD_A_T36A
2ABD,A,P,A,45,1.4,2ABD_A_P45A
2ABD,A,K,M,53,-0.48,2ABD_A_K53M
2ABD,A,K,A,55,1.41,2ABD_A_K55A
2ABD,A,K,M,55,-0.27,2ABD_A_K55M
2ABD,A,E,A,68,0.8,2ABD_A_E68A
2ABD,A,Y,A,74,4.83,2ABD_A_Y74A
2ABD,A,Y,F,74,-0.27,2ABD_A_Y74F
2ABD,A,V,A,78,1.6,2ABD_A_V78A
2ABD,A,L,A,81,4.57,2ABD_A_L81A
1HNG,A,L,V,38,-2.2,1HNG_A_L38V
1HNG,A,I,V,40,-1.2,1HNG_A_I40V
1HNG,A,V,A,52,-4.9,1HNG_A_V52A
1HNG,A,A,G,62,-1.71,1HNG_A_A62G
1HNG,A,L,V,72,0.4,1HNG_A_L72V
1HNG,A,I,V,79,-0.43,1HNG_A_I79V
1HNG,A,V,A,100,-3.01,1HNG_A_V100A
1HNG,A,L,V,111,-0.14,1HNG_A_L111V
1HNG,A,L,V,117,-0.8,1HNG_A_L117V
1RN1,A,D,N,102,3.51,1RN1_A_D102N
1RN1,A,D,S,102,3.3,1RN1_A_D102S
1RN1,A,D,A,102,3.8,1RN1_A_D102A
1BVC,A,D,A,45,0.2,1BVC_A_D45A
1BVC,A,K,A,57,0.25,1BVC_A_K57A
1BVC,A,D,A,61,0.15,1BVC_A_D61A
1BVC,A,E,A,19,0.7,1BVC_A_E19A
1BVC,A,E,A,5,0.7,1BVC_A_E5A
1BVC,A,K,A,78,0.05,1BVC_A_K78A
1AAR,A,K,E,614,-0.53,1AAR_A_K614E
1AAR,A,K,Q,614,-0.26,1AAR_A_K614Q
1AAR,A,K,Q,635,1.91,1AAR_A_K635Q
1AAR,A,K,Q,637,1.67,1AAR_A_K637Q
1AAR,A,K,N,637,1.48,1AAR_A_K637N
1AAR,A,R,E,650,-1.63,1AAR_A_R650E
1AAR,A,H,Q,676,-0.6,1AAR_A_H676Q
1AAR,A,H,E,676,-0.76,1AAR_A_H676E
1AAR,A,R,Q,680,0.33,1AAR_A_R680Q
1FTG,A,F,L,8,-0.23,1FTG_A_F8L
1FTG,A,Y,F,48,1.07,1FTG_A_Y48F
1FTG,A,H,A,35,1.77,1FTG_A_H35A
1WIT,A,Y,F,4220,-2.15,1WIT_A_Y4220F
1HNG,A,Y,F,98,-1.49,1HNG_A_Y98F
451C,A,V,I,100,-1.49,451C_A_V100I
1BVC,A,V,A,14,0.7,1BVC_A_V14A
1BVC,A,L,A,116,1.4,1BVC_A_L116A
1BVC,A,F,A,124,1.1,1BVC_A_F124A
1BVC,A,L,A,136,1.7,1BVC_A_L136A
1BVC,A,L,A,12,0.6,1BVC_A_L12A
1BVC,A,F,A,107,0.7,1BVC_A_F107A
1BVC,A,L,A,138,1.8,1BVC_A_L138A
1BVC,A,A,L,16,-0.2,1BVC_A_A16L
1BVC,A,A,L,126,-0.6,1BVC_A_A126L
1BVC,A,A,L,145,-0.4,1BVC_A_A145L
1CYO,A,V,E,66,1.1,1CYO_A_V66E
1CYO,A,V,Y,66,1.34,1CYO_A_V66Y
1CYO,A,V,H,66,1.63,1CYO_A_V66H
1CYO,A,V,K,66,2.39,1CYO_A_V66K
1HFZ,A,H,Y,51,-0.1,1HFZ_A_H51Y
1HFZ,A,H,A,51,2.13,1HFZ_A_H51A
1HFZ,A,L,H,129,-1.4,1HFZ_A_L129H
1HFZ,A,L,R,129,-0.43,1HFZ_A_L129R
1HFZ,A,L,E,129,0.2,1HFZ_A_L129E
1HFZ,A,Q,A,136,1,1HFZ_A_Q136A
1HFZ,A,W,Y,137,1.2,1HFZ_A_W137Y
1HFZ,A,W,H,137,0.6,1HFZ_A_W137H
1HFZ,A,A,S,125,1.1,1HFZ_A_A125S
1HFZ,A,H,Y,126,0.2,1HFZ_A_H126Y
1HFZ,A,H,A,126,0.8,1HFZ_A_H126A
1HFZ,A,H,W,126,1.72,1HFZ_A_H126W
1HFZ,A,K,N,133,-2.65,1HFZ_A_K133N
1HFZ,A,K,Q,133,0.6,1HFZ_A_K133Q
1HFZ,A,K,E,133,0.7,1HFZ_A_K133E
1HFZ,A,V,N,61,0.24,1HFZ_A_V61N
1HFZ,A,V,A,61,0.93,1HFZ_A_V61A
1HFZ,A,V,G,61,1.15,1HFZ_A_V61G
1HFZ,A,Q,A,73,0.41,1HFZ_A_Q73A
1HFZ,A,I,W,78,0.93,1HFZ_A_I78W
1HFZ,A,Y,P,122,0.3,1HFZ_A_Y122P
1HFZ,A,Y,A,122,2.6,1HFZ_A_Y122A
1HFZ,A,W,Y,123,2.44,1HFZ_A_W123Y
1RN1,A,D,A,75,0.5,1RN1_A_D75A
3BLS,A,Y,F,166,2,3BLS_A_Y166F
1YCC,A,F,Y,88,0.7,1YCC_A_F88Y
1YCC,A,L,A,91,2.8,1YCC_A_L91A
2ABD,A,F,A,27,1.8,2ABD_A_F27A
2ABD,A,I,A,40,1.06,2ABD_A_I40A
2ABD,A,A,G,70,2.3,2ABD_A_A70G
2ABD,A,I,A,75,1.7,2ABD_A_I75A
2AKY,A,N,D,171,2.15,2AKY_A_N171D
2AKY,A,T,H,79,2.15,2AKY_A_T79H
2AKY,A,V,I,10,1.2,2AKY_A_V10I
2AKY,A,I,F,215,1.91,2AKY_A_I215F
3MBP,A,W,A,36,4.3,3MBP_A_W36A
1B0O,A,W,Y,35,6.91,1B0O_A_W35Y
2HMB,A,F,Y,17,3.44,2HMB_A_F17Y
2HMB,A,F,S,58,3.63,2HMB_A_F58S
2HMB,A,Y,F,129,3.82,2HMB_A_Y129F
2HMB,A,T,E,41,3.27,2HMB_A_T41E
2HMB,A,T,Q,41,4.37,2HMB_A_T41Q
2HMB,A,T,V,41,1.84,2HMB_A_T41V
2HMB,A,R,T,107,3.54,2HMB_A_R107T
2HMB,A,R,K,127,4.66,2HMB_A_R127K
2HMB,A,R,Q,127,0.62,2HMB_A_R127Q
1BVC,A,H,V,25,0.54,1BVC_A_H25V
1BVC,A,H,Q,49,0.6,1BVC_A_H49Q
1BVC,A,H,Q,65,0.5,1BVC_A_H65Q
1BVC,A,H,Q,83,0.2,1BVC_A_H83Q
1BVC,A,H,G,94,-0.05,1BVC_A_H94G
1BVC,A,H,Q,98,0.13,1BVC_A_H98Q
1BVC,A,H,Q,114,0.36,1BVC_A_H114Q
1BVC,A,H,F,120,0.71,1BVC_A_H120F
1STN,A,M,L,114,0.8,1STN_A_M114L
1STN,A,M,I,114,0.6,1STN_A_M114I
1C2R,A,P,A,56,2,1C2R_A_P56A
1C2R,A,G,S,55,2.2,1C2R_A_G55S
2AFG,A,C,S,98,1.91,2AFG_A_C98S
2AFG,A,C,S,132,0.93,2AFG_A_C132S
2AFG,A,C,S,31,2.89,2AFG_A_C31S
2AFG,A,H,G,108,-1.79,2AFG_A_H108G
1LZ1,A,R,G,68,-1.1,1LZ1_A_R68G
1LZ1,A,Q,G,76,-2.06,1LZ1_A_Q76G
1LZ1,A,H,G,96,0.8,1LZ1_A_H96G
1LZ1,A,G,Q,55,0.86,1LZ1_A_G55Q
1RN1,A,D,H,75,-9.1,1RN1_A_D75H
1TTG,A,P,A,1542,-0.11,1TTG_A_P1542A
1TTG,A,L,A,1545,1.8,1TTG_A_L1545A
1TTG,A,V,A,1547,1.38,1TTG_A_V1547A
1TTG,A,A,G,1550,1.2,1TTG_A_A1550G
1TTG,A,L,A,1555,1,1TTG_A_L1555A
1TTG,A,I,A,1557,0.74,1TTG_A_I1557A
1TTG,A,I,V,1557,0.41,1TTG_A_I1557V
1TTG,A,W,F,1559,2,1TTG_A_W1559F
1TTG,A,P,A,1562,0.48,1TTG_A_P1562A
1TTG,A,V,A,1566,1.45,1TTG_A_V1566A
1TTG,A,Y,F,1569,0.5,1TTG_A_Y1569F
1TTG,A,Y,L,1569,2.81,1TTG_A_Y1569L
1TTG,A,Y,A,1569,4.37,1TTG_A_Y1569A
1TTG,A,I,A,1571,5.02,1TTG_A_I1571A
1TTG,A,I,V,1571,0.41,1TTG_A_I1571V
1TTG,A,Y,A,1573,2.29,1TTG_A_Y1573A
1TTG,A,F,A,1585,2.16,1TTG_A_F1585A
1TTG,A,V,A,1587,2.9,1TTG_A_V1587A
1TTG,A,A,G,1594,2.81,1TTG_A_A1594G
1TTG,A,I,A,1596,3.66,1TTG_A_I1596A
1TTG,A,I,V,1596,1.12,1TTG_A_I1596V
1TTG,A,L,A,1599,2.94,1TTG_A_L1599A
1TTG,A,P,A,1601,0.41,1TTG_A_P1601A
1TTG,A,V,A,1603,0.9,1TTG_A_V1603A
1TTG,A,Y,F,1605,2.03,1TTG_A_Y1605F
1TTG,A,I,A,1607,4.1,1TTG_A_I1607A
1TTG,A,I,V,1607,1.3,1TTG_A_I1607V
1TTG,A,V,A,1609,3.33,1TTG_A_V1609A
1TTG,A,A,G,1611,1.6,1TTG_A_A1611G
1TTG,A,S,A,1622,-0.11,1TTG_A_S1622A
1TTG,A,I,A,1625,0.7,1TTG_A_I1625A
1TTG,A,I,V,1625,0.35,1TTG_A_I1625V
1TTG,A,I,A,1627,0.7,1TTG_A_I1627A
1TTG,A,I,V,1627,0.4,1TTG_A_I1627V
1TTG,A,Y,F,1629,-0.11,1TTG_A_Y1629F
1TTG,A,Y,A,1629,1.19,1TTG_A_Y1629A
1STN,A,Y,A,195,-0.1,1STN_A_Y195A
1RN1,A,P,V,99,-2.44,1RN1_A_P99V
1A23,A,H,Y,51,-6.8,1A23_A_H51Y
1FEP,A,Q,C,278,-2.28,1FEP_A_Q278C
1FEP,A,S,C,276,-5.94,1FEP_A_S276C
1FEP,A,G,C,274,-7.93,1FEP_A_G274C
1FEP,A,E,C,272,-9.79,1FEP_A_E272C
1FEP,A,E,C,270,-6.83,1FEP_A_E270C
1FEP,A,S,C,268,-7.77,1FEP_A_S268C
1FEP,A,L,C,266,-6.88,1FEP_A_L266C
1STN,A,G,C,111,1.3,1STN_A_G111C
1STN,A,G,C,132,0.8,1STN_A_G132C
1STN,A,E,C,139,0.7,1STN_A_E139C
1STN,A,A,C,142,1.2,1STN_A_A142C
1STN,A,K,C,152,0.5,1STN_A_K152C
1STN,A,K,C,160,0.4,1STN_A_K160C
1STN,A,R,C,187,2.7,1STN_A_R187C
1STN,A,A,C,194,0.8,1STN_A_A194C
1STN,A,K,C,216,0.7,1STN_A_K216C
1STN,A,K,F,160,-0.1,1STN_A_K160F
1QLP,A,F,L,75,-2.1,1QLP_A_F75L
1QLP,A,T,A,83,-1,1QLP_A_T83A
1QLP,A,T,A,92,-1,1QLP_A_T92A
1QLP,A,A,G,94,-1.6,1QLP_A_A94G
1QLP,A,M,I,398,-2.3,1QLP_A_M398I
1QLP,A,S,A,405,-1,1QLP_A_S405A
1QLP,A,K,R,411,-1,1QLP_A_K411R
1RTB,A,D,N,147,1.9,1RTB_A_D147N
1RTB,A,D,A,147,2.2,1RTB_A_D147A
1RTB,A,H,A,145,-1.1,1RTB_A_H145A
1IGV,A,L,V,10,2.2,1IGV_A_L10V
1IGV,A,F,A,14,4.83,1IGV_A_F14A
1IGV,A,L,A,27,3.73,1IGV_A_L27A
1IGV,A,L,G,27,4.28,1IGV_A_L27G
1IGV,A,L,A,32,2.7,1IGV_A_L32A
1IGV,A,V,A,65,3.78,1IGV_A_V65A
1IGV,A,V,G,65,4.35,1IGV_A_V65G
1IGV,A,F,W,70,2.34,1IGV_A_F70W
1IGV,A,F,A,70,4.97,1IGV_A_F70A
1IGV,A,V,L,74,1.19,1IGV_A_V74L
1IGV,A,I,V,77,1.53,1IGV_A_I77V
1RN1,A,W,Y,85,0.93,1RN1_A_W85Y
1RN1,A,Y,W,50,-1.24,1RN1_A_Y50W
1RN1,A,Y,W,68,0.14,1RN1_A_Y68W
1RN1,A,Y,W,71,-0.74,1RN1_A_Y71W
1RN1,A,H,T,66,0.26,1RN1_A_H66T
1RN1,A,H,A,118,1.5,1RN1_A_H118A
1BLC,A,D,N,170,0.43,1BLC_A_D170N
1BTA,A,I,V,6,-1,1BTA_A_I6V
1BTA,A,L,V,17,-1.1,1BTA_A_L17V
1BTA,A,L,V,35,-1.1,1BTA_A_L35V
1BTA,A,L,V,52,-0.6,1BTA_A_L52V
1LZ1,A,I,T,74,6.67,1LZ1_A_I74T
1LZ1,A,D,H,85,4.54,1LZ1_A_D85H
1IOB,A,R,Q,120,1,1IOB_A_R120Q
1IOB,A,R,P,120,0.4,1IOB_A_R120P
1IOB,A,L,A,122,3.1,1IOB_A_L122A
1IOB,A,N,G,123,2.6,1IOB_A_N123G
1IOB,A,N,D,123,-0.43,1IOB_A_N123D
1IOB,A,C,A,124,2.52,1IOB_A_C124A
1IOB,A,C,S,124,4.8,1IOB_A_C124S
1IOB,A,L,A,126,5.1,1IOB_A_L126A
1BVC,A,Q,A,9,-1.07,1BVC_A_Q9A
1BVC,A,Q,G,9,0.63,1BVC_A_Q9G
1BVC,A,E,A,110,-0.36,1BVC_A_E110A
1BVC,A,E,G,110,0.96,1BVC_A_E110G
1BVC,A,K,A,141,-0.6,1BVC_A_K141A
4LYZ,A,K,D,31,8,4LYZ_A_K31D
4LYZ,A,G,N,67,2,4LYZ_A_G67N
4LYZ,A,P,N,88,3.5,4LYZ_A_P88N
4LYZ,A,C,A,112,6,4LYZ_A_C112A
4LYZ,A,N,D,121,-1,4LYZ_A_N121D
4LYZ,A,M,T,123,1,4LYZ_A_M123T
4LYZ,A,G,A,85,-1.27,4LYZ_A_G85A
1LZ1,A,R,A,39,-1.5,1LZ1_A_R39A
1LZ1,A,R,G,39,-1.15,1LZ1_A_R39G
1LZ1,A,Y,A,56,2.49,1LZ1_A_Y56A
1LZ1,A,Y,G,56,2.32,1LZ1_A_Y56G
1LZ1,A,R,A,68,-0.6,1LZ1_A_R68A
1LZ1,A,Q,A,76,-1.2,1LZ1_A_Q76A
1LZ1,A,H,A,96,1.2,1LZ1_A_H96A
1LZ1,A,N,A,136,-5,1LZ1_A_N136A
1LZ1,A,N,G,136,-5,1LZ1_A_N136G
1K9Q,A,L,Y,190,-0.54,1K9Q_A_L190Y
1K9Q,A,D,T,194,-0.41,1K9Q_A_D194T
1K9Q,A,A,R,180,-0.9,1K9Q_A_A180R
1STN,A,M,I,108,0.9,1STN_A_M108I
1STN,A,M,I,147,1.5,1STN_A_M147I
1STN,A,M,I,180,4.4,1STN_A_M180I
1STN,A,M,L,108,0.5,1STN_A_M108L
1STN,A,M,L,147,0.8,1STN_A_M147L
1MGR,A,Y,F,53,0.6,1MGR_A_Y53F
1MGR,A,Y,F,75,-0.5,1MGR_A_Y75F
1MGR,A,Y,F,96,2.6,1MGR_A_Y96F
1MGR,A,Y,F,97,2.1,1MGR_A_Y97F
1MGR,A,Y,F,100,0.7,1MGR_A_Y100F
1MGR,A,Y,F,125,1.5,1MGR_A_Y125F
1MGR,A,Y,F,126,1,1MGR_A_Y126F
1QLP,A,A,V,55,-0.6,1QLP_A_A55V
1QLP,A,A,I,55,-0.9,1QLP_A_A55I
1QLP,A,A,L,55,-0.9,1QLP_A_A55L
1QLP,A,A,P,55,-2.5,1QLP_A_A55P
1QLP,A,V,I,79,0.2,1QLP_A_V79I
1QLP,A,V,L,79,0.3,1QLP_A_V79L
1QLP,A,V,I,169,-0.2,1QLP_A_V169I
1QLP,A,V,L,169,0.7,1QLP_A_V169L
1QLP,A,V,I,197,-0.5,1QLP_A_V197I
1QLP,A,V,L,197,0.6,1QLP_A_V197L
1QLP,A,A,V,207,-3.8,1QLP_A_A207V
1QLP,A,A,I,207,-1.8,1QLP_A_A207I
1QLP,A,A,L,207,-1.4,1QLP_A_A207L
1QLP,A,A,F,207,-1.5,1QLP_A_A207F
1QLP,A,A,V,272,-2.3,1QLP_A_A272V
1QLP,A,A,I,272,-2.2,1QLP_A_A272I
1QLP,A,A,L,272,-1.5,1QLP_A_A272L
1QLP,A,A,F,272,-1.8,1QLP_A_A272F
1QLP,A,A,V,274,0.4,1QLP_A_A274V
1QLP,A,A,I,274,0.4,1QLP_A_A274I
1QLP,A,A,L,274,1,1QLP_A_A274L
1QLP,A,A,V,308,-0.8,1QLP_A_A308V
1QLP,A,V,I,345,-0.6,1QLP_A_V345I
1QLP,A,V,L,345,1.2,1QLP_A_V345L
1QLP,A,V,I,388,-0.4,1QLP_A_V388I
1QLP,A,V,L,388,0.3,1QLP_A_V388L
4LYZ,A,I,M,76,1.18,4LYZ_A_I76M
4LYZ,A,I,M,96,0.9,4LYZ_A_I96M
4LYZ,A,I,M,116,0.9,4LYZ_A_I116M
1HFY,A,T,V,48,-2.3,1HFY_A_T48V
1RN1,A,V,A,42,2.49,1RN1_A_V42A
1RN1,A,V,S,42,4.71,1RN1_A_V42S
1RN1,A,V,T,42,4.1,1RN1_A_V42T
1RN1,A,V,C,42,5.3,1RN1_A_V42C
1RN1,A,V,A,104,4.1,1RN1_A_V104A
1RN1,A,V,S,104,4.73,1RN1_A_V104S
1RN1,A,V,T,104,4.08,1RN1_A_V104T
1RN1,A,V,C,104,3.7,1RN1_A_V104C
1RN1,A,V,S,115,4.9,1RN1_A_V115S
1RN1,A,V,T,115,3.1,1RN1_A_V115T
1RN1,A,V,C,115,3.54,1RN1_A_V115C
2TRX,A,D,I,27,-12.1,2TRX_A_D27I
2TRX,A,C,A,33,-5.3,2TRX_A_C33A
2TRX,A,C,A,36,-5.9,2TRX_A_C36A
2TRX,A,T,L,67,-7.6,2TRX_A_T67L
2TRX,A,T,V,78,-7.9,2TRX_A_T78V
1BPI,A,N,G,79,4.7,1BPI_A_N79G
1BNI,A,D,M,69,0.27,1BNI_A_D69M
1PGA,A,T,W,279,-1.04,1PGA_A_T279W
1PGA,A,T,C,279,-0.78,1PGA_A_T279C
1STN,A,L,F,171,1.2,1STN_A_L171F
1STN,A,H,L,206,-1.9,1STN_A_H206L
1LZ1,A,G,A,34,1.7,1LZ1_A_G34A
1LZ1,A,G,A,40,3.5,1LZ1_A_G40A
1LZ1,A,G,A,55,0.29,1LZ1_A_G55A
1LZ1,A,G,A,66,-1.5,1LZ1_A_G66A
1LZ1,A,G,A,86,1,1LZ1_A_G86A
1LZ1,A,G,A,90,0.36,1LZ1_A_G90A
1LZ1,A,G,A,123,1.1,1LZ1_A_G123A
1LZ1,A,G,A,145,0.6,1LZ1_A_G145A
1LZ1,A,G,A,147,-0.9,1LZ1_A_G147A
1OH0,A,Y,S,16,-11.9,1OH0_A_Y16S
1OH0,A,Y,S,32,-13.7,1OH0_A_Y32S
1STN,A,V,I,105,0.2,1STN_A_V105I
1STN,A,V,L,105,0.1,1STN_A_V105L
1STN,A,V,I,121,-0.1,1STN_A_V121I
1STN,A,V,L,121,0.9,1STN_A_V121L
1STN,A,V,I,133,-0.1,1STN_A_V133I
1STN,A,V,L,133,0.2,1STN_A_V133L
1STN,A,V,I,148,1,1STN_A_V148I
1STN,A,V,I,156,1.9,1STN_A_V156I
1STN,A,V,L,156,1.2,1STN_A_V156L
1STN,A,V,I,181,0.2,1STN_A_V181I
1STN,A,V,L,181,0.3,1STN_A_V181L
1STN,A,V,I,186,-0.3,1STN_A_V186I
1STN,A,V,L,186,0.8,1STN_A_V186L
1STN,A,V,I,193,0.7,1STN_A_V193I
1STN,A,V,L,193,0.9,1STN_A_V193L
1STN,A,V,I,196,0.1,1STN_A_V196I
1STN,A,V,L,196,1.1,1STN_A_V196L
1STN,A,I,L,97,0.6,1STN_A_I97L
1STN,A,I,M,97,0.3,1STN_A_I97M
1STN,A,I,L,100,0.2,1STN_A_I100L
1STN,A,I,L,154,0.2,1STN_A_I154L
1STN,A,I,M,154,1.9,1STN_A_I154M
1STN,A,I,L,174,0.6,1STN_A_I174L
1STN,A,I,M,174,1.8,1STN_A_I174M
1STN,A,I,L,221,0.1,1STN_A_I221L
1STN,A,I,M,221,0.4,1STN_A_I221M
1STN,A,L,I,96,1.6,1STN_A_L96I
1STN,A,L,V,96,1.6,1STN_A_L96V
1STN,A,L,I,107,1.8,1STN_A_L107I
1STN,A,L,V,107,1.9,1STN_A_L107V
1STN,A,L,I,118,3.1,1STN_A_L118I
1STN,A,L,V,118,3.6,1STN_A_L118V
1STN,A,L,I,119,2,1STN_A_L119I
1STN,A,L,V,119,3,1STN_A_L119V
1STN,A,L,I,120,2.1,1STN_A_L120I
1STN,A,L,V,120,0.2,1STN_A_L120V
1STN,A,L,I,171,1.1,1STN_A_L171I
1STN,A,L,V,171,1.4,1STN_A_L171V
1STN,A,L,I,185,1.1,1STN_A_L185I
1STN,A,L,V,185,2,1STN_A_L185V
1STN,A,L,I,190,3.4,1STN_A_L190I
1STN,A,L,V,190,3.9,1STN_A_L190V
1STN,A,L,I,207,1,1STN_A_L207I
1STN,A,L,V,207,2.3,1STN_A_L207V
1STN,A,L,I,219,0.8,1STN_A_L219I
1STN,A,L,V,219,1.4,1STN_A_L219V
1STN,A,T,I,95,0.1,1STN_A_T95I
1STN,A,T,I,104,0.7,1STN_A_T104I
1STN,A,T,I,115,-0.7,1STN_A_T115I
1STN,A,T,I,123,-0.9,1STN_A_T123I
1STN,A,T,I,126,0.6,1STN_A_T126I
1STN,A,T,I,144,1.7,1STN_A_T144I
1STN,A,T,I,164,-0.5,1STN_A_T164I
1STN,A,T,I,202,1.7,1STN_A_T202I
1BPI,A,Y,A,56,3.9,1BPI_A_Y56A
5AZU,A,I,S,27,6.4,5AZU_A_I27S
5AZU,A,F,S,130,6.4,5AZU_A_F130S
1UWO,A,L,A,4,1.19,1UWO_A_L4A
1UWO,A,L,S,4,2.77,1UWO_A_L4S
1UWO,A,M,A,8,5.26,1UWO_A_M8A
1UWO,A,I,A,12,4.13,1UWO_A_I12A
1UWO,A,F,A,15,7.53,1UWO_A_F15A
5AZU,A,H,G,137,9.9,5AZU_A_H137G
5AZU,A,H,G,66,10.9,5AZU_A_H66G
1BVC,A,I,L,29,0.6,1BVC_A_I29L
1BVC,A,I,M,29,0.6,1BVC_A_I29M
1BVC,A,I,A,29,2.06,1BVC_A_I29A
1BVC,A,I,L,112,0.6,1BVC_A_I112L
1BVC,A,I,M,112,1.1,1BVC_A_I112M
1BVC,A,I,A,112,1.8,1BVC_A_I112A
1BVC,A,I,L,143,-0.6,1BVC_A_I143L
1BVC,A,I,M,143,-0.9,1BVC_A_I143M
1BVC,A,I,V,143,0.1,1BVC_A_I143V
1BVC,A,I,A,143,1.9,1BVC_A_I143A
1BVC,A,L,I,30,1.1,1BVC_A_L30I
1BVC,A,L,M,30,-0.1,1BVC_A_L30M
1BVC,A,L,V,30,1.7,1BVC_A_L30V
1BVC,A,L,A,30,2.4,1BVC_A_L30A
1BVC,A,L,V,70,0.1,1BVC_A_L70V
1BVC,A,L,A,70,1.2,1BVC_A_L70A
1BVC,A,L,I,136,1.5,1BVC_A_L136I
1BVC,A,L,M,136,0.8,1BVC_A_L136M
1BVC,A,L,V,136,2.2,1BVC_A_L136V
1BVC,A,L,I,50,0.8,1BVC_A_L50I
1BPI,A,G,S,71,0.7,1BPI_A_G71S
1BVC,A,G,A,130,-1.1,1BVC_A_G130A
1BVC,A,V,A,67,-0.8,1BVC_A_V67A
1BVC,A,P,A,89,-0.6,1BVC_A_P89A
1BVC,A,H,A,117,-0.2,1BVC_A_H117A
1BVC,A,T,A,68,0.3,1BVC_A_T68A
1BVC,A,S,A,118,0.3,1BVC_A_S118A
1BVC,A,L,A,10,0.4,1BVC_A_L10A
1BVC,A,G,A,24,1.1,1BVC_A_G24A
1BVC,A,V,A,115,1.4,1BVC_A_V115A
1BVC,A,T,A,52,1.4,1BVC_A_T52A
1BVC,A,L,A,150,1.6,1BVC_A_L150A
1LRP,A,G,A,47,-0.66,1LRP_A_G47A
1LRP,A,G,A,49,-0.87,1LRP_A_G49A
1LRP,A,K,Q,5,-0.43,1LRP_A_K5Q
1LRP,A,Q,Y,34,-1.32,1LRP_A_Q34Y
1LRP,A,Q,Y,45,0.02,1LRP_A_Q45Y
1LRP,A,A,V,50,1.22,1LRP_A_A50V
1LRP,A,Y,H,23,2.25,1LRP_A_Y23H
1LRP,A,A,T,67,2.99,1LRP_A_A67T
1LRP,A,I,S,85,2.25,1LRP_A_I85S
1LZ1,A,I,V,41,0.41,1LZ1_A_I41V
1LZ1,A,I,V,74,1.34,1LZ1_A_I74V
1LZ1,A,I,V,77,1.2,1LZ1_A_I77V
1LZ1,A,I,V,107,0.7,1LZ1_A_I107V
1LZ1,A,I,V,124,1.3,1LZ1_A_I124V
1LZ1,A,V,A,20,1.8,1LZ1_A_V20A
1LZ1,A,V,A,92,0.7,1LZ1_A_V92A
1LZ1,A,V,A,111,1,1LZ1_A_V111A
1LZ1,A,V,A,117,1.2,1LZ1_A_V117A
1LZ1,A,V,A,118,1.1,1LZ1_A_V118A
1LZ1,A,V,A,128,-1.2,1LZ1_A_V128A
1LZ1,A,V,A,139,2,1LZ1_A_V139A
1LZ1,A,V,A,143,1.6,1LZ1_A_V143A
1LZ1,A,V,A,148,1.12,1LZ1_A_V148A
4LYZ,A,F,Y,21,0.45,4LYZ_A_F21Y
4LYZ,A,H,L,33,-0.76,4LYZ_A_H33L
4LYZ,A,N,K,37,1.06,4LYZ_A_N37K
4LYZ,A,R,Q,39,0.15,4LYZ_A_R39Q
4LYZ,A,F,Y,52,-0.19,4LYZ_A_F52Y
4LYZ,A,R,K,86,0.04,4LYZ_A_R86K
4LYZ,A,R,K,91,-0.23,4LYZ_A_R91K
4LYZ,A,N,H,95,0.38,4LYZ_A_N95H
4LYZ,A,D,G,119,-0.45,4LYZ_A_D119G
4LYZ,A,G,V,120,0.04,4LYZ_A_G120V
4LYZ,A,G,R,120,-0.38,4LYZ_A_G120R
4LYZ,A,R,H,132,-0.68,4LYZ_A_R132H
4LYZ,A,Q,H,139,0.45,4LYZ_A_Q139H
4LYZ,A,A,V,49,-1.2,4LYZ_A_A49V
4LYZ,A,A,I,49,-1.4,4LYZ_A_A49I
4LYZ,A,A,L,49,-1.8,4LYZ_A_A49L
4LYZ,A,D,S,119,-0.87,4LYZ_A_D119S
4LYZ,A,D,A,119,-0.76,4LYZ_A_D119A
4LYZ,A,D,F,119,-0.72,4LYZ_A_D119F
4LYZ,A,D,R,119,-0.27,4LYZ_A_D119R
4LYZ,A,D,K,119,-0.19,4LYZ_A_D119K
4LYZ,A,D,N,119,-0.04,4LYZ_A_D119N
4LYZ,A,D,Q,119,0.08,4LYZ_A_D119Q
4LYZ,A,S,T,109,-0.99,4LYZ_A_S109T
4LYZ,A,S,V,109,0.08,4LYZ_A_S109V
4LYZ,A,S,A,109,0.15,4LYZ_A_S109A
4LYZ,A,T,S,58,0.27,4LYZ_A_T58S
4LYZ,A,I,L,73,0.45,4LYZ_A_I73L
4LYZ,A,I,V,73,0.91,4LYZ_A_I73V
4LYZ,A,T,I,58,2.2,4LYZ_A_T58I
4LYZ,A,I,M,73,2.27,4LYZ_A_I73M
4LYZ,A,S,D,109,2.31,4LYZ_A_S109D
4LYZ,A,I,F,73,2.46,4LYZ_A_I73F
4LYZ,A,S,Y,109,3.07,4LYZ_A_S109Y
4LYZ,A,I,A,73,4.4,4LYZ_A_I73A
1LZ1,A,P,G,121,0.1,1LZ1_A_P121G
1RTB,A,P,A,119,2.7,1RTB_A_P119A
1RTB,A,P,S,119,2.1,1RTB_A_P119S
1RTB,A,P,A,140,3.2,1RTB_A_P140A
1RTB,A,P,G,140,3.6,1RTB_A_P140G
1LRP,A,G,S,49,-0.68,1LRP_A_G49S
1LRP,A,G,N,49,-0.79,1LRP_A_G49N
3SSI,A,M,A,134,2.8,3SSI_A_M134A
3SSI,A,M,V,134,2.22,3SSI_A_M134V
3SSI,A,M,I,134,2.29,3SSI_A_M134I
3SSI,A,M,L,134,-0.77,3SSI_A_M134L
3SSI,A,M,G,134,7.1,3SSI_A_M134G
1SUP,A,N,S,325,-1.07,1SUP_A_N325S
1SUP,A,G,A,276,-0.3,1SUP_A_G276A
1SUP,A,M,F,157,-0.48,1SUP_A_M157F
1SUP,A,Y,K,324,-0.72,1SUP_A_Y324K
1SUP,A,Q,C,313,-1.25,1SUP_A_Q313C
1SUP,A,N,D,183,-0.45,1SUP_A_N183D
3SSI,A,V,A,44,6.93,3SSI_A_V44A
3SSI,A,V,G,44,10.3,3SSI_A_V44G
3SSI,A,V,F,44,5.69,3SSI_A_V44F
3SSI,A,V,I,44,0.94,3SSI_A_V44I
3SSI,A,V,L,44,2.52,3SSI_A_V44L
3SSI,A,V,M,44,5.92,3SSI_A_V44M
1BPI,A,R,A,36,0.5,1BPI_A_R36A
1BPI,A,P,A,37,1.3,1BPI_A_P37A
1BPI,A,D,A,38,-0.2,1BPI_A_D38A
1BPI,A,F,A,39,3,1BPI_A_F39A
1BPI,A,L,A,41,0.6,1BPI_A_L41A
1BPI,A,E,A,42,1.5,1BPI_A_E42A
1BPI,A,P,A,43,0.3,1BPI_A_P43A
1BPI,A,P,A,44,0.8,1BPI_A_P44A
1BPI,A,Y,A,45,1.2,1BPI_A_Y45A
1BPI,A,G,A,47,1.8,1BPI_A_G47A
1BPI,A,K,A,50,0.4,1BPI_A_K50A
1BPI,A,R,A,52,0.3,1BPI_A_R52A
1BPI,A,I,A,53,1.5,1BPI_A_I53A
1BPI,A,I,A,54,2.1,1BPI_A_I54A
1BPI,A,R,A,55,1.8,1BPI_A_R55A
1BPI,A,N,A,59,2.2,1BPI_A_N59A
1BPI,A,G,A,63,1,1BPI_A_G63A
1BPI,A,Q,A,66,1,1BPI_A_Q66A
1BPI,A,T,A,67,0.1,1BPI_A_T67A
1BPI,A,V,A,69,1.2,1BPI_A_V69A
1BPI,A,G,A,71,2.1,1BPI_A_G71A
1BPI,A,K,A,76,0.4,1BPI_A_K76A
1BPI,A,R,A,77,0.5,1BPI_A_R77A
1BPI,A,N,A,79,3.3,1BPI_A_N79A
1BPI,A,K,A,81,-0.1,1BPI_A_K81A
1BPI,A,S,A,82,1.6,1BPI_A_S82A
1BPI,A,E,A,84,0.2,1BPI_A_E84A
1BPI,A,D,A,85,0.4,1BPI_A_D85A
1BPI,A,M,A,87,1.7,1BPI_A_M87A
1BPI,A,R,A,88,0.1,1BPI_A_R88A
1BPI,A,T,A,89,0.1,1BPI_A_T89A
1BPI,A,G,A,91,0.2,1BPI_A_G91A
1BPI,A,G,A,92,0.2,1BPI_A_G92A
1YCC,A,C,S,108,-2.8,1YCC_A_C108S
1YCC,A,C,A,108,-2.9,1YCC_A_C108A
1CLW,A,G,R,178,2.1,1CLW_A_G178R
1CLW,A,T,I,236,1.6,1CLW_A_T236I
1CLW,A,G,R,245,4,1CLW_A_G245R
1CLW,A,E,V,310,2.3,1CLW_A_E310V
1CLW,A,R,K,286,10.3,1CLW_A_R286K
1CLW,A,G,D,324,0.4,1CLW_A_G324D
1CLW,A,R,S,383,17.4,1CLW_A_R383S
1RTB,A,Y,F,123,3.54,1RTB_A_Y123F
1RTB,A,Y,A,123,12,1RTB_A_Y123A
1RTB,A,Y,G,123,11.7,1RTB_A_Y123G
3SSI,A,M,K,104,-1.27,3SSI_A_M104K
3SSI,A,M,D,104,-1.6,3SSI_A_M104D
3SSI,A,M,E,104,-1.05,3SSI_A_M104E
3SSI,A,M,G,104,0.49,3SSI_A_M104G
3SSI,A,M,A,104,-0.55,3SSI_A_M104A
3SSI,A,M,V,104,0.95,3SSI_A_M104V
3SSI,A,M,L,104,0.55,3SSI_A_M104L
3SSI,A,M,I,104,1.28,3SSI_A_M104I
2TRX,A,L,K,79,3.9,2TRX_A_L79K
2TRX,A,L,R,79,4,2TRX_A_L79R
1N0J,A,I,T,82,3,1N0J_A_I82T
1CYO,A,F,H,40,3.4,1CYO_A_F40H
1RTB,A,P,G,119,2.6,1RTB_A_P119G
1LZ1,A,Y,F,56,0.19,1LZ1_A_Y56F
1LZ1,A,Y,F,72,1,1LZ1_A_Y72F
1LZ1,A,Y,F,81,0.24,1LZ1_A_Y81F
1LZ1,A,Y,F,142,0.4,1LZ1_A_Y142F
1LZ1,A,I,A,41,2.54,1LZ1_A_I41A
1LZ1,A,I,A,74,3.71,1LZ1_A_I74A
1LZ1,A,I,A,77,1.72,1LZ1_A_I77A
1LZ1,A,I,A,107,2.7,1LZ1_A_I107A
1LZ1,A,I,A,124,0.93,1LZ1_A_I124A
1LZ1,A,I,G,77,3.83,1LZ1_A_I77G
1TPK,A,V,I,280,-0.3,1TPK_A_V280I
1TPK,A,V,T,280,1,1TPK_A_V280T
1TPK,A,V,L,280,1.9,1TPK_A_V280L
1TPK,A,V,A,280,2,1TPK_A_V280A
1TPK,A,V,M,280,2.2,1TPK_A_V280M
1TPK,A,V,S,280,2.4,1TPK_A_V280S
1LRP,A,Y,C,89,-2.4,1LRP_A_Y89C
1BNI,A,G,A,100,3.4,1BNI_A_G100A
1BNI,A,G,A,99,5.3,1BNI_A_G99A
1BNI,A,G,V,100,7.8,1BNI_A_G100V
1BNI,A,G,V,99,8.4,1BNI_A_G99V
2AFG,A,L,P,59,-0.7,2AFG_A_L59P
2AFG,A,L,V,88,1.5,2AFG_A_L88V
2AFG,A,V,L,124,0.6,2AFG_A_V124L
451C,A,F,A,29,-1.1,451C_A_F29A
451C,A,V,M,35,-0.4,451C_A_V35M
451C,A,F,Y,56,-1.9,451C_A_F56Y
451C,A,Q,R,59,-0.5,451C_A_Q59R
451C,A,E,Y,65,-1.13,451C_A_E65Y
1LZ1,A,A,L,50,1.1,1LZ1_A_A50L
1LZ1,A,E,L,53,0.7,1LZ1_A_E53L
1LZ1,A,V,S,92,0.38,1LZ1_A_V92S
1LZ1,A,A,M,114,-1.1,1LZ1_A_A114M
1LZ1,A,V,F,118,2.4,1LZ1_A_V118F
1LZ1,A,I,L,74,0.4,1LZ1_A_I74L
1LZ1,A,I,M,74,1.8,1LZ1_A_I74M
1LZ1,A,I,F,74,4.09,1LZ1_A_I74F
1LZ1,A,I,M,77,1.3,1LZ1_A_I77M
1LZ1,A,I,F,77,0.81,1LZ1_A_I77F
1LZ1,A,I,S,77,3.6,1LZ1_A_I77S
1LZ1,A,I,T,77,2.22,1LZ1_A_I77T
1LZ1,A,I,Y,77,3.78,1LZ1_A_I77Y
1AYF,A,H,Q,114,2.2,1AYF_A_H114Q
1AYF,A,H,T,114,1.4,1AYF_A_H114T
1AYF,A,H,R,114,1.4,1AYF_A_H114R
1AYF,A,T,S,112,-0.1,1AYF_A_T112S
1AYF,A,T,A,112,1.5,1AYF_A_T112A
1AYF,A,Y,S,140,0.7,1AYF_A_Y140S
1AYF,A,Y,L,140,0.7,1AYF_A_Y140L
1AYF,A,Y,F,140,0.1,1AYF_A_Y140F
1AYF,A,Y,W,140,0.21,1AYF_A_Y140W
1AYF,A,C,S,153,-1,1AYF_A_C153S
1AYF,A,D,E,134,-0.45,1AYF_A_D134E
1A23,A,H,L,51,-5.3,1A23_A_H51L
1A23,A,H,S,51,-5.2,1A23_A_H51S
1LZ1,A,K,M,19,1.4,1LZ1_A_K19M
1LZ1,A,K,A,19,2.3,1LZ1_A_K19A
1CYO,A,V,Y,50,1.55,1CYO_A_V50Y
1CYO,A,V,H,50,1.6,1CYO_A_V50H
1CYO,A,V,E,50,2.68,1CYO_A_V50E
1LZ1,A,V,G,20,2.29,1LZ1_A_V20G
1LZ1,A,V,I,20,-1.1,1LZ1_A_V20I
1LZ1,A,V,L,20,0.3,1LZ1_A_V20L
1LZ1,A,V,M,20,0.31,1LZ1_A_V20M
1LZ1,A,V,F,20,0.86,1LZ1_A_V20F
1LZ1,A,V,G,92,0.22,1LZ1_A_V92G
1LZ1,A,V,I,92,-1.9,1LZ1_A_V92I
1LZ1,A,V,L,92,-0.4,1LZ1_A_V92L
1LZ1,A,V,M,92,-0.7,1LZ1_A_V92M
1LZ1,A,V,F,92,0.29,1LZ1_A_V92F
1LZ1,A,V,G,128,-2.2,1LZ1_A_V128G
1LZ1,A,V,I,128,-0.86,1LZ1_A_V128I
1LZ1,A,V,L,128,-0.07,1LZ1_A_V128L
1LZ1,A,V,M,128,-0.53,1LZ1_A_V128M
1LZ1,A,V,F,128,1.9,1LZ1_A_V128F
1LZ1,A,E,Q,25,1.43,1LZ1_A_E25Q
1LZ1,A,D,N,36,1.7,1LZ1_A_D36N
1LZ1,A,D,N,85,2.25,1LZ1_A_D85N
1LZ1,A,D,N,138,0.67,1LZ1_A_D138N
4LYZ,A,G,A,89,2.1,4LYZ_A_G89A
4LYZ,A,G,A,120,-1.2,4LYZ_A_G120A
4LYZ,A,G,A,135,1.46,4LYZ_A_G135A
4LYZ,A,M,L,30,0.57,4LYZ_A_M30L
4LYZ,A,M,F,30,-0.28,4LYZ_A_M30F
1LZ1,A,L,T,26,3.73,1LZ1_A_L26T
1LZ1,A,A,S,27,0.2,1LZ1_A_A27S
1LZ1,A,A,S,50,0.7,1LZ1_A_A50S
1LZ1,A,A,S,110,-2.2,1LZ1_A_A110S
1LZ1,A,V,T,111,0.8,1LZ1_A_V111T
1LZ1,A,A,S,114,1,1LZ1_A_A114S
1LZ1,A,V,T,117,0.9,1LZ1_A_V117T
1LZ1,A,V,T,118,0.8,1LZ1_A_V118T
1AJ3,A,Y,F,976,-2.53,1AJ3_A_Y976F
1AJ3,A,Y,F,1020,-2.57,1AJ3_A_Y1020F
1AJ3,A,F,Y,1015,0.44,1AJ3_A_F1015Y
1AJ3,A,K,Y,1022,-0.84,1AJ3_A_K1022Y
1AJ3,A,K,F,1022,-2.51,1AJ3_A_K1022F
1AJ3,A,K,F,981,-2.33,1AJ3_A_K981F
1CHK,A,W,F,68,4.43,1CHK_A_W68F
1CHK,A,W,F,141,3.91,1CHK_A_W141F
1CHK,A,W,F,267,2.97,1CHK_A_W267F
1TTG,A,P,A,1619,0.42,1TTG_A_P1619A
1TTG,A,P,A,1624,0.21,1TTG_A_P1624A
1TIT,A,C,S,12739,-5.43,1TIT_A_C12739S
1LZ1,A,V,S,20,1.41,1LZ1_A_V20S
1LZ1,A,V,Y,20,1.6,1LZ1_A_V20Y
1LZ1,A,V,D,20,1.43,1LZ1_A_V20D
1LZ1,A,V,N,20,1.34,1LZ1_A_V20N
1LZ1,A,V,R,20,0.6,1LZ1_A_V20R
1LZ1,A,V,Y,92,1.1,1LZ1_A_V92Y
1LZ1,A,V,D,92,1,1LZ1_A_V92D
1LZ1,A,V,N,92,1.2,1LZ1_A_V92N
1LZ1,A,V,R,92,1.4,1LZ1_A_V92R
1LZ1,A,V,Y,128,0.8,1LZ1_A_V128Y
1LZ1,A,V,D,128,-2.6,1LZ1_A_V128D
1LZ1,A,V,N,128,-0.5,1LZ1_A_V128N
1LZ1,A,V,R,128,-1.6,1LZ1_A_V128R
1AV1,A,L,R,165,1,1AV1_A_L165R
1QLP,A,K,F,355,1.8,1QLP_A_K355F
1QLP,A,K,I,355,0.77,1QLP_A_K355I
1QLP,A,K,V,355,0.9,1QLP_A_K355V
1QLP,A,K,T,355,-0.5,1QLP_A_K355T
1QLP,A,S,R,354,-2.4,1QLP_A_S354R
1FKJ,A,W,F,60,2.72,1FKJ_A_W60F
1FKJ,A,W,L,60,2.35,1FKJ_A_W60L
1STN,A,D,K,225,0.3,1STN_A_D225K
1STN,A,D,N,225,0.3,1STN_A_D225N
451C,A,E,Q,92,0.9,451C_A_E92Q
451C,A,E,V,92,2,451C_A_E92V
451C,A,W,F,78,1.9,451C_A_W78F
451C,A,W,F,99,1.2,451C_A_W99F
2AFG,A,N,G,121,-0.38,2AFG_A_N121G
2AFG,A,H,A,108,0.6,2AFG_A_H108A
2AFG,A,H,N,108,-0.29,2AFG_A_H108N
2AFG,A,G,A,77,1.5,2AFG_A_G77A
2AFG,A,G,N,77,1,2AFG_A_G77N
2AFG,A,A,G,118,0.5,2AFG_A_A118G
1IR3,A,W,F,1202,-0.6,1IR3_A_W1202F
1AJ3,A,D,G,1011,-1.4,1AJ3_A_D1011G
1YCC,A,H,Y,39,0.6,1YCC_A_H39Y
1YCC,A,H,Y,32,2.1,1YCC_A_H32Y
1KFW,A,G,P,130,-0.5,1KFW_A_G130P
1KFW,A,N,K,235,-0.81,1KFW_A_N235K
1KFW,A,G,P,291,0.7,1KFW_A_G291P
1KFW,A,G,Q,443,-0.62,1KFW_A_G443Q
1RTB,A,F,L,72,3.2,1RTB_A_F72L
1RTB,A,F,V,72,4.54,1RTB_A_F72V
1RTB,A,F,A,72,6.36,1RTB_A_F72A
1RTP,A,H,P,27,-1.25,1RTP_A_H27P
1RTP,A,A,P,22,1.92,1RTP_A_A22P
1RTP,A,K,S,81,0.29,1RTP_A_K81S
1BVC,A,I,A,31,1.9,1BVC_A_I31A
1BVC,A,L,A,33,2.04,1BVC_A_L33A
1BNI,A,Y,G,60,6.4,1BNI_A_Y60G
1BNI,A,Q,G,62,1.6,1BNI_A_Q62G
1BNI,A,Q,A,62,0.2,1BNI_A_Q62A
1BNI,A,I,G,102,3.1,1BNI_A_I102G
1BNI,A,R,G,119,2.5,1BNI_A_R119G
1BNI,A,E,G,120,5.4,1BNI_A_E120G
1BNI,A,I,G,135,7.4,1BNI_A_I135G
1BNI,A,L,G,136,7,1BNI_A_L136G
1BNI,A,L,G,142,4.7,1BNI_A_L142G
1BNI,A,I,G,143,5.7,1BNI_A_I143G
1BNI,A,Y,G,144,6.6,1BNI_A_Y144G
1BNI,A,T,G,147,2.8,1BNI_A_T147G
1STN,A,W,H,222,0.4,1STN_A_W222H
1STN,A,W,F,222,0.6,1STN_A_W222F
1STN,A,W,Y,222,1.1,1STN_A_W222Y
1STN,A,W,L,222,4.5,1STN_A_W222L
2ZTA,A,K,A,256,0.39,2ZTA_A_K256A
2ZTA,A,E,Q,259,0.74,2ZTA_A_E259Q
2ZTA,A,K,A,263,0.41,2ZTA_A_K263A
2ZTA,A,E,Q,268,-0.2,2ZTA_A_E268Q
2ZTA,A,E,Q,270,1.83,2ZTA_A_E270Q
2ZTA,A,R,A,273,1.66,2ZTA_A_R273A
2ZTA,A,K,A,275,0.91,2ZTA_A_K275A
2ZTA,A,K,A,276,0.06,2ZTA_A_K276A
1BTA,A,R,L,76,-0.8,1BTA_A_R76L
1BTA,A,R,Q,76,0.4,1BTA_A_R76Q
1BTA,A,K,Q,79,-0.4,1BTA_A_K79Q
1BTA,A,K,A,22,1.4,1BTA_A_K22A
1BTA,A,K,A,79,0.4,1BTA_A_K79A
1BTA,A,K,Q,23,1.1,1BTA_A_K23Q
1BTA,A,E,K,58,0.9,1BTA_A_E58K
1BTA,A,K,E,61,1.4,1BTA_A_K61E
1BTA,A,K,L,61,-1,1BTA_A_K61L
2BRD,A,S,A,48,0.3,2BRD_A_S48A
2BRD,A,D,A,49,0.9,2BRD_A_D49A
2BRD,A,D,A,51,0.5,2BRD_A_D51A
2BRD,A,K,A,53,0.3,2BRD_A_K53A
2BRD,A,K,A,54,1.6,2BRD_A_K54A
2BRD,A,F,A,55,1.6,2BRD_A_F55A
2BRD,A,Y,A,56,1.3,2BRD_A_Y56A
2BRD,A,I,A,58,1.9,2BRD_A_I58A
2BRD,A,T,A,59,2.2,2BRD_A_T59A
2BRD,A,T,A,60,1,2BRD_A_T60A
2BRD,A,V,A,62,-0.7,2BRD_A_V62A
2BRD,A,P,A,63,-0.1,2BRD_A_P63A
2BRD,A,I,A,65,1.4,2BRD_A_I65A
2BRD,A,F,A,67,1,2BRD_A_F67A
2BRD,A,T,A,68,0.1,2BRD_A_T68A
2BRD,A,M,A,69,-1.4,2BRD_A_M69A
2BRD,A,Y,A,70,3.7,2BRD_A_Y70A
2BRD,A,L,A,71,-0.3,2BRD_A_L71A
2BRD,A,S,A,72,-0.1,2BRD_A_S72A
2BRD,A,M,A,73,0.8,2BRD_A_M73A
2BRD,A,L,A,74,-0.7,2BRD_A_L74A
2BRD,A,L,A,75,-0.5,2BRD_A_L75A
3MBP,A,P,A,185,1.8,3MBP_A_P185A
3MBP,A,P,S,185,2.1,3MBP_A_P185S
3MBP,A,P,S,74,-2.5,3MBP_A_P74S
3MBP,A,P,A,74,-2.7,3MBP_A_P74A
1TIT,A,V,A,12689,-2.37,1TIT_A_V12689A
1TIT,A,I,A,12699,-2.89,1TIT_A_I12699A
1TIT,A,L,A,12717,-2.67,1TIT_A_L12717A
1TIT,A,L,A,12734,-3.61,1TIT_A_L12734A
1TIT,A,L,A,12736,-5.27,1TIT_A_L12736A
1TIT,A,F,L,12749,-3.8,1TIT_A_F12749L
1TIT,A,V,A,12762,-4.78,1TIT_A_V12762A
1HME,A,G,H,123,-0.47,1HME_A_G123H
1HME,A,I,H,122,1.23,1HME_A_I122H
1B26,A,R,A,191,0.41,1B26_A_R191A
1B26,A,E,A,232,0.95,1B26_A_E232A
1B26,A,K,A,194,-0.98,1B26_A_K194A
1N0J,A,Y,F,58,-12.7,1N0J_A_Y58F
1N0J,A,Q,N,167,-2.79,1N0J_A_Q167N
1FTG,A,E,K,21,-1.6,1FTG_A_E21K
1FTG,A,E,K,41,-2.21,1FTG_A_E41K
1FTG,A,E,K,62,0.9,1FTG_A_E62K
1FTG,A,D,K,66,-0.3,1FTG_A_D66K
1FTG,A,E,K,73,1.5,1FTG_A_E73K
1FTG,A,D,K,76,-1,1FTG_A_D76K
1FTG,A,D,K,127,-1.01,1FTG_A_D127K
1FTG,A,D,K,151,-0.6,1FTG_A_D151K
1FTG,A,L,A,7,3.53,1FTG_A_L7A
1FTG,A,I,V,23,1.94,1FTG_A_I23V
1FTG,A,V,A,32,2.4,1FTG_A_V32A
1FTG,A,D,A,44,0.1,1FTG_A_D44A
1FTG,A,I,V,53,1.8,1FTG_A_I53V
1FTG,A,S,A,72,-0.7,1FTG_A_S72A
1FTG,A,A,G,85,2.2,1FTG_A_A85G
1FTG,A,N,A,98,0.83,1FTG_A_N98A
1FTG,A,Q,A,100,-1.72,1FTG_A_Q100A
1FTG,A,I,V,105,0.67,1FTG_A_I105V
1FTG,A,S,A,111,1.03,1FTG_A_S111A
1FTG,A,V,A,118,2.2,1FTG_A_V118A
1FTG,A,T,S,123,-0.65,1FTG_A_T123S
1FTG,A,V,A,140,1.51,1FTG_A_V140A
1FTG,A,L,A,144,0.2,1FTG_A_L144A
1FTG,A,I,V,157,3.6,1FTG_A_I157V
1FTG,A,V,A,161,2.5,1FTG_A_V161A
1FTG,A,I,A,23,1.03,1FTG_A_I23A
1AJ3,A,P,A,1823,-0.4,1AJ3_A_P1823A
1AJ3,A,W,F,1857,2.1,1AJ3_A_W1857F
1AJ3,A,A,G,1820,1.1,1AJ3_A_A1820G
1AJ3,A,K,A,1834,0.1,1AJ3_A_K1834A
1AJ3,A,K,G,1834,1.4,1AJ3_A_K1834G
1AJ3,A,Q,G,1848,1.3,1AJ3_A_Q1848G
1AJ3,A,A,G,1866,1.8,1AJ3_A_A1866G
2AFG,A,H,Y,36,-1.01,2AFG_A_H36Y
2AFG,A,L,F,59,-0.87,2AFG_A_L59F
2AFG,A,H,Y,117,-0.44,2AFG_A_H117Y
2AFG,A,F,Y,123,-0.94,2AFG_A_F123Y
2AFG,A,V,I,124,0.11,2AFG_A_V124I
1ACB,A,V,A,14,1.04,1ACB_A_V14A
1ACB,A,V,A,18,1.2,1ACB_A_V18A
1ACB,A,L,A,27,0.2,1ACB_A_L27A
1ACB,A,V,A,54,1.6,1ACB_A_V54A
1ACB,A,V,A,62,1.01,1ACB_A_V62A
1QQV,A,H,Y,791,-1.5,1QQV_A_H791Y
1CYO,A,S,L,76,-0.8,1CYO_A_S76L
1H7M,A,D,A,3,0.53,1H7M_A_D3A
1H7M,A,E,A,7,0.9,1H7M_A_E7A
1H7M,A,R,A,9,0.8,1H7M_A_R9A
1H7M,A,K,A,10,0.6,1H7M_A_K10A
1H7M,A,D,A,13,-0.24,1H7M_A_D13A
1H7M,A,K,A,16,0.91,1H7M_A_K16A
1H7M,A,R,A,22,-0.1,1H7M_A_R22A
1H7M,A,K,A,23,-0.43,1H7M_A_K23A
1H7M,A,K,A,29,1.2,1H7M_A_K29A
1H7M,A,K,A,34,-0.12,1H7M_A_K34A
1H7M,A,R,A,40,0.1,1H7M_A_R40A
1H7M,A,R,A,43,-0.33,1H7M_A_R43A
1H7M,A,D,A,45,-0.1,1H7M_A_D45A
1H7M,A,K,A,47,1.1,1H7M_A_K47A
1H7M,A,E,A,48,0.1,1H7M_A_E48A
1H7M,A,D,A,49,-0.4,1H7M_A_D49A
1H7M,A,E,A,51,-0.6,1H7M_A_E51A
1H7M,A,R,A,55,0.3,1H7M_A_R55A
1H7M,A,E,A,63,1.29,1H7M_A_E63A
1H7M,A,E,A,65,0.26,1H7M_A_E65A
1H7M,A,E,A,70,0.74,1H7M_A_E70A
1H7M,A,R,A,77,-0.2,1H7M_A_R77A
1H7M,A,H,A,79,0.5,1H7M_A_H79A
1H7M,A,D,A,88,1.4,1H7M_A_D88A
1H7M,A,E,A,91,0.5,1H7M_A_E91A
1H7M,A,R,A,93,0.5,1H7M_A_R93A
1UZC,A,W,F,390,0.3,1UZC_A_W390F
1UZC,A,T,S,392,-0.1,1UZC_A_T392S
1UZC,A,T,A,392,1,1UZC_A_T392A
1UZC,A,E,A,394,0.4,1UZC_A_E394A
1UZC,A,E,G,394,1,1UZC_A_E394G
1UZC,A,A,G,396,0.7,1UZC_A_A396G
1UZC,A,Q,A,398,0.2,1UZC_A_Q398A
1UZC,A,Q,G,398,1.3,1UZC_A_Q398G
1UZC,A,A,G,399,2.4,1UZC_A_A399G
1UZC,A,L,A,403,1,1UZC_A_L403A
1UZC,A,K,A,405,-0.1,1UZC_A_K405A
1UZC,A,K,G,405,0.8,1UZC_A_K405G
1UZC,A,E,A,406,0.6,1UZC_A_E406A
1UZC,A,E,G,406,1.6,1UZC_A_E406G
1UZC,A,V,A,409,3.3,1UZC_A_V409A
1UZC,A,P,G,410,1.1,1UZC_A_P410G
1UZC,A,N,G,412,0.4,1UZC_A_N412G
1UZC,A,S,A,414,1,1UZC_A_S414A
1UZC,A,W,F,415,-0.6,1UZC_A_W415F
1UZC,A,Q,A,417,0.4,1UZC_A_Q417A
1UZC,A,Q,G,417,1.6,1UZC_A_Q417G
1UZC,A,A,G,418,1.9,1UZC_A_A418G
1UZC,A,M,A,421,1.6,1UZC_A_M421A
1UZC,A,I,V,422,1.3,1UZC_A_I422V
1UZC,A,I,V,423,0.3,1UZC_A_I423V
1UZC,A,I,A,423,0.2,1UZC_A_I423A
1UZC,A,I,G,423,0.4,1UZC_A_I423G
1UZC,A,D,N,425,2.5,1UZC_A_D425N
1UZC,A,P,G,426,0.9,1UZC_A_P426G
1UZC,A,Y,F,428,0.3,1UZC_A_Y428F
1UZC,A,Y,A,428,2.6,1UZC_A_Y428A
1UZC,A,S,A,429,0.2,1UZC_A_S429A
1UZC,A,S,G,429,0.1,1UZC_A_S429G
1UZC,A,A,G,430,1.1,1UZC_A_A430G
1UZC,A,L,A,431,2.9,1UZC_A_L431A
1UZC,A,A,G,432,0.3,1UZC_A_A432G
1UZC,A,S,A,435,0.5,1UZC_A_S435A
1UZC,A,S,G,435,0.5,1UZC_A_S435G
1UZC,A,K,A,437,2.1,1UZC_A_K437A
1UZC,A,Q,A,439,-0.3,1UZC_A_Q439A
1UZC,A,Q,G,439,0.8,1UZC_A_Q439G
1UZC,A,A,G,440,2.2,1UZC_A_A440G
1UZC,A,A,G,443,0.9,1UZC_A_A443G
1UZC,A,Y,F,444,0.8,1UZC_A_Y444F
1UZC,A,V,A,446,-0.6,1UZC_A_V446A
1UZC,A,V,G,446,0.1,1UZC_A_V446G
1LS4,A,T,A,47,-0.6,1LS4_A_T47A
1LS4,A,T,A,159,1.32,1LS4_A_T159A
1LS4,A,L,K,33,1.36,1LS4_A_L33K
1LS4,A,A,K,155,1.69,1LS4_A_A155K
1BOY,A,R,W,232,-0.6,1BOY_A_R232W
5AZU,A,V,A,25,0.96,5AZU_A_V25A
5AZU,A,I,A,27,3.35,5AZU_A_I27A
5AZU,A,I,A,40,2.39,5AZU_A_I40A
5AZU,A,V,A,42,1.67,5AZU_A_V42A
5AZU,A,V,A,51,1.67,5AZU_A_V51A
5AZU,A,L,A,53,1.67,5AZU_A_L53A
5AZU,A,W,A,68,3.4,5AZU_A_W68A
5AZU,A,L,A,70,1.79,5AZU_A_L70A
5AZU,A,V,G,80,3.11,5AZU_A_V80G
5AZU,A,I,A,101,2.39,5AZU_A_I101A
5AZU,A,A,G,102,2.4,5AZU_A_A102G
5AZU,A,V,A,115,0.96,5AZU_A_V115A
5AZU,A,F,A,117,2.63,5AZU_A_F117A
5AZU,A,Y,A,128,3.59,5AZU_A_Y128A
5AZU,A,F,A,130,5.02,5AZU_A_F130A
5AZU,A,M,A,141,2.87,5AZU_A_M141A
5AZU,A,L,A,145,1.67,5AZU_A_L145A
1HK0,A,R,A,80,2.3,1HK0_A_R80A
1HK0,A,M,A,147,1.1,1HK0_A_M147A
1HK0,A,Q,A,55,-0.7,1HK0_A_Q55A
1HK0,A,Q,A,143,0.5,1HK0_A_Q143A
1HK0,A,F,A,57,1.6,1HK0_A_F57A
1HK0,A,I,A,82,2.6,1HK0_A_I82A
1HK0,A,V,A,132,3.8,1HK0_A_V132A
1HK0,A,L,A,145,2.6,1HK0_A_L145A
1HK0,A,M,A,44,0.7,1HK0_A_M44A
1HK0,A,V,A,170,-1.3,1HK0_A_V170A
1HFY,A,T,A,57,1.6,1HFY_A_T57A
1HFY,A,W,F,137,-0.3,1HFY_A_W137F
1HFY,A,W,F,123,2.27,1HFY_A_W123F
1HFY,A,W,F,79,1.27,1HFY_A_W79F
1HFY,A,W,F,45,2.4,1HFY_A_W45F
1IFB,A,W,Y,7,0.93,1IFB_A_W7Y
1IFB,A,W,Y,83,-0.4,1IFB_A_W83Y
1IFB,A,F,A,69,-1.38,1IFB_A_F69A
1IFB,A,F,A,94,2.42,1IFB_A_F94A
1FTG,A,V,I,19,-1.03,1FTG_A_V19I
1FTG,A,L,A,51,-2.8,1FTG_A_L51A
1FTG,A,G,A,69,-0.6,1FTG_A_G69A
1FTG,A,V,I,84,-0.13,1FTG_A_V84I
1FTG,A,A,V,102,0.69,1FTG_A_A102V
1FTG,A,E,A,108,-0.23,1FTG_A_E108A
1FTG,A,Q,G,112,-0.3,1FTG_A_Q112G
1RTB,A,A,S,30,0.62,1RTB_A_A30S
1RTB,A,A,S,31,0.52,1RTB_A_A31S
1RTB,A,S,A,149,-1.14,1RTB_A_S149A
1RTB,A,V,A,73,3.8,1RTB_A_V73A
1RTB,A,V,G,73,7.34,1RTB_A_V73G
1RTB,A,V,A,80,2.6,1RTB_A_V80A
1RTB,A,V,G,80,4.9,1RTB_A_V80G
1RTB,A,V,A,83,2.9,1RTB_A_V83A
1RTB,A,V,G,83,5.52,1RTB_A_V83G
1RTB,A,V,A,89,2.02,1RTB_A_V89A
1RTB,A,V,G,89,3.5,1RTB_A_V89G
1RTB,A,A,G,90,0.43,1RTB_A_A90G
1RTB,A,I,G,107,4.8,1RTB_A_I107G
1RTB,A,I,V,132,0.8,1RTB_A_I132V
1RTB,A,I,A,132,4.4,1RTB_A_I132A
1RTB,A,I,V,133,0.08,1RTB_A_I133V
1RTB,A,I,A,133,2.84,1RTB_A_I133A
1RTB,A,V,A,134,4.2,1RTB_A_V134A
1RTB,A,V,G,134,7.28,1RTB_A_V134G
1RTB,A,A,G,135,0.43,1RTB_A_A135G
1RTB,A,V,A,142,0.7,1RTB_A_V142A
1RTB,A,V,G,142,1.2,1RTB_A_V142G
1RTB,A,V,A,144,1.92,1RTB_A_V144A
1RTB,A,V,G,144,2.8,1RTB_A_V144G
1RTB,A,I,L,132,1.8,1RTB_A_I132L
1RTB,A,I,L,133,2.19,1RTB_A_I133L
1RTB,A,V,L,80,1.1,1RTB_A_V80L
1RTB,A,V,I,80,1.95,1RTB_A_V80I
1RTB,A,V,L,83,2.4,1RTB_A_V83L
1RTB,A,V,I,83,1.3,1RTB_A_V83I
1RTB,A,V,L,134,0.7,1RTB_A_V134L
1RTB,A,V,I,134,0.43,1RTB_A_V134I
5AZU,A,I,V,40,0.38,5AZU_A_I40V
5AZU,A,I,T,40,2.39,5AZU_A_I40T
5AZU,A,V,T,42,4.3,5AZU_A_V42T
5AZU,A,V,T,51,4.06,5AZU_A_V51T
5AZU,A,L,V,70,0.36,5AZU_A_L70V
5AZU,A,L,T,70,2.34,5AZU_A_L70T
5AZU,A,I,V,101,0.24,5AZU_A_I101V
5AZU,A,I,T,101,3.35,5AZU_A_I101T
5AZU,A,V,T,115,-0.96,5AZU_A_V115T
1FTG,A,V,L,19,-0.6,1FTG_A_V19L
1FTG,A,G,A,88,0.13,1FTG_A_G88A
1FTG,A,G,V,88,0.13,1FTG_A_G88V
1FTG,A,G,L,88,0.64,1FTG_A_G88L
1FTG,A,A,L,102,0.53,1FTG_A_A102L
1AKK,A,H,N,34,-1.5,1AKK_A_H34N
1BNL,A,D,A,1647,6.95,1BNL_A_D1647A
5AZU,A,C,S,132,-4.4,5AZU_A_C132S
4BLM,A,S,C,140,-3.6,4BLM_A_S140C
4BLM,A,S,C,277,2.4,4BLM_A_S277C
1RTB,A,S,A,101,2.5,1RTB_A_S101A
1RTB,A,S,T,101,2.8,1RTB_A_S101T
2AFG,A,L,W,59,-0.81,2AFG_A_L59W
2AFG,A,F,W,100,0.1,2AFG_A_F100W
2AFG,A,F,W,147,0.38,2AFG_A_F147W
2AFG,A,V,W,46,-0.96,2AFG_A_V46W
2AFG,A,C,I,132,-0.36,2AFG_A_C132I
3MBP,A,I,A,85,1.2,3MBP_A_I85A
3MBP,A,I,A,134,3.4,3MBP_A_I134A
3MBP,A,L,A,141,3.1,3MBP_A_L141A
3MBP,A,L,A,173,3,3MBP_A_L173A
3MBP,A,I,A,187,3.5,3MBP_A_I187A
3MBP,A,I,A,252,5.5,3MBP_A_I252A
3MBP,A,L,A,218,3.1,3MBP_A_L218A
3MBP,A,L,A,221,4.2,3MBP_A_L221A
3MBP,A,V,A,373,2,3MBP_A_V373A
3MBP,A,L,A,387,2,3MBP_A_L387A
1AMQ,A,F,A,2,7.4,1AMQ_A_F2A
1AMQ,A,E,A,3,3.8,1AMQ_A_E3A
1AMQ,A,I,A,5,5.1,1AMQ_A_I5A
1AMQ,A,T,A,6,1.3,1AMQ_A_T6A
1AMQ,A,D,A,11,5.9,1AMQ_A_D11A
1AMQ,A,K,M,63,5.4,1AMQ_A_K63M
1AMQ,A,K,E,63,5.2,1AMQ_A_K63E
1AMQ,A,E,Q,253,6.3,1AMQ_A_E253Q
1AMQ,A,E,K,253,7.6,1AMQ_A_E253K
1AMQ,A,R,K,254,7.6,1AMQ_A_R254K
1AMQ,A,R,M,254,3.8,1AMQ_A_R254M
1AMQ,A,N,D,282,-0.8,1AMQ_A_N282D
1AMQ,A,N,R,282,2.6,1AMQ_A_N282R
1AMQ,A,N,R,285,5.9,1AMQ_A_N285R
3D2A,A,S,P,194,2.1,3D2A_A_S194P
2Q98,A,H,A,55,-1.29,2Q98_A_H55A
2Q98,A,H,A,58,-3.1,2Q98_A_H58A
2Q98,A,H,A,74,-1.55,2Q98_A_H74A
2Q98,A,H,A,87,-2.26,2Q98_A_H87A
2Q98,A,H,A,125,-1.07,2Q98_A_H125A
2Q98,A,H,A,166,-2.04,2Q98_A_H166A
2Q98,A,H,A,201,0.35,2Q98_A_H201A
2Q98,A,H,A,208,-1.39,2Q98_A_H208A
2Q98,A,H,A,223,-0.12,2Q98_A_H223A
1QJP,A,W,A,28,3.6,1QJP_A_W28A
1QJP,A,W,A,36,2,1QJP_A_W36A
1QJP,A,W,A,78,2,1QJP_A_W78A
1QJP,A,W,A,164,3.1,1QJP_A_W164A
1QJP,A,Y,A,64,3.8,1QJP_A_Y64A
1QJP,A,Y,A,76,2.5,1QJP_A_Y76A
1QJP,A,Y,A,150,2.7,1QJP_A_Y150A
1QJP,A,Y,A,162,3.3,1QJP_A_Y162A
1QJP,A,Y,A,189,0.2,1QJP_A_Y189A
1QJP,A,F,A,72,1.2,1QJP_A_F72A
1QJP,A,F,A,144,2.1,1QJP_A_F144A
1QJP,A,F,A,191,2.4,1QJP_A_F191A
1THQ,A,F,A,80,1.1,1THQ_A_F80A
1THQ,A,A,G,110,0.87,1THQ_A_A110G
1THQ,A,Y,F,112,1.37,1THQ_A_Y112F
1THQ,A,L,A,130,0.76,1THQ_A_L130A
1THQ,A,M,A,182,0.77,1THQ_A_M182A
1THQ,A,W,A,42,0.98,1THQ_A_W42A
1THQ,A,Y,A,48,0.91,1THQ_A_Y48A
1THQ,A,W,A,76,0.5,1THQ_A_W76A
1THQ,A,Y,A,178,0.55,1THQ_A_Y178A
1THQ,A,D,N,49,0.6,1THQ_A_D49N
1THQ,A,S,A,83,1.26,1THQ_A_S83A
1THQ,A,M,A,97,0.34,1THQ_A_M97A
1THQ,A,E,A,115,0.66,1THQ_A_E115A
1THQ,A,R,A,119,1.53,1THQ_A_R119A
1THQ,A,T,A,133,0.4,1THQ_A_T133A
1THQ,A,S,A,155,1.27,1THQ_A_S155A
1THQ,A,T,A,162,0.51,1THQ_A_T162A
1THQ,A,Q,A,164,0.97,1THQ_A_Q164A
1THQ,A,Q,A,185,-0.18,1THQ_A_Q185A
1TIT,A,Y,P,12685,2.2,1TIT_A_Y12685P
1TIT,A,Y,G,12685,0.8,1TIT_A_Y12685G
1TIT,A,Y,F,12685,0.4,1TIT_A_Y12685F
1TIT,A,Y,S,12685,0.2,1TIT_A_Y12685S
1STN,A,G,E,102,4.1,1STN_A_G102E
1STN,A,V,E,105,7.5,1STN_A_V105E
1STN,A,L,E,107,9.8,1STN_A_L107E
1STN,A,F,E,116,8.1,1STN_A_F116E
1STN,A,L,E,118,8.8,1STN_A_L118E
1STN,A,L,E,119,3.2,1STN_A_L119E
1STN,A,L,E,120,4.6,1STN_A_L120E
1STN,A,V,E,121,7.2,1STN_A_V121E
1STN,A,T,E,123,4.3,1STN_A_T123E
1STN,A,A,E,140,6.9,1STN_A_A140E
1STN,A,T,E,144,6.7,1STN_A_T144E
1STN,A,I,E,154,8.5,1STN_A_I154E
1STN,A,V,E,156,9.4,1STN_A_V156E
1STN,A,A,E,172,8.6,1STN_A_A172E
1STN,A,Y,E,173,8.7,1STN_A_Y173E
1STN,A,I,E,174,10.1,1STN_A_I174E
1STN,A,V,E,181,9.5,1STN_A_V181E
1STN,A,N,E,182,4.5,1STN_A_N182E
1STN,A,L,E,185,8.2,1STN_A_L185E
1STN,A,V,E,186,7.4,1STN_A_V186E
1STN,A,A,E,191,8.1,1STN_A_A191E
1STN,A,N,E,200,1.9,1STN_A_N200E
1STN,A,L,E,207,9.1,1STN_A_L207E
1STN,A,A,E,214,8.5,1STN_A_A214E
1AJ3,A,W,Y,1784,0.2,1AJ3_A_W1784Y
1AQH,A,Q,C,82,-1.9,1AQH_A_Q82C
1AYF,A,D,E,73,-0.5,1AYF_A_D73E
1B5M,A,R,H,31,-1.4,1B5M_A_R31H
1B5M,A,P,A,97,0.7,1B5M_A_P97A
1B5M,A,D,R,76,-0.3,1B5M_A_D76R
1BCX,A,V,C,126,-1.3,1BCX_A_V126C
1BCX,A,S,C,128,-3,1BCX_A_S128C
1BNI,A,T,H,73,4.3,1BNI_A_T73H
1BPI,A,C,G,65,8.7,1BPI_A_C65G
1BPI,A,C,A,65,6.1,1BPI_A_C65A
1BPI,A,C,S,65,8,1BPI_A_C65S
1BPI,A,C,T,65,7.8,1BPI_A_C65T
1BPI,A,C,V,65,6,1BPI_A_C65V
1BPI,A,R,A,74,0,1BPI_A_R74A
1BPI,A,L,A,64,0,1BPI_A_L64A
1BPI,A,K,A,61,-4,1BPI_A_K61A
1BPI,A,T,A,46,0,1BPI_A_T46A
1BRF,A,A,K,2,0.6,1BRF_A_A2K
1BVC,A,G,A,66,0.1,1BVC_A_G66A
1BVC,A,I,V,29,0,1BVC_A_I29V
1BVC,A,L,I,70,0,1BVC_A_L70I
1BVC,A,L,M,70,0,1BVC_A_L70M
1CAH,A,I,C,255,0.3,1CAH_A_I255C
1CYO,A,V,G,50,1.9,1CYO_A_V50G
1CYO,A,V,T,50,1,1CYO_A_V50T
1HME,A,N,H,135,-0.3,1HME_A_N135H
1LRP,A,A,G,67,-0.1,1LRP_A_A67G
1LRP,A,A,G,38,-0.6,1LRP_A_A38G
1LRP,A,A,G,21,-0.9,1LRP_A_A21G
1LRP,A,A,G,50,-1.2,1LRP_A_A50G
1LRP,A,A,G,63,-1.5,1LRP_A_A63G
1LRP,A,A,G,16,0.6,1LRP_A_A16G
1LRP,A,A,G,82,-0.8,1LRP_A_A82G
1LZ1,A,I,L,77,-0.7,1LZ1_A_I77L
1MGR,A,Y,F,131,0,1MGR_A_Y131F
1RTP,A,A,P,21,-0.5,1RTP_A_A21P
1AJ3,A,A,V,974,-0.6,1AJ3_A_A974V
1AJ3,A,K,Y,981,0.1,1AJ3_A_K981Y
1SSO,A,I,V,30,0.4,1SSO_A_I30V
1STN,A,F,W,158,1,1STN_A_F158W
1STN,A,F,V,158,0,1STN_A_F158V
1STN,A,H,Y,128,0,1STN_A_H128Y
1YCC,A,T,A,102,-1,1YCC_A_T102A
1YCC,A,T,E,75,-1.5,1YCC_A_T75E
1YCC,A,G,A,7,1.3,1YCC_A_G7A
1YCC,A,N,G,58,-0.9,1YCC_A_N58G
1YCC,A,H,P,39,0.8,1YCC_A_H39P
1YCC,A,G,S,29,1.5,1YCC_A_G29S
2CI2,A,Q,M,48,-0.3,2CI2_A_Q48M
2CI2,A,E,A,34,-0.6,2CI2_A_E34A
2TRX,A,L,C,79,-2.7,2TRX_A_L79C
2TRX,A,T,C,78,-2.1,2TRX_A_T78C
3HHR,A,E,A,100,1.4,3HHR_A_E100A
3HHR,A,E,S,100,1.1,3HHR_A_E100S
3HHR,A,E,T,100,1.7,3HHR_A_E100T
3HHR,A,E,D,100,2,3HHR_A_E100D
3HHR,A,S,A,97,1.3,3HHR_A_S97A
3HHR,A,E,Q,100,1.2,3HHR_A_E100Q
3HHR,A,E,L,100,1.2,3HHR_A_E100L
3HHR,A,S,T,97,0.7,3HHR_A_S97T
3HHR,A,S,V,97,1.3,3HHR_A_S97V
3HHR,A,S,Q,97,1.5,3HHR_A_S97Q
3MBP,A,D,N,81,-0.7,3MBP_A_D81N
4LYZ,A,D,E,119,0,4LYZ_A_D119E
1AYE,A,E,G,20,1,1AYE_A_E20G
1FXA,A,R,A,43,2.4,1FXA_A_R43A
1FXA,A,T,A,49,-0.1,1FXA_A_T49A
1FXA,A,F,A,66,1,1FXA_A_F66A
1FXA,A,E,Q,95,-0.6,1FXA_A_E95Q
1HZ6,A,V,A,113,1.3,1HZ6_A_V113A
1HZ6,A,T,A,114,1.8,1HZ6_A_T114A
1HZ6,A,I,A,115,4.9,1HZ6_A_I115A
1HZ6,A,I,V,115,0.6,1HZ6_A_I115V
1HZ6,A,K,A,116,0.9,1HZ6_A_K116A
1HZ6,A,A,G,117,2.4,1HZ6_A_A117G
1HZ6,A,N,A,118,1.9,1HZ6_A_N118A
1HZ6,A,L,A,119,3.1,1HZ6_A_L119A
1HZ6,A,I,A,120,1.4,1HZ6_A_I120A
1HZ6,A,I,V,120,0.5,1HZ6_A_I120V
1HZ6,A,F,A,121,3.1,1HZ6_A_F121A
1HZ6,A,F,L,121,0.7,1HZ6_A_F121L
1HZ6,A,N,A,123,1.8,1HZ6_A_N123A
1HZ6,A,S,A,125,0.3,1HZ6_A_S125A
1HZ6,A,T,A,126,1.2,1HZ6_A_T126A
1HZ6,A,T,A,128,1.1,1HZ6_A_T128A
1HZ6,A,E,A,130,0.7,1HZ6_A_E130A
1HZ6,A,F,A,131,5.2,1HZ6_A_F131A
1HZ6,A,F,L,131,3.3,1HZ6_A_F131L
1HZ6,A,K,A,132,1.1,1HZ6_A_K132A
1HZ6,A,T,A,134,1.2,1HZ6_A_T134A
1HZ6,A,F,G,135,3.1,1HZ6_A_F135G
1HZ6,A,F,L,135,0.4,1HZ6_A_F135L
1HZ6,A,K,G,137,-0.2,1HZ6_A_K137G
1HZ6,A,A,G,138,2.5,1HZ6_A_A138G
1HZ6,A,T,A,139,1.2,1HZ6_A_T139A
1HZ6,A,S,A,140,-0.4,1HZ6_A_S140A
1HZ6,A,S,G,140,0.8,1HZ6_A_S140G
1HZ6,A,E,G,141,1.2,1HZ6_A_E141G
1HZ6,A,A,G,142,3.3,1HZ6_A_A142G
1HZ6,A,Y,G,143,2.8,1HZ6_A_Y143G
1HZ6,A,A,G,144,1.3,1HZ6_A_A144G
1HZ6,A,Y,A,145,2.5,1HZ6_A_Y145A
1HZ6,A,A,G,146,3.3,1HZ6_A_A146G
1HZ6,A,D,A,147,1.2,1HZ6_A_D147A
1HZ6,A,D,G,147,2.1,1HZ6_A_D147G
1HZ6,A,T,G,148,0.2,1HZ6_A_T148G
1HZ6,A,L,A,149,2.4,1HZ6_A_L149A
1HZ6,A,K,A,150,-0.6,1HZ6_A_K150A
1HZ6,A,K,A,151,-0.3,1HZ6_A_K151A
1HZ6,A,N,A,153,0.4,1HZ6_A_N153A
1HZ6,A,E,A,155,0.2,1HZ6_A_E155A
1HZ6,A,T,A,157,1.2,1HZ6_A_T157A
1HZ6,A,V,A,158,0.9,1HZ6_A_V158A
1HZ6,A,D,A,159,0.2,1HZ6_A_D159A
1HZ6,A,V,A,160,1.1,1HZ6_A_V160A
1HZ6,A,A,G,161,0.6,1HZ6_A_A161G
1HZ6,A,K,A,163,0.1,1HZ6_A_K163A
1HZ6,A,Y,A,165,1.7,1HZ6_A_Y165A
1HZ6,A,Y,L,165,-0.4,1HZ6_A_Y165L
1HZ6,A,T,A,166,1.8,1HZ6_A_T166A
1HZ6,A,L,A,167,3.8,1HZ6_A_L167A
1HZ6,A,N,A,168,1.7,1HZ6_A_N168A
1HZ6,A,I,A,169,4.7,1HZ6_A_I169A
1HZ6,A,I,V,169,1.7,1HZ6_A_I169V
1HZ6,A,K,A,170,0.5,1HZ6_A_K170A
1HZ6,A,F,L,171,3.3,1HZ6_A_F171L
1IFB,A,L,A,65,2.1,1IFB_A_L65A
1IFB,A,L,G,65,2.6,1IFB_A_L65G
1LZ1,A,T,A,29,-0.4,1LZ1_A_T29A
1LZ1,A,T,V,29,-0.3,1LZ1_A_T29V
1LZ1,A,S,A,42,0.5,1LZ1_A_S42A
1LZ1,A,S,A,54,1.1,1LZ1_A_S54A
1LZ1,A,T,A,58,1.5,1LZ1_A_T58A
1LZ1,A,T,V,58,1.3,1LZ1_A_T58V
1LZ1,A,T,A,61,0.4,1LZ1_A_T61A
1LZ1,A,T,V,61,-1,1LZ1_A_T61V
1LZ1,A,S,A,69,0.2,1LZ1_A_S69A
1LZ1,A,S,A,79,1.4,1LZ1_A_S79A
1LZ1,A,S,A,98,-0.8,1LZ1_A_S98A
1AJ3,A,A,G,974,1.4,1AJ3_A_A974G
1AJ3,A,V,A,986,2,1AJ3_A_V986A
1AJ3,A,T,A,987,1.1,1AJ3_A_T987A
1AJ3,A,M,A,988,2.5,1AJ3_A_M988A
1AJ3,A,D,A,992,1.2,1AJ3_A_D992A
1AJ3,A,K,A,1006,1,1AJ3_A_K1006A
1AJ3,A,V,A,1007,3.4,1AJ3_A_V1007A
1AJ3,A,V,A,1009,0.9,1AJ3_A_V1009A
1AJ3,A,N,A,1010,0.5,1AJ3_A_N1010A
1AJ3,A,N,G,1010,-0.4,1AJ3_A_N1010G
1AJ3,A,F,A,1015,2.7,1AJ3_A_F1015A
1AJ3,A,V,A,1016,2.2,1AJ3_A_V1016A
1AJ3,A,A,G,1018,2,1AJ3_A_A1018G
1AJ3,A,V,A,1021,2.4,1AJ3_A_V1021A
1STN,A,Y,F,195,-0.1,1STN_A_Y195F
1STN,A,V,A,196,-0.1,1STN_A_V196A
2CI2,A,E,Q,46,0.6,2CI2_A_E46Q
2CI2,A,I,G,49,3.5,2CI2_A_I49G
2CI2,A,R,A,82,0.6,2CI2_A_R82A
2CI2,A,D,N,75,0,2CI2_A_D75N
1AYE,A,V,A,72,1.1,1AYE_A_V72A
1FMK,A,Y,A,139,1.5,1FMK_A_Y139A
1PGA,A,T,F,349,-4.6,1PGA_A_T349F
1PGA,A,T,I,349,-3.8,1PGA_A_T349I
1PGA,A,T,V,349,-3.4,1PGA_A_T349V
1PGA,A,T,Y,349,-4.3,1PGA_A_T349Y
1IFB,A,A,C,105,-2.5,1IFB_A_A105C
1APS,A,A,G,31,1.6,1APS_A_A31G
2IMM,A,A,G,106,0,2IMM_A_A106G
1A43,A,C,S,350,3.7,1A43_A_C350S
1APS,A,E,D,30,3.5,1APS_A_E30D
1APS,A,E,D,84,1.5,1APS_A_E84D
1FXA,A,E,D,95,1.1,1FXA_A_E95D
1A43,A,E,D,291,4.9,1A43_A_E291D
1FXA,A,F,I,66,0.9,1FXA_A_F66I
1APS,A,F,L,23,1.3,1APS_A_F23L
1APS,A,F,L,95,4.3,1APS_A_F95L
1FXA,A,F,W,66,0.6,1FXA_A_F66W
2IMM,A,F,Y,38,-0.4,2IMM_A_F38Y
1FXA,A,F,Y,66,0.5,1FXA_A_F66Y
1RHG,A,G,A,56,-3.1,1RHG_A_G56A
1RHG,A,G,A,58,-2.7,1RHG_A_G58A
1APS,A,G,A,46,1.7,1APS_A_G46A
1IFB,A,G,A,66,1.3,1IFB_A_G66A
1RHG,A,G,A,106,-1.4,1RHG_A_G106A
1RHG,A,G,A,114,1.7,1RHG_A_G114A
1RHG,A,G,A,120,1.9,1RHG_A_G120A
1RHG,A,G,A,182,-2.3,1RHG_A_G182A
1RHG,A,G,A,183,-2.9,1RHG_A_G183A
1A43,A,G,A,288,2.8,1A43_A_G288A
2WSY,A,G,E,211,-2.4,2WSY_A_G211E
2WSY,A,G,R,211,2.8,2WSY_A_G211R
2WSY,A,G,V,211,-1.9,2WSY_A_G211V
1AKK,A,H,F,34,-0.7,1AKK_A_H34F
1FRD,A,H,R,43,-4,1FRD_A_H43R
1AKK,A,H,V,27,3.8,1AKK_A_H27V
1IFB,A,I,C,24,-1.9,1IFB_A_I24C
1APS,A,I,V,76,1.4,1APS_A_I76V
1APS,A,I,V,87,1.8,1APS_A_I87V
1STN,A,K,F,131,-0.2,1STN_A_K131F
1STN,A,K,F,153,0,1STN_A_K153F
1LVE,A,K,R,56,1,1LVE_A_K56R
1LVE,A,K,T,56,1.3,1LVE_A_K56T
1APS,A,L,A,90,1.7,1APS_A_L90A
1IFB,A,L,C,73,0.1,1IFB_A_L73C
1IFB,A,L,C,90,1.7,1IFB_A_L90C
2IMM,A,L,I,112,-0.4,2IMM_A_L112I
1LVE,A,L,P,35,1.5,1LVE_A_L35P
1APS,A,L,V,66,5.4,1APS_A_L66V
1APS,A,M,A,62,4,1APS_A_M62A
1LVE,A,N,F,54,3.1,1LVE_A_N54F
1AKK,A,N,I,53,3.1,1AKK_A_N53I
2IMM,A,N,Q,96,-1.1,2IMM_A_N96Q
1AKK,A,P,A,31,5.7,1AKK_A_P31A
1APS,A,P,A,55,0.5,1APS_A_P55A
2WSY,A,P,A,62,0.7,2WSY_A_P62A
1APS,A,P,A,72,1.6,1APS_A_P72A
1YEA,A,P,G,86,1.2,1YEA_A_P86G
1LVE,A,P,L,66,1.7,1LVE_A_P66L
2IMM,A,P,S,49,0.2,2IMM_A_P49S
1YEA,A,P,T,81,0.8,1YEA_A_P81T
1AKK,A,P,V,31,5,1AKK_A_P31V
2IMM,A,Q,E,85,0.4,2IMM_A_Q85E
1LVE,A,Q,H,115,0.9,1LVE_A_Q115H
1LVE,A,Q,N,64,1.6,1LVE_A_Q64N
1LVE,A,Q,N,115,1.6,1LVE_A_Q115N
1A43,A,R,A,299,4.5,1A43_A_R299A
1FXA,A,R,H,43,1.4,1FXA_A_R43H
1STN,A,S,F,141,-0.6,1STN_A_S141F
1LVE,A,S,N,55,-0.4,1LVE_A_S55N
1APS,A,T,A,43,1.8,1APS_A_T43A
1LVE,A,T,H,120,-0.7,1LVE_A_T120H
1STN,A,T,S,126,0,1STN_A_T126S
2IMM,A,T,S,69,-0.3,2IMM_A_T69S
1APS,A,T,S,79,1.4,1APS_A_T79S
1APS,A,V,A,14,2.6,1APS_A_V14A
1APS,A,V,A,18,1.8,1APS_A_V18A
1APS,A,V,A,21,0.3,1APS_A_V21A
1APS,A,V,A,40,1.6,1APS_A_V40A
1APS,A,V,A,48,1.9,1APS_A_V48A
1APS,A,V,A,52,1.9,1APS_A_V52A
1IFB,A,V,C,61,-0.8,1IFB_A_V61C
1IFB,A,V,N,61,0.9,1IFB_A_V61N
1STN,A,V,S,196,0,1STN_A_V196S
1APS,A,W,A,65,1.5,1APS_A_W65A
1A43,A,W,A,316,0.7,1A43_A_W316A
1APS,A,W,F,39,0,1APS_A_W39F
1APS,A,Y,A,26,0.2,1APS_A_Y26A
1APS,A,Y,F,12,-1,1APS_A_Y12F
1AKK,A,Y,F,68,2.3,1AKK_A_Y68F
1APS,A,Y,I,12,2.2,1APS_A_Y12I
1AG2,A,F,W,174,0.1,1AG2_A_F174W
1AJ3,A,Q,A,1848,0,1AJ3_A_Q1848A
2AKY,A,Q,E,50,1,2AKY_A_Q50E
2AKY,A,T,H,112,2.6,2AKY_A_T112H
1AMQ,A,C,S,77,2.4,1AMQ_A_C77S
1AMQ,A,C,F,180,0.9,1AMQ_A_C180F
1AMQ,A,C,G,180,0,1AMQ_A_C180G
1AMQ,A,C,R,180,1.7,1AMQ_A_C180R
1AMQ,A,C,W,180,2.2,1AMQ_A_C180W
1AMQ,A,C,Y,180,1.1,1AMQ_A_C180Y
1AMQ,A,C,S,181,1,1AMQ_A_C181S
1AJ3,A,Q,A,1878,0.1,1AJ3_A_Q1878A
1AJ3,A,Q,G,1878,1.1,1AJ3_A_Q1878G
1AJ3,A,F,L,1880,2.5,1AJ3_A_F1880L
1AJ3,A,A,G,1882,1.8,1AJ3_A_A1882G
1AJ3,A,A,G,1889,1.6,1AJ3_A_A1889G
1AJ3,A,I,A,1891,1.6,1AJ3_A_I1891A
1AJ3,A,I,V,1891,2.9,1AJ3_A_I1891V
1AJ3,A,K,A,1915,0.1,1AJ3_A_K1915A
1AJ3,A,K,G,1915,1.4,1AJ3_A_K1915G
1AJ3,A,A,G,1919,1.4,1AJ3_A_A1919G
1AJ3,A,F,L,1920,1.9,1AJ3_A_F1920L
1AJ3,A,V,A,1926,-0.1,1AJ3_A_V1926A
1AJ3,A,V,G,1926,0.8,1AJ3_A_V1926G
1AJ3,A,H,A,1927,2.4,1AJ3_A_H1927A
1AJ3,A,V,A,1934,1.6,1AJ3_A_V1934A
1AJ3,A,A,G,1936,1.9,1AJ3_A_A1936G
1AJ3,A,A,G,1954,1.4,1AJ3_A_A1954G
1AJ3,A,M,A,1956,2.6,1AJ3_A_M1956A
1AJ3,A,L,A,1959,4.5,1AJ3_A_L1959A
1AJ3,A,G,A,1961,-0.5,1AJ3_A_G1961A
1AJ3,A,S,A,1964,-0.1,1AJ3_A_S1964A
1AJ3,A,S,G,1964,0.9,1AJ3_A_S1964G
1AJ3,A,L,A,1966,4,1AJ3_A_L1966A
1AJ3,A,A,G,1975,2.2,1AJ3_A_A1975G
1AJ3,A,L,A,1977,3.6,1AJ3_A_L1977A
1STN,A,M,L,180,2.3,1STN_A_M180L
1TTG,A,Y,A,1610,1.9,1TTG_A_Y1610A
1TTG,A,Y,F,1610,2.1,1TTG_A_Y1610F
1BP2,A,H,A,70,1.9,1BP2_A_H70A
1BP2,A,H,N,70,2.4,1BP2_A_H70N
1BP2,A,H,Q,70,0.5,1BP2_A_H70Q
1HFY,A,L,A,31,2.7,1HFY_A_L31A
1HFY,A,L,A,71,3.2,1HFY_A_L71A
1HFY,A,I,V,74,2.7,1HFY_A_I74V
1HFY,A,W,A,79,2,1HFY_A_W79A
1HFY,A,D,N,106,1.1,1HFY_A_D106N
1HFY,A,I,V,108,0.9,1HFY_A_I108V
1HFY,A,V,A,109,-0.9,1HFY_A_V109A
1HFY,A,K,A,112,1.7,1HFY_A_K112A
1HFY,A,I,V,114,1.7,1HFY_A_I114V
1HFY,A,L,A,115,1.8,1HFY_A_L115A
1HFY,A,Y,F,122,2.1,1HFY_A_Y122F
1HFY,A,L,A,124,0.3,1HFY_A_L124A
1HFY,A,L,A,129,0.3,1HFY_A_L129A
2HMB,A,F,S,5,3.7,2HMB_A_F5S
2HMB,A,W,E,9,3.8,2HMB_A_W9E
2HMB,A,F,S,17,4,2HMB_A_F17S
2HMB,A,K,I,22,0,2HMB_A_K22I
2HMB,A,F,S,65,3.8,2HMB_A_F65S
2HMB,A,L,G,67,3.7,2HMB_A_L67G
2HMB,A,G,S,68,1.2,2HMB_A_G68S
2HMB,A,E,S,73,3.7,2HMB_A_E73S
1IET,A,D,R,65,-0.1,1IET_A_D65R
1JIW,I,D,A,35,0.7,1JIW_I_D35A
1JIW,I,W,F,40,2.3,1JIW_I_W40F
1KCQ,A,D,N,214,1.1,1KCQ_A_D214N
1KCQ,A,D,Y,214,2,1KCQ_A_D214Y
1LVE,A,M,L,24,-1.1,1LVE_A_M24L
1LVE,A,K,T,65,2.6,1LVE_A_K65T
1QLP,A,Y,A,184,0.2,1QLP_A_Y184A
1QLP,A,Y,W,184,-1.2,1QLP_A_Y184W
1QLP,A,W,F,218,0.5,1QLP_A_W218F
1QLP,A,W,F,262,-1,1QLP_A_W262F
1QLP,A,A,I,308,0,1QLP_A_A308I
1QND,A,C,S,495,1.4,1QND_A_C495S
1RHG,A,E,A,63,-0.6,1RHG_A_E63A
1RHG,A,E,A,79,0.6,1RHG_A_E79A
1RHG,A,L,E,83,0.2,1RHG_A_L83E
1RN1,A,G,A,49,1.2,1RN1_A_G49A
1RN1,A,D,F,75,0.4,1RN1_A_D75F
1RN1,A,D,Y,75,0.5,1RN1_A_D75Y
1CLW,A,G,D,436,0.1,1CLW_A_G436D
1UZC,A,S,A,411,0,1UZC_A_S411A
2CI2,A,I,T,49,1.2,2CI2_A_I49T
2DRI,A,A,T,52,3.3,2DRI_A_A52T
2DRI,A,V,E,75,3.5,2DRI_A_V75E
1BPI,A,F,L,39,2.2,1BPI_A_F39L
1BPI,A,Y,L,45,2.9,1BPI_A_Y45L
1BPI,A,Y,L,56,3.4,1BPI_A_Y56L
1TTG,A,L,P,1530,0,1TTG_A_L1530P
1FTG,A,I,G,23,0.8,1FTG_A_I23G
1YYX,A,A,G,36,2.7,1YYX_A_A36G
1YYX,A,A,G,87,3,1YYX_A_A87G
1YYX,A,A,G,90,2.9,1YYX_A_A90G
1YYX,A,F,A,61,5.5,1YYX_A_F61A
1YYX,A,F,A,65,2.5,1YYX_A_F65A
1YYX,A,I,A,72,4.7,1YYX_A_I72A
1YYX,A,I,A,98,3.8,1YYX_A_I98A
1YYX,A,L,A,48,4.2,1YYX_A_L48A
1YYX,A,L,A,68,4,1YYX_A_L68A
1YYX,A,L,A,76,3.4,1YYX_A_L76A
1YYX,A,L,A,94,1.7,1YYX_A_L94A
1YYX,A,M,A,33,3.5,1YYX_A_M33A
1YYX,A,M,A,58,3.6,1YYX_A_M58A
1YYX,A,V,A,84,3.9,1YYX_A_V84A
1AXB,A,G,S,236,1.2,1AXB_A_G236S
1AXB,A,S,A,233,-0.6,1AXB_A_S233A
1AMQ,A,C,S,389,1.8,1AMQ_A_C389S
1LVE,A,K,T,71,2.3,1LVE_A_K71T
1OTR,B,E,R,34,3.5,1OTR_B_E34R
1OTR,B,K,A,33,-0.4,1OTR_B_K33A
1OTR,B,K,E,33,-0.1,1OTR_B_K33E
1OTR,B,K,F,33,-0.2,1OTR_B_K33F
1OTR,B,K,G,33,1.5,1OTR_B_K33G
1OTR,B,K,I,33,-1.6,1OTR_B_K33I
1OTR,B,K,L,33,-1,1OTR_B_K33L
1OTR,B,K,M,33,-0.5,1OTR_B_K33M
1OTR,B,K,N,33,0.6,1OTR_B_K33N
1OTR,B,K,Q,33,-0.1,1OTR_B_K33Q
1OTR,B,K,S,33,0.4,1OTR_B_K33S
1OTR,B,K,T,33,0.1,1OTR_B_K33T
1OTR,B,K,V,33,-0.9,1OTR_B_K33V
1RN1,A,D,W,75,0.9,1RN1_A_D75W
1STN,A,F,C,116,2.8,1STN_A_F116C
1STN,A,L,C,118,2.9,1STN_A_L118C
2AFG,A,C,V,132,0.3,2AFG_A_C132V
2AFG,A,V,I,46,1,2AFG_A_V46I
1PGA,A,G,C,267,-1.3,1PGA_A_G267C
1XAS,A,W,A,126,-1.1,1XAS_A_W126A
1XAS,A,W,F,126,2.2,1XAS_A_W126F
1XAS,A,W,H,126,0.5,1XAS_A_W126H
1XAS,A,Y,A,213,2.8,1XAS_A_Y213A
1XAS,A,Y,F,213,0.5,1XAS_A_Y213F
1XAS,A,Y,S,213,-0.9,1XAS_A_Y213S
1XAS,A,W,A,307,2.6,1XAS_A_W307A
1XAS,A,W,F,307,1.8,1XAS_A_W307F
1XAS,A,W,H,307,4,1XAS_A_W307H
1XAS,A,W,A,315,-2.3,1XAS_A_W315A
1XAS,A,W,F,315,-0.4,1XAS_A_W315F
1XAS,A,W,H,315,-0.1,1XAS_A_W315H
1H7M,A,K,M,10,0.5,1H7M_A_K10M
1H7M,A,R,M,93,0.8,1H7M_A_R93M
1JIW,I,A,P,33,0.2,1JIW_I_A33P
1JIW,I,D,P,35,0.5,1JIW_I_D35P
1RTB,A,N,D,93,-0.6,1RTB_A_N93D
1LZ1,A,S,A,100,-1,1LZ1_A_S100A
1RBP,A,W,F,42,2.5,1RBP_A_W42F
1RBP,A,W,L,42,2.6,1RBP_A_W42L
1RBP,A,W,Y,42,2.2,1RBP_A_W42Y
1RBP,A,W,H,109,0.1,1RBP_A_W109H
1RBP,A,W,F,123,0.4,1RBP_A_W123F
1RBP,A,R,Q,139,2.6,1RBP_A_R139Q
1AJ3,A,A,G,1019,0.6,1AJ3_A_A1019G
1AJ3,A,A,E,1019,0.5,1AJ3_A_A1019E
1AJ3,A,A,K,1019,0.1,1AJ3_A_A1019K
1YCC,A,A,L,13,-0.3,1YCC_A_A13L
1YCC,A,A,Y,13,-0.3,1YCC_A_A13Y
1YCC,A,F,I,16,0.9,1YCC_A_F16I
1YCC,A,F,M,16,3.3,1YCC_A_F16M
1YCC,A,F,W,16,1.3,1YCC_A_F16W
1YCC,A,F,Y,16,0.7,1YCC_A_F16Y
1YCC,A,L,A,100,3.8,1YCC_A_L100A
1YCC,A,L,I,100,0,1YCC_A_L100I
1YCC,A,L,T,100,3.3,1YCC_A_L100T
1YCC,A,L,V,100,0.7,1YCC_A_L100V
1YCC,A,Y,F,103,-0.1,1YCC_A_Y103F
1YEA,A,N,I,62,-2.4,1YEA_A_N62I
2TRX,A,P,S,41,-1.4,2TRX_A_P41S
1FTG,A,I,V,103,0.7,1FTG_A_I103V
1FTG,A,L,A,142,0.1,1FTG_A_L142A
1HZ6,A,A,P,122,0.1,1HZ6_A_A122P
1HZ6,A,A,V,122,1.1,1HZ6_A_A122V
1HZ6,A,G,A,124,1.6,1HZ6_A_G124A
1HZ6,A,G,V,124,2.7,1HZ6_A_G124V
1HZ6,A,A,G,129,2.1,1HZ6_A_A129G
1HZ6,A,A,V,129,-1.1,1HZ6_A_A129V
1HZ6,A,G,A,133,1.9,1HZ6_A_G133A
1HZ6,A,E,I,141,1.1,1HZ6_A_E141I
1HZ6,A,Y,A,143,2.8,1HZ6_A_Y143A
1HZ6,A,G,A,154,1.9,1HZ6_A_G154A
1HZ6,A,G,A,164,2.1,1HZ6_A_G164A
1QLP,A,A,L,308,0.8,1QLP_A_A308L
1AYE,A,K,A,39,2.3,1AYE_A_K39A
1AYE,A,V,A,74,1.1,1AYE_A_V74A
2WSY,A,P,A,57,0.5,2WSY_A_P57A
1FMK,A,T,A,88,0.6,1FMK_A_T88A
1FMK,A,F,A,89,0.8,1FMK_A_F89A
1FMK,A,V,A,90,1.6,1FMK_A_V90A
1FMK,A,A,G,91,1,1FMK_A_A91G
1FMK,A,L,A,92,1.5,1FMK_A_L92A
1FMK,A,Y,A,93,0.3,1FMK_A_Y93A
1FMK,A,D,A,94,0.4,1FMK_A_D94A
1FMK,A,Y,A,95,2.3,1FMK_A_Y95A
1FMK,A,Y,F,95,0.2,1FMK_A_Y95F
1FMK,A,S,A,97,-0.5,1FMK_A_S97A
1FMK,A,R,A,98,0.1,1FMK_A_R98A
1FMK,A,T,A,99,-0.1,1FMK_A_T99A
1FMK,A,T,A,182,0,1FMK_A_T182A
1FMK,A,D,A,102,0.6,1FMK_A_D102A
1FMK,A,L,A,103,1.8,1FMK_A_L103A
1FMK,A,S,A,104,0.8,1FMK_A_S104A
1FMK,A,F,A,105,2,1FMK_A_F105A
1FMK,A,K,A,106,0.4,1FMK_A_K106A
1FMK,A,K,A,107,0.1,1FMK_A_K107A
1FMK,A,E,A,109,1.9,1FMK_A_E109A
1FMK,A,R,A,110,0.3,1FMK_A_R110A
1FMK,A,L,A,111,2.3,1FMK_A_L111A
1FMK,A,Q,A,112,0.2,1FMK_A_Q112A
1FMK,A,I,A,113,0.3,1FMK_A_I113A
1FMK,A,I,V,113,0.1,1FMK_A_I113V
1FMK,A,V,A,114,0.8,1FMK_A_V114A
1FMK,A,N,A,196,0.2,1FMK_A_N196A
1FMK,A,N,A,116,-0.1,1FMK_A_N116A
1FMK,A,W,A,121,1.3,1FMK_A_W121A
1FMK,A,W,A,122,1.2,1FMK_A_W122A
1FMK,A,L,A,123,1.6,1FMK_A_L123A
1FMK,A,A,G,124,0.9,1FMK_A_A124G
1FMK,A,H,A,125,0.6,1FMK_A_H125A
1FMK,A,S,A,126,1.5,1FMK_A_S126A
1FMK,A,L,A,127,0.6,1FMK_A_L127A
1FMK,A,S,A,128,-0.2,1FMK_A_S128A
1FMK,A,T,A,129,1.8,1FMK_A_T129A
1FMK,A,Q,G,131,0.3,1FMK_A_Q131G
1FMK,A,Y,A,134,1.5,1FMK_A_Y134A
1FMK,A,I,A,135,1.8,1FMK_A_I135A
1FMK,A,P,A,136,1.4,1FMK_A_P136A
1FMK,A,S,A,137,-0.2,1FMK_A_S137A
1FMK,A,N,A,138,0.1,1FMK_A_N138A
1FMK,A,V,A,140,1.2,1FMK_A_V140A
1FMK,A,A,G,141,0.5,1FMK_A_A141G
1FMK,A,P,A,142,0.1,1FMK_A_P142A
1FMK,A,S,A,143,-0.4,1FMK_A_S143A
