pdb,chain,wtAA,mutAA,mutPos,dTm,id
2LZM,A,W,Y,138,-6.3,2LZM_A_W138Y
2LZM,A,E,A,128,0.6,2LZM_A_E128A
2LZM,A,V,A,131,1,2LZM_A_V131A
2LZM,A,L,A,133,-17,2LZM_A_L133A
2RN2,A,S,G,68,-8,2RN2_A_S68G
2RN2,A,S,A,68,-1.5,2RN2_A_S68A
2RN2,A,S,T,68,-0.7,2RN2_A_S68T
2RN2,A,S,V,68,1.9,2RN2_A_S68V
2RN2,A,S,L,68,-1.6,2RN2_A_S68L
1I5T,A,P,A,30,-9,1I5T_A_P30A
1I5T,A,Y,F,67,30,1I5T_A_Y67F
2RN2,A,K,R,91,0.5,2RN2_A_K91R
2RN2,A,D,E,94,-1.6,2RN2_A_D94E
2RN2,A,K,G,95,6.8,2RN2_A_K95G
2RN2,A,K,A,95,0.4,2RN2_A_K95A
2RN2,A,K,N,95,3.2,2RN2_A_K95N
1YCC,A,C,T,102,7.9,1YCC_A_C102T
1YCC,A,V,C,20,6.8,1YCC_A_V20C
1RTB,A,P,S,93,-8.5,1RTB_A_P93S
1RTB,A,P,A,114,-10.6,1RTB_A_P114A
1RTB,A,P,G,114,-10.5,1RTB_A_P114G
1RTB,A,P,A,93,-10.7,1RTB_A_P93A
2CBR,A,R,Q,131,11.6,2CBR_A_R131Q
2CBR,A,R,Q,111,9.4,2CBR_A_R111Q
2LZM,A,I,E,3,-5.7,2LZM_A_I3E
2LZM,A,I,F,3,-4.68,2LZM_A_I3F
2LZM,A,I,L,3,3,2LZM_A_I3L
2LZM,A,I,P,3,-11.99,2LZM_A_I3P
2LZM,A,I,T,3,-8.48,2LZM_A_I3T
2LZM,A,K,P,60,0.3,2LZM_A_K60P
2LZM,A,G,A,77,-1.4,2LZM_A_G77A
2LZM,A,A,P,93,0.4,2LZM_A_A93P
2LZM,A,G,A,113,0.8,2LZM_A_G113A
2LZM,A,A,P,82,2.1,2LZM_A_A82P
2LZM,A,A,C,146,-4.1,2LZM_A_A146C
2LZM,A,T,C,142,-0.5,2LZM_A_T142C
2LZM,A,D,C,159,0.7,2LZM_A_D159C
2LZM,A,N,C,55,-3.6,2LZM_A_N55C
2LZM,A,R,C,96,-8.7,2LZM_A_R96C
2LZM,A,L,C,79,-5.1,2LZM_A_L79C
2LZM,A,R,C,119,-3,2LZM_A_R119C
2LZM,A,K,C,135,-2.6,2LZM_A_K135C
1LZ1,A,C,A,77,-14.3,1LZ1_A_C77A
2LZM,A,L,A,46,-8.6,2LZM_A_L46A
2LZM,A,L,A,118,-12.2,2LZM_A_L118A
2LZM,A,L,A,121,-9.3,2LZM_A_L121A
2LZM,A,F,A,153,-12.3,2LZM_A_F153A
1PML,A,W,S,288,-3.5,1PML_A_W288S
1PML,A,W,L,288,-3.7,1PML_A_W288L
1PML,A,W,F,288,-1.7,1PML_A_W288F
1PML,A,W,Y,288,-2.4,1PML_A_W288Y
2LZM,A,T,N,59,-2.8,2LZM_A_T59N
2LZM,A,T,S,59,-2.6,2LZM_A_T59S
2LZM,A,T,D,59,-3.1,2LZM_A_T59D
2LZM,A,T,G,59,-7.7,2LZM_A_T59G
2LZM,A,T,V,59,-10,2LZM_A_T59V
2LZM,A,T,A,59,-10.1,2LZM_A_T59A
1LRP,A,V,I,36,3.4,1LRP_A_V36I
1LRP,A,M,A,40,-8.6,1LRP_A_M40A
1BNI,A,D,A,8,-2,1BNI_A_D8A
1BNI,A,D,G,8,-3,1BNI_A_D8G
2LZM,A,M,L,102,-2.54,2LZM_A_M102L
2LZM,A,V,F,111,-4.77,2LZM_A_V111F
2LZM,A,V,I,111,-2.6,2LZM_A_V111I
2LZM,A,N,A,40,1.2,2LZM_A_N40A
2LZM,A,K,A,43,-3.1,2LZM_A_K43A
2LZM,A,S,A,44,-15.7,2LZM_A_S44A
2LZM,A,E,A,45,1.47,2LZM_A_E45A
2LZM,A,D,A,47,-2.75,2LZM_A_D47A
2LZM,A,K,A,48,-12.5,2LZM_A_K48A
1LZ1,A,P,G,71,-4.7,1LZ1_A_P71G
1LZ1,A,P,G,103,-0.1,1LZ1_A_P103G
1LZ1,A,D,P,91,-1.1,1LZ1_A_D91P
1LZ1,A,A,P,47,0.3,1LZ1_A_A47P
1LZ1,A,V,P,110,1.2,1LZ1_A_V110P
1YCC,A,N,I,52,17.2,1YCC_A_N52I
1YCC,A,C,A,102,11.6,1YCC_A_C102A
1YCC,A,C,S,102,11.3,1YCC_A_C102S
1WQ5,A,M,V,101,7.6,1WQ5_A_M101V
1WQ5,A,M,T,101,7.6,1WQ5_A_M101T
1WQ5,A,M,I,101,3.7,1WQ5_A_M101I
1WQ5,A,T,M,24,2.3,1WQ5_A_T24M
1WQ5,A,P,L,78,1.9,1WQ5_A_P78L
1WQ5,A,Y,C,102,1.4,1WQ5_A_Y102C
1WQ5,A,Y,H,102,0.8,1WQ5_A_Y102H
1WQ5,A,F,S,22,0.8,1WQ5_A_F22S
1WQ5,A,Q,R,65,-0.6,1WQ5_A_Q65R
1WQ5,A,P,Q,62,-0.6,1WQ5_A_P62Q
1WQ5,A,P,S,78,-1.6,1WQ5_A_P78S
1WQ5,A,E,G,49,-1.8,1WQ5_A_E49G
1WQ5,A,D,G,56,-2,1WQ5_A_D56G
1WQ5,A,Y,C,115,-2.3,1WQ5_A_Y115C
1WQ5,A,D,G,60,-2.6,1WQ5_A_D60G
1WQ5,A,A,V,67,-2.7,1WQ5_A_A67V
1WQ5,A,D,N,112,-3.1,1WQ5_A_D112N
1WQ5,A,F,L,114,-3.3,1WQ5_A_F114L
1WQ5,A,P,H,53,-3.3,1WQ5_A_P53H
1WQ5,A,T,K,63,-3.3,1WQ5_A_T63K
1WQ5,A,P,T,53,-4.3,1WQ5_A_P53T
1WQ5,A,P,S,21,-4.3,1WQ5_A_P21S
1WQ5,A,G,D,51,-4.5,1WQ5_A_G51D
1WQ5,A,P,L,28,-4.6,1WQ5_A_P28L
1WQ5,A,D,G,112,-5.1,1WQ5_A_D112G
1WQ5,A,S,P,6,-5.2,1WQ5_A_S6P
1WQ5,A,P,S,28,-6.4,1WQ5_A_P28S
1WQ5,A,S,L,33,-7.6,1WQ5_A_S33L
1RN1,A,Y,F,11,-6,1RN1_A_Y11F
1RN1,A,Y,F,42,3.4,1RN1_A_Y42F
1RN1,A,Y,F,56,-2.1,1RN1_A_Y56F
1RN1,A,Y,F,57,-1.3,1RN1_A_Y57F
1RN1,A,Y,F,68,-4,1RN1_A_Y68F
1RN1,A,S,A,12,-3.2,1RN1_A_S12A
1RN1,A,S,A,17,1.7,1RN1_A_S17A
1RN1,A,S,A,64,-4.6,1RN1_A_S64A
1RN1,A,N,A,9,-2.1,1RN1_A_N9A
1RN1,A,N,A,36,0,1RN1_A_N36A
1RN1,A,N,A,44,-5.5,1RN1_A_N44A
1RN1,A,N,A,81,-8.6,1RN1_A_N81A
2LZM,A,A,P,74,-18.2,2LZM_A_A74P
2LZM,A,Q,P,69,-12.9,2LZM_A_Q69P
2LZM,A,D,P,72,-10.2,2LZM_A_D72P
2LZM,A,P,A,37,-0.8,2LZM_A_P37A
2LZM,A,P,A,86,-2,2LZM_A_P86A
2LZM,A,L,P,39,-5.5,2LZM_A_L39P
2LZM,A,P,A,143,-5,2LZM_A_P143A
2LZM,A,I,V,3,-2.1,2LZM_A_I3V
2LZM,A,I,A,3,-3.8,2LZM_A_I3A
2LZM,A,I,G,3,-7.2,2LZM_A_I3G
1BPI,A,K,M,46,-60.3,1BPI_A_K46M
2LZM,A,L,D,133,-19,2LZM_A_L133D
1BPI,A,R,M,53,-68,1BPI_A_R53M
1RTB,A,Y,A,97,-34.3,1RTB_A_Y97A
2LZM,A,M,K,102,-35,2LZM_A_M102K
1ANK,A,D,H,84,-7.2,1ANK_A_D84H
1ANK,A,G,V,85,-11.1,1ANK_A_G85V
1ANK,A,F,L,86,-2.6,1ANK_A_F86L
1ORC,A,V,C,55,-8.1,1ORC_A_V55C
2LZM,A,T,E,115,-1.7,2LZM_A_T115E
2LZM,A,Q,E,123,1.2,2LZM_A_Q123E
2LZM,A,N,E,144,1.5,2LZM_A_N144E
2LZM,A,K,H,60,-3.4,2LZM_A_K60H
2LZM,A,S,H,90,-4.1,2LZM_A_S90H
2LZM,A,K,H,83,-2.2,2LZM_A_K83H
1CTS,A,H,G,274,-1.9,1CTS_A_H274G
1CTS,A,H,R,274,-1.1,1CTS_A_H274R
1CTS,A,D,G,375,4.6,1CTS_A_D375G
1CTS,A,D,N,375,5.8,1CTS_A_D375N
1CTS,A,D,E,375,-1.1,1CTS_A_D375E
1CTS,A,D,Q,375,11.1,1CTS_A_D375Q
2LZM,A,S,D,38,1.5,2LZM_A_S38D
2LZM,A,N,D,116,1.6,2LZM_A_N116D
2LZM,A,R,M,119,-0.9,2LZM_A_R119M
2LZM,A,N,D,144,1.4,2LZM_A_N144D
2LZM,A,D,N,92,-3.7,2LZM_A_D92N
2LZM,A,T,D,109,1.5,2LZM_A_T109D
2LZM,A,T,N,109,0.3,2LZM_A_T109N
2LZM,A,N,H,144,-2.3,2LZM_A_N144H
2LZM,A,S,N,38,-0.3,2LZM_A_S38N
2LZM,A,A,V,98,-14.8,2LZM_A_A98V
2LZM,A,T,S,152,-6.6,2LZM_A_T152S
2LZM,A,V,C,149,-5.5,2LZM_A_V149C
2LZM,A,K,E,16,-1.5,2LZM_A_K16E
2LZM,A,R,E,119,-0.6,2LZM_A_R119E
2LZM,A,K,E,135,-2.3,2LZM_A_K135E
2LZM,A,K,E,147,-1.6,2LZM_A_K147E
2LZM,A,R,E,154,-2.6,2LZM_A_R154E
4BLM,A,K,E,234,-7.5,4BLM_A_K234E
4BLM,A,K,A,234,5.2,4BLM_A_K234A
1STN,A,P,G,117,5,1STN_A_P117G
1STN,A,P,T,117,0.6,1STN_A_P117T
1STN,A,H,L,124,8.4,1STN_A_H124L
1STN,A,K,G,116,3.8,1STN_A_K116G
2LZM,A,T,Q,26,-0.9,2LZM_A_T26Q
1WQ5,B,P,A,57,-0.1,1WQ5_B_P57A
1WQ5,A,P,A,62,-1.4,1WQ5_A_P62A
1WQ5,A,P,G,132,-2.3,1WQ5_A_P132G
1WQ5,A,P,A,132,-2.6,1WQ5_A_P132A
1WQ5,A,P,A,207,-6.7,1WQ5_A_P207A
1WQ5,A,P,A,96,-6.3,1WQ5_A_P96A
1LRP,A,P,A,78,-7,1LRP_A_P78A
1SPD,A,C,S,111,2.8,1SPD_A_C111S
1SPD,A,C,A,6,0.8,1SPD_A_C6A
5CRO,A,Y,D,26,14.5,5CRO_A_Y26D
5CRO,A,Y,C,26,12,5CRO_A_Y26C
5CRO,A,Y,H,26,10,5CRO_A_Y26H
5CRO,A,Y,Q,26,7.5,5CRO_A_Y26Q
5CRO,A,Y,W,26,-2,5CRO_A_Y26W
5CRO,A,Y,L,26,6.5,5CRO_A_Y26L
5CRO,A,Y,V,26,5,5CRO_A_Y26V
5CRO,A,Y,F,26,2,5CRO_A_Y26F
2LZM,A,V,T,131,-0.41,2LZM_A_V131T
2LZM,A,A,V,41,1.6,2LZM_A_A41V
2LZM,A,H,N,31,-11,2LZM_A_H31N
1STN,A,H,Y,46,-0.6,1STN_A_H46Y
1STN,A,I,M,18,-2.1,1STN_A_I18M
1STN,A,L,F,89,-7.5,1STN_A_L89F
1STN,A,V,F,23,-10.2,1STN_A_V23F
1STN,A,G,S,79,-9.5,1STN_A_G79S
1RTB,A,Y,G,97,-33.3,1RTB_A_Y97G
1TPK,A,V,I,65,0.5,1TPK_A_V65I
1TPK,A,V,T,65,-4.3,1TPK_A_V65T
1TPK,A,V,L,65,-8.5,1TPK_A_V65L
1TPK,A,V,A,65,-8.8,1TPK_A_V65A
1TPK,A,V,M,65,-9.9,1TPK_A_V65M
1TPK,A,V,S,65,-11.4,1TPK_A_V65S
2LZM,A,N,G,55,-1.7,2LZM_A_N55G
2LZM,A,K,G,124,-0.2,2LZM_A_K124G
1CLW,A,G,D,323,0.1,1CLW_A_G323D
1CLW,A,T,I,235,-0.4,1CLW_A_T235I
1CLW,A,G,R,177,-0.5,1CLW_A_G177R
1CLW,A,E,V,309,-0.6,1CLW_A_E309V
1CLW,A,G,R,244,-0.9,1CLW_A_G244R
1CLW,A,R,K,285,-2.5,1CLW_A_R285K
1CLW,A,R,S,382,-5.2,1CLW_A_R382S
1ANK,A,R,G,88,-0.8,1ANK_A_R88G
1LRP,A,L,P,57,-15,1LRP_A_L57P
1LRP,A,L,C,57,-19,1LRP_A_L57C
1LRP,A,L,A,57,-34,1LRP_A_L57A
1RN1,A,Q,K,25,3.4,1RN1_A_Q25K
1RN1,A,E,A,58,-2.3,1RN1_A_E58A
2LZM,A,R,H,96,-15.6,2LZM_A_R96H
1BNI,A,I,V,96,-2.4,1BNI_A_I96V
1BNI,A,I,V,88,-3.37,1BNI_A_I88V
1BNI,A,I,A,96,-9.6,1BNI_A_I96A
1BNI,A,I,A,88,-11.2,1BNI_A_I88A
1BNI,A,L,A,14,-11.9,1BNI_A_L14A
2LZM,A,L,F,133,-0.8,2LZM_A_L133F
2LZM,A,A,V,129,-2.9,2LZM_A_A129V
1SUP,A,N,S,218,4,1SUP_A_N218S
1SUP,A,G,A,169,1.1,1SUP_A_G169A
1SUP,A,M,F,50,1.8,1SUP_A_M50F
1SUP,A,Y,K,217,2.7,1SUP_A_Y217K
1SUP,A,Q,C,206,4.7,1SUP_A_Q206C
1SUP,A,N,D,76,1.7,1SUP_A_N76D
5CRO,A,Q,L,16,14,5CRO_A_Q16L
5CRO,A,A,S,36,1,5CRO_A_A36S
1ARR,A,K,T,24,-10,1ARR_A_K24T
1ARR,A,L,Q,19,-19,1ARR_A_L19Q
1LRP,A,Y,C,88,8.8,1LRP_A_Y88C
2LZM,A,T,I,157,-11,2LZM_A_T157I
2LZM,A,T,S,157,-2.5,2LZM_A_T157S
2LZM,A,T,D,157,-4.2,2LZM_A_T157D
2LZM,A,T,G,157,-4.2,2LZM_A_T157G
2LZM,A,T,C,157,-4.9,2LZM_A_T157C
2LZM,A,T,H,157,-7.9,2LZM_A_T157H
2LZM,A,T,F,157,-9.2,2LZM_A_T157F
2LZM,A,T,V,157,-6,2LZM_A_T157V
2LZM,A,T,E,157,-5.8,2LZM_A_T157E
2LZM,A,T,A,157,-5.4,2LZM_A_T157A
2LZM,A,T,L,157,-5,2LZM_A_T157L
2LZM,A,T,R,157,-5.1,2LZM_A_T157R
2LZM,A,T,N,157,-1.7,2LZM_A_T157N
2WSY,A,C,S,81,-5,2WSY_A_C81S
2WSY,A,C,S,118,-5,2WSY_A_C118S
2LZM,A,C,V,54,-2,2LZM_A_C54V
2LZM,A,C,T,54,3.5,2LZM_A_C54T
2LZM,A,A,T,146,-9.4,2LZM_A_A146T
2LZM,A,P,R,86,-3,2LZM_A_P86R
2LZM,A,P,D,86,-1,2LZM_A_P86D
2LZM,A,P,C,86,-1,2LZM_A_P86C
2LZM,A,P,G,86,-2,2LZM_A_P86G
2LZM,A,P,H,86,-4,2LZM_A_P86H
2LZM,A,P,I,86,-2,2LZM_A_P86I
2LZM,A,P,L,86,-2,2LZM_A_P86L
2LZM,A,P,S,86,-1,2LZM_A_P86S
2LZM,A,P,T,86,-1,2LZM_A_P86T
1RX4,A,P,C,39,-3,1RX4_A_P39C
2LZM,A,M,T,102,-13,2LZM_A_M102T
2LZM,A,G,D,156,-6.1,2LZM_A_G156D
1SUP,A,N,A,218,-3.3,1SUP_A_N218A
2LZM,A,I,Y,3,-9.5,2LZM_A_I3Y
2LZM,A,I,M,3,-2.3,2LZM_A_I3M
2LZM,A,I,S,3,-7,2LZM_A_I3S
2LZM,A,I,D,3,-8.5,2LZM_A_I3D
2LZM,A,I,W,3,-16.4,2LZM_A_I3W
2LZM,A,I,C,3,4.8,2LZM_A_I3C
1LRP,A,G,A,48,4.7,1LRP_A_G48A
1LRP,A,G,N,48,4.1,1LRP_A_G48N
1LRP,A,G,S,48,4,1LRP_A_G48S
1LRP,A,G,A,46,3.1,1LRP_A_G46A
1SUP,A,S,C,87,-1.7,1SUP_A_S87C
1SUP,A,T,C,22,-2.5,1SUP_A_T22C
1LRP,A,Y,C,85,1,1LRP_A_Y85C
2LZM,A,M,I,6,-3.4,2LZM_A_M6I
2LZM,A,A,T,160,-5.5,2LZM_A_A160T
1LRP,A,A,T,66,-22.5,1LRP_A_A66T
1LRP,A,Y,H,22,-22.7,1LRP_A_Y22H
1LRP,A,I,S,84,-14.3,1LRP_A_I84S
1LRP,A,A,V,49,-13,1LRP_A_A49V
1LRP,A,Q,Y,44,-0.1,1LRP_A_Q44Y
1LRP,A,K,Q,4,2,1LRP_A_K4Q
1LRP,A,Q,Y,33,5.9,1LRP_A_Q33Y
2LZM,A,M,V,102,-13,2LZM_A_M102V
2LZM,A,E,K,128,-5.3,2LZM_A_E128K
1WQ5,A,E,Q,49,8.1,1WQ5_A_E49Q
1WQ5,A,E,S,49,4.3,1WQ5_A_E49S
1WQ5,A,G,E,211,1.8,1WQ5_A_G211E
1WQ5,A,G,R,211,0.2,1WQ5_A_G211R
1LZ1,A,I,V,23,-1.6,1LZ1_A_I23V
1LZ1,A,I,V,56,-6.3,1LZ1_A_I56V
1LZ1,A,I,V,59,-4.4,1LZ1_A_I59V
1LZ1,A,I,V,89,-2.7,1LZ1_A_I89V
1LZ1,A,I,V,106,-4.7,1LZ1_A_I106V
2LZM,A,R,K,14,-0.53,2LZM_A_R14K
2LZM,A,E,K,22,1.58,2LZM_A_E22K
2LZM,A,T,S,26,1.35,2LZM_A_T26S
2LZM,A,N,D,40,1.28,2LZM_A_N40D
2LZM,A,A,D,41,1.1,2LZM_A_A41D
2LZM,A,R,K,80,-0.43,2LZM_A_R80K
2LZM,A,A,T,93,0.16,2LZM_A_A93T
2LZM,A,G,E,113,1.03,2LZM_A_G113E
2LZM,A,R,H,119,-0.83,2LZM_A_R119H
2LZM,A,T,S,151,0.97,2LZM_A_T151S
2LZM,A,F,L,153,0.88,2LZM_A_F153L
2LZM,A,N,D,163,-0.5,2LZM_A_N163D
1BPI,A,R,A,1,-3.9,1BPI_A_R1A
1BPI,A,P,A,2,-9.8,1BPI_A_P2A
1BPI,A,D,A,3,1.4,1BPI_A_D3A
1BPI,A,F,A,4,-21,1BPI_A_F4A
1BPI,A,L,A,6,-4.6,1BPI_A_L6A
1BPI,A,E,A,7,-11.2,1BPI_A_E7A
1BPI,A,P,A,8,-2.5,1BPI_A_P8A
1BPI,A,P,A,9,-5.5,1BPI_A_P9A
1BPI,A,Y,A,10,-9,1BPI_A_Y10A
1BPI,A,T,A,11,-0.3,1BPI_A_T11A
1BPI,A,G,A,12,-16.1,1BPI_A_G12A
1BPI,A,P,A,13,-9,1BPI_A_P13A
1BPI,A,K,A,15,-4.2,1BPI_A_K15A
1BPI,A,R,A,17,-4.7,1BPI_A_R17A
1BPI,A,I,A,18,-10.9,1BPI_A_I18A
1BPI,A,I,A,19,-15.1,1BPI_A_I19A
1BPI,A,R,A,20,-13.2,1BPI_A_R20A
1BPI,A,F,A,22,-14.7,1BPI_A_F22A
1BPI,A,N,A,24,-15.8,1BPI_A_N24A
1BPI,A,K,A,26,-0.1,1BPI_A_K26A
1BPI,A,G,A,28,-7.3,1BPI_A_G28A
1BPI,A,L,A,29,0.3,1BPI_A_L29A
1BPI,A,Q,A,31,-7.5,1BPI_A_Q31A
1BPI,A,T,A,32,-0.4,1BPI_A_T32A
1BPI,A,V,A,34,-9,1BPI_A_V34A
1BPI,A,Y,A,35,-16.2,1BPI_A_Y35A
1BPI,A,G,A,36,-15.4,1BPI_A_G36A
1BPI,A,G,A,37,-21,1BPI_A_G37A
1BPI,A,R,A,39,0,1BPI_A_R39A
1BPI,A,K,A,41,-3,1BPI_A_K41A
1BPI,A,R,A,42,-3.6,1BPI_A_R42A
1BPI,A,N,A,44,-29,1BPI_A_N44A
1BPI,A,K,A,46,0.6,1BPI_A_K46A
1BPI,A,S,A,47,-11.9,1BPI_A_S47A
1BPI,A,E,A,49,-1.3,1BPI_A_E49A
1BPI,A,D,A,50,-2.6,1BPI_A_D50A
1BPI,A,M,A,52,-12.1,1BPI_A_M52A
1BPI,A,R,A,53,-0.9,1BPI_A_R53A
1BPI,A,T,A,54,-0.7,1BPI_A_T54A
1BPI,A,G,A,56,-1.4,1BPI_A_G56A
1BPI,A,G,A,57,-1.5,1BPI_A_G57A
1YEA,A,N,I,52,9.9,1YEA_A_N52I
1YEA,A,P,G,25,-1.1,1YEA_A_P25G
1YEA,A,P,G,76,-4,1YEA_A_P76G
1YEA,A,H,N,33,-5.4,1YEA_A_H33N
1I5T,A,H,V,26,-10,1I5T_A_H26V
1I5T,A,N,I,52,20,1I5T_A_N52I
1I5T,A,H,F,33,0.07,1I5T_A_H33F
1I5T,A,P,V,30,-11,1I5T_A_P30V
2AKY,A,N,D,169,-0.6,2AKY_A_N169D
2AKY,A,T,H,77,-1.1,2AKY_A_T77H
2AKY,A,V,I,8,-1.5,2AKY_A_V8I
2AKY,A,I,F,213,-7.7,2AKY_A_I213F
2AKY,A,Q,E,48,0.8,2AKY_A_Q48E
2AKY,A,T,H,110,-7.5,2AKY_A_T110H
1BPI,A,G,S,36,-4.5,1BPI_A_G36S
1BPI,A,Y,A,23,-33,1BPI_A_Y23A
1BPI,A,Y,G,35,-18,1BPI_A_Y35G
1BPI,A,N,G,43,-32,1BPI_A_N43G
1BPI,A,F,A,45,-38,1BPI_A_F45A
1BPI,A,E,M,49,-56.4,1BPI_A_E49M
1BPI,A,N,G,44,-21,1BPI_A_N44G
1PGA,A,A,P,252,-32,1PGA_A_A252P
1PGA,A,D,G,248,-14,1PGA_A_D248G
2RN2,A,H,A,62,1.3,2RN2_A_H62A
2RN2,A,H,A,83,2.1,2RN2_A_H83A
2RN2,A,H,A,114,-7.7,2RN2_A_H114A
2RN2,A,H,A,124,1.7,2RN2_A_H124A
2RN2,A,H,A,127,0.9,2RN2_A_H127A
1YCC,A,N,M,52,13.5,1YCC_A_N52M
1YCC,A,N,L,52,12.9,1YCC_A_N52L
1YCC,A,N,V,52,8.9,1YCC_A_N52V
1YCC,A,N,T,52,-8,1YCC_A_N52T
1YCC,A,N,S,52,-10.7,1YCC_A_N52S
1YCC,A,N,A,52,4.5,1YCC_A_N52A
1YCC,A,N,Q,52,2,1YCC_A_N52Q
1YCC,A,N,H,52,-1.7,1YCC_A_N52H
3SSI,A,M,V,103,-4.33,3SSI_A_M103V
3SSI,A,M,I,103,-7.3,3SSI_A_M103I
3SSI,A,M,L,103,2.35,3SSI_A_M103L
3SSI,A,M,A,103,-5.18,3SSI_A_M103A
3SSI,A,V,G,13,-27.7,3SSI_A_V13G
3SSI,A,V,I,13,-2.4,3SSI_A_V13I
3SSI,A,V,L,13,-5.3,3SSI_A_V13L
1CAH,A,H,Y,107,-39,1CAH_A_H107Y
3SSI,A,M,K,73,3.71,3SSI_A_M73K
3SSI,A,M,D,73,3.46,3SSI_A_M73D
3SSI,A,M,E,73,1.99,3SSI_A_M73E
3SSI,A,M,G,73,-0.87,3SSI_A_M73G
3SSI,A,M,A,73,1.66,3SSI_A_M73A
3SSI,A,M,V,73,-1.75,3SSI_A_M73V
3SSI,A,M,L,73,-1.05,3SSI_A_M73L
3SSI,A,M,I,73,-2.42,3SSI_A_M73I
2RN2,A,G,A,23,2.3,2RN2_A_G23A
2RN2,A,D,H,134,7,2RN2_A_D134H
1RCH,A,D,N,134,7,1RCH_A_D134N
2RN2,A,V,L,74,3.7,2RN2_A_V74L
2RN2,A,H,P,62,4.1,2RN2_A_H62P
1ARR,A,P,L,8,13.9,1ARR_A_P8L
1BNI,A,S,A,91,-4.81,1BNI_A_S91A
1BNI,A,I,V,51,-4.53,1BNI_A_I51V
1BNI,A,T,R,16,1.33,1BNI_A_T16R
1BNI,A,T,G,26,-4.06,1BNI_A_T26G
1BNI,A,S,A,92,-7.13,1BNI_A_S92A
1BNI,A,R,Q,83,-3.29,1BNI_A_R83Q
1BNI,A,R,M,69,-5.77,1BNI_A_R69M
1BNI,A,D,M,22,-1.57,1BNI_A_D22M
1BNI,A,D,G,12,-2.2,1BNI_A_D12G
1BNI,A,D,N,54,-7.06,1BNI_A_D54N
2LZM,A,E,F,11,4.3,2LZM_A_E11F
2LZM,A,E,M,11,4.1,2LZM_A_E11M
2LZM,A,E,A,11,2.6,2LZM_A_E11A
2LZM,A,G,A,30,0.1,2LZM_A_G30A
2LZM,A,G,F,30,-4.9,2LZM_A_G30F
2LZM,A,S,V,117,5.1,2LZM_A_S117V
2LZM,A,S,I,117,4.2,2LZM_A_S117I
2LZM,A,N,M,132,3.6,2LZM_A_N132M
2LZM,A,N,F,132,3.3,2LZM_A_N132F
2LZM,A,N,I,132,3,2LZM_A_N132I
2LZM,A,E,H,11,0.1,2LZM_A_E11H
2LZM,A,E,N,11,-0.6,2LZM_A_E11N
2LZM,A,D,N,20,3.1,2LZM_A_D20N
2LZM,A,D,T,20,2.2,2LZM_A_D20T
2LZM,A,D,S,20,1.6,2LZM_A_D20S
2LZM,A,D,A,20,-0.8,2LZM_A_D20A
2LZM,A,S,F,117,4.8,2LZM_A_S117F
1ADO,A,D,G,128,-12.7,1ADO_A_D128G
1ADO,A,D,A,128,-11.9,1ADO_A_D128A
1ADO,A,D,N,128,-11.7,1ADO_A_D128N
1ADO,A,D,Q,128,-11.6,1ADO_A_D128Q
1ADO,A,D,V,128,-12.2,1ADO_A_D128V
2CI2,I,S,A,31,-8.4,2CI2_I_S31A
2CI2,I,E,N,33,-3.8,2CI2_I_E33N
2CI2,I,K,A,36,-12.6,2CI2_I_K36A
2CI2,I,K,A,37,-5.2,2CI2_I_K37A
2CI2,I,K,G,37,-10.8,2CI2_I_K37G
2CI2,I,K,A,43,-5.8,2CI2_I_K43A
2CI2,I,L,A,27,-22.5,2CI2_I_L27A
2CI2,I,V,A,38,-4.7,2CI2_I_V38A
2CI2,I,I,V,39,-14.8,2CI2_I_I39V
2CI2,I,I,V,48,-7.2,2CI2_I_I48V
2CI2,I,I,V,49,1.4,2CI2_I_I49V
2CI2,I,V,A,70,-16.8,2CI2_I_V70A
2CI2,I,I,V,76,1.4,2CI2_I_I76V
2CI2,I,T,A,22,-2.9,2CI2_I_T22A
2CI2,I,V,A,53,-2.8,2CI2_I_V53A
2CI2,I,V,T,53,-8.3,2CI2_I_V53T
2CI2,I,L,A,51,-9.1,2CI2_I_L51A
2CI2,I,L,V,51,-0.5,2CI2_I_L51V
2CI2,I,F,L,69,-14.1,2CI2_I_F69L
1STN,A,G,W,88,4.6,1STN_A_G88W
1STN,A,E,A,75,-5.6,1STN_A_E75A
1STN,A,K,G,24,-6.3,1STN_A_K24G
1STN,A,L,A,7,-3.2,1STN_A_L7A
1STN,A,E,G,75,-16.1,1STN_A_E75G
1STN,A,V,A,23,-12.5,1STN_A_V23A
1STN,A,L,A,137,-8.7,1STN_A_L137A
1STN,A,A,T,69,-13.7,1STN_A_A69T
2TRX,A,L,K,78,-13.7,2TRX_A_L78K
2TRX,A,L,R,78,-16.1,2TRX_A_L78R
2LZM,A,T,A,115,-0.43,2LZM_A_T115A
2LZM,A,N,A,116,0.49,2LZM_A_N116A
2LZM,A,S,A,117,3.64,2LZM_A_S117A
2LZM,A,R,A,119,-0.53,2LZM_A_R119A
2LZM,A,M,A,120,-0.58,2LZM_A_M120A
2LZM,A,Q,A,122,-0.71,2LZM_A_Q122A
2LZM,A,Q,A,123,-0.64,2LZM_A_Q123A
1YCC,A,A,Y,7,0.6,1YCC_A_A7Y
1YCC,A,L,I,94,-1.7,1YCC_A_L94I
1YCC,A,A,L,7,-1.7,1YCC_A_A7L
1YCC,A,Y,F,97,-2.1,1YCC_A_Y97F
1YCC,A,F,Y,10,-7,1YCC_A_F10Y
1YCC,A,F,W,10,-12.3,1YCC_A_F10W
1YCC,A,L,T,94,-25.4,1YCC_A_L94T
1YCC,A,L,A,94,-35.4,1YCC_A_L94A
1YCC,A,L,V,94,-4,1YCC_A_L94V
1YCC,A,F,I,10,-4.3,1YCC_A_F10I
1YCC,A,F,M,10,-15.2,1YCC_A_F10M
1YCC,A,Y,A,97,-21.7,1YCC_A_Y97A
1QU7,A,E,K,303,0.9,1QU7_A_E303K
1QU7,A,T,I,313,0.2,1QU7_A_T313I
1QU7,A,S,L,327,-0.6,1QU7_A_S327L
1QU7,A,V,M,348,-0.3,1QU7_A_V348M
1QU7,A,V,I,435,0.6,1QU7_A_V435I
1QU7,A,A,V,438,3.1,1QU7_A_A438V
1QU7,A,S,L,463,9.3,1QU7_A_S463L
2CI2,I,E,A,45,1.4,2CI2_I_E45A
2CI2,I,P,A,44,9.1,2CI2_I_P44A
2LZM,A,N,A,68,0.2,2LZM_A_N68A
2RN2,A,A,V,24,3.2,2RN2_A_A24V
2RN2,A,H,R,62,1.3,2RN2_A_H62R
2RN2,A,H,D,62,2.2,2RN2_A_H62D
2RN2,A,K,R,117,-0.2,2RN2_A_K117R
2RN2,A,E,V,119,2.7,2RN2_A_E119V
2RN2,A,R,C,41,1.6,2RN2_A_R41C
2RN2,A,E,K,135,-3.7,2RN2_A_E135K
2RN2,A,A,V,52,7.8,2RN2_A_A52V
2RN2,A,Q,L,76,1.1,2RN2_A_Q76L
2RN2,A,Q,L,80,1,2RN2_A_Q80L
2CI2,I,S,G,31,-4.6,2CI2_I_S31G
3SSI,A,D,N,83,-2.3,3SSI_A_D83N
3SSI,A,D,C,83,17.25,3SSI_A_D83C
1STN,A,V,A,66,-14.5,1STN_A_V66A
1STN,A,V,L,66,5.7,1STN_A_V66L
1STN,A,V,W,66,-9.6,1STN_A_V66W
1RN1,A,W,Y,59,20,1RN1_A_W59Y
1RN1,B,Y,W,45,-1.6,1RN1_B_Y45W
1STN,A,G,V,88,4.3,1STN_A_G88V
1STN,A,E,V,75,-6.6,1STN_A_E75V
1STN,A,D,A,77,-10.7,1STN_A_D77A
2LZM,A,L,A,39,-2.5,2LZM_A_L39A
2LZM,A,A,K,42,-15.3,2LZM_A_A42K
1RN1,A,Y,W,24,1.6,1RN1_A_Y24W
1RN1,A,Y,W,42,-0.6,1RN1_A_Y42W
1RN1,A,H,T,40,-0.5,1RN1_A_H40T
1RN1,A,H,A,92,-1.3,1RN1_A_H92A
2RN2,A,D,N,134,6.4,2RN2_A_D134N
2RN2,A,D,E,134,3.1,2RN2_A_D134E
2RN2,A,D,Q,134,4.8,2RN2_A_D134Q
2RN2,A,D,S,134,3.9,2RN2_A_D134S
2RN2,A,D,T,134,3.9,2RN2_A_D134T
2RN2,A,D,V,134,4.1,2RN2_A_D134V
2RN2,A,D,I,134,4.6,2RN2_A_D134I
2RN2,A,D,L,134,5.5,2RN2_A_D134L
2RN2,A,D,A,134,6.8,2RN2_A_D134A
1C5G,A,R,E,53,-2.6,1C5G_A_R53E
1C5G,A,E,R,373,-0.5,1C5G_A_E373R
1C5G,A,E,P,373,0.5,1C5G_A_E373P
1PGA,A,T,G,53,-11.1,1PGA_A_T53G
1PGA,A,T,D,53,-6.14,1PGA_A_T53D
1PGA,A,T,E,53,1.76,1PGA_A_T53E
1PGA,A,T,K,53,3.6,1PGA_A_T53K
1PGA,A,T,H,53,3.91,1PGA_A_T53H
1PGA,A,T,Q,53,3.85,1PGA_A_T53Q
1PGA,A,T,R,53,5.36,1PGA_A_T53R
1PGA,A,T,L,53,5.42,1PGA_A_T53L
1PGA,A,T,N,53,4.83,1PGA_A_T53N
1PGA,A,T,C,53,6.94,1PGA_A_T53C
1PGA,A,T,S,53,7.75,1PGA_A_T53S
1PGA,A,T,M,53,7.21,1PGA_A_T53M
1PGA,A,T,V,53,8.42,1PGA_A_T53V
1PGA,A,T,W,53,8.68,1PGA_A_T53W
1PGA,A,T,F,53,10.63,1PGA_A_T53F
1PGA,A,T,I,53,10.73,1PGA_A_T53I
1PGA,A,T,T,53,11.62,1PGA_A_T53T
1PGA,A,T,Y,53,12.17,1PGA_A_T53Y
2CI2,I,I,A,48,-21.3,2CI2_I_I48A
2CI2,I,L,A,68,-21.5,2CI2_I_L68A
2CI2,I,I,A,76,-25.7,2CI2_I_I76A
2LZM,A,A,S,41,-1.77,2LZM_A_A41S
2LZM,A,A,S,42,-7.49,2LZM_A_A42S
2LZM,A,A,S,49,-1.53,2LZM_A_A49S
2LZM,A,A,S,73,-1.27,2LZM_A_A73S
2LZM,A,A,S,82,-0.99,2LZM_A_A82S
2LZM,A,A,S,93,-0.52,2LZM_A_A93S
2LZM,A,A,S,98,-7.47,2LZM_A_A98S
2LZM,A,A,S,130,-2.89,2LZM_A_A130S
2LZM,A,A,S,134,-0.44,2LZM_A_A134S
2LZM,A,V,T,75,-3.7,2LZM_A_V75T
2LZM,A,V,T,87,-4.55,2LZM_A_V87T
2LZM,A,V,T,149,-10.08,2LZM_A_V149T
1BVC,A,L,A,29,-8.9,1BVC_A_L29A
1BVC,A,L,V,135,-8.3,1BVC_A_L135V
1BVC,A,I,A,111,-6.4,1BVC_A_I111A
1BVC,A,L,V,29,-6,1BVC_A_L29V
1BVC,A,L,I,135,-5.2,1BVC_A_L135I
1BVC,A,I,A,28,-4.4,1BVC_A_I28A
1BVC,A,L,A,69,-3.8,1BVC_A_L69A
1BVC,A,I,M,111,-3.7,1BVC_A_I111M
1BVC,A,L,I,29,-3.6,1BVC_A_L29I
1BVC,A,I,A,142,-3.9,1BVC_A_I142A
1BVC,A,L,I,49,-2.5,1BVC_A_L49I
1BVC,A,L,M,135,-2.5,1BVC_A_L135M
1BVC,A,I,L,111,-2,1BVC_A_I111L
1BVC,A,I,M,28,-1.7,1BVC_A_I28M
1BVC,A,I,L,28,-1.7,1BVC_A_I28L
1BVC,A,I,V,142,-0.3,1BVC_A_I142V
1BVC,A,L,V,69,-0.3,1BVC_A_L69V
1BVC,A,L,I,69,-0.1,1BVC_A_L69I
1BVC,A,L,M,69,0,1BVC_A_L69M
1BVC,A,I,V,28,0.1,1BVC_A_I28V
1BVC,A,L,M,29,-0.3,1BVC_A_L29M
1BVC,A,I,L,142,1.8,1BVC_A_I142L
1BVC,A,I,M,142,2.6,1BVC_A_I142M
2LZM,A,S,L,44,1.09,2LZM_A_S44L
2LZM,A,S,M,44,0.92,2LZM_A_S44M
2LZM,A,S,I,44,0.91,2LZM_A_S44I
2LZM,A,S,Q,44,0.75,2LZM_A_S44Q
2LZM,A,S,R,44,0.68,2LZM_A_S44R
2LZM,A,S,K,44,0.57,2LZM_A_S44K
2LZM,A,S,Y,44,0.54,2LZM_A_S44Y
2LZM,A,S,V,44,0.29,2LZM_A_S44V
2LZM,A,S,F,44,0.18,2LZM_A_S44F
2LZM,A,S,W,44,0.15,2LZM_A_S44W
2LZM,A,S,H,44,0.12,2LZM_A_S44H
2LZM,A,S,T,44,0.03,2LZM_A_S44T
2LZM,A,S,E,44,0,2LZM_A_S44E
2LZM,A,S,D,44,-0.32,2LZM_A_S44D
2LZM,A,S,C,44,-0.35,2LZM_A_S44C
2LZM,A,S,N,44,-0.4,2LZM_A_S44N
2LZM,A,S,G,44,-1.55,2LZM_A_S44G
2LZM,A,S,P,44,-10.32,2LZM_A_S44P
2LZM,A,V,L,131,0.23,2LZM_A_V131L
2LZM,A,V,M,131,0.32,2LZM_A_V131M
2LZM,A,V,I,131,0.41,2LZM_A_V131I
2LZM,A,V,E,131,0.52,2LZM_A_V131E
2LZM,A,V,S,131,-0.12,2LZM_A_V131S
2LZM,A,V,D,131,0.22,2LZM_A_V131D
2LZM,A,V,G,131,-1.8,2LZM_A_V131G
1URK,A,W,F,50,-24.8,1URK_A_W50F
1URK,A,W,Y,50,-17.6,1URK_A_W50Y
1BVC,A,L,A,137,-3.6,1BVC_A_L137A
1BVC,A,L,A,149,-3.2,1BVC_A_L149A
1BVC,A,V,A,114,-2.9,1BVC_A_V114A
1BVC,A,T,A,51,-2.8,1BVC_A_T51A
1BVC,A,G,A,23,-2.2,1BVC_A_G23A
1BVC,A,V,A,13,-1.3,1BVC_A_V13A
1BVC,A,L,A,11,-0.8,1BVC_A_L11A
1BVC,A,L,A,9,-0.8,1BVC_A_L9A
1BVC,A,T,A,67,-0.5,1BVC_A_T67A
1BVC,A,S,A,117,-0.5,1BVC_A_S117A
1BVC,A,H,A,116,0.3,1BVC_A_H116A
1BVC,A,P,A,88,1.1,1BVC_A_P88A
1BVC,A,V,A,66,1.4,1BVC_A_V66A
1BVC,A,G,A,129,2,1BVC_A_G129A
2RN2,A,V,I,74,2.4,2RN2_A_V74I
2RN2,A,V,A,74,-12.7,2RN2_A_V74A
2RN2,A,G,A,77,-2.9,2RN2_A_G77A
1IOB,A,T,A,9,-1.2,1IOB_A_T9A
1IOB,A,T,L,9,-5.6,1IOB_A_T9L
1IOB,A,T,G,9,-1.8,1IOB_A_T9G
1IOB,A,K,R,97,-4.2,1IOB_A_K97R
1IOB,A,K,G,97,-5.2,1IOB_A_K97G
1IOB,A,K,V,97,-6.2,1IOB_A_K97V
1IOB,A,T,Q,9,-6,1IOB_A_T9Q
2LZM,A,L,F,99,-1.1,2LZM_A_L99F
2LZM,A,F,I,153,-1.5,2LZM_A_F153I
2LZM,A,L,M,99,-2,2LZM_A_L99M
2LZM,A,F,M,153,-2.4,2LZM_A_F153M
2LZM,A,L,A,99,-15.7,2LZM_A_L99A
2LZM,A,L,V,99,-6.6,2LZM_A_L99V
2LZM,A,L,I,99,-4,2LZM_A_L99I
2LZM,A,F,V,153,-6.1,2LZM_A_F153V
2LZM,A,Q,A,105,-3.5,2LZM_A_Q105A
2LZM,A,Q,E,105,-3,2LZM_A_Q105E
2LZM,A,Q,G,105,-7.2,2LZM_A_Q105G
1STN,A,L,A,25,-15.8,1STN_A_L25A
1STN,A,A,S,90,-13.5,1STN_A_A90S
4LYZ,A,S,T,91,2.6,4LYZ_A_S91T
4LYZ,A,S,V,91,-0.2,4LYZ_A_S91V
4LYZ,A,S,A,91,-0.4,4LYZ_A_S91A
4LYZ,A,T,S,40,-0.7,4LYZ_A_T40S
4LYZ,A,I,L,55,-1.2,4LYZ_A_I55L
4LYZ,A,I,V,55,-2.4,4LYZ_A_I55V
4LYZ,A,T,I,40,-5.8,4LYZ_A_T40I
4LYZ,A,I,M,55,-6,4LYZ_A_I55M
4LYZ,A,S,D,91,-6.1,4LYZ_A_S91D
4LYZ,A,I,F,55,-6.5,4LYZ_A_I55F
4LYZ,A,S,Y,91,-8.1,4LYZ_A_S91Y
4LYZ,A,I,A,55,-11.6,4LYZ_A_I55A
4LYZ,A,I,T,55,-13.1,4LYZ_A_I55T
4LYZ,A,F,Y,3,-1.2,4LYZ_A_F3Y
4LYZ,A,H,L,15,2,4LYZ_A_H15L
4LYZ,A,N,K,19,-2.8,4LYZ_A_N19K
4LYZ,A,R,Q,21,-0.4,4LYZ_A_R21Q
4LYZ,A,F,Y,34,0.5,4LYZ_A_F34Y
4LYZ,A,R,K,68,-0.1,4LYZ_A_R68K
4LYZ,A,R,K,73,0.6,4LYZ_A_R73K
4LYZ,A,N,H,77,-1,4LYZ_A_N77H
4LYZ,A,D,G,101,1.2,4LYZ_A_D101G
4LYZ,A,G,V,102,-0.1,4LYZ_A_G102V
4LYZ,A,G,R,102,1,4LYZ_A_G102R
4LYZ,A,R,H,114,1.8,4LYZ_A_R114H
4LYZ,A,Q,H,121,-1.2,4LYZ_A_Q121H
4LYZ,A,A,V,31,3.1,4LYZ_A_A31V
4LYZ,A,A,I,31,3.6,4LYZ_A_A31I
4LYZ,A,A,L,31,4.7,4LYZ_A_A31L
4LYZ,A,D,S,101,2.3,4LYZ_A_D101S
4LYZ,A,D,A,101,2,4LYZ_A_D101A
4LYZ,A,D,F,101,1.9,4LYZ_A_D101F
4LYZ,A,D,K,101,0.5,4LYZ_A_D101K
4LYZ,A,D,N,101,0.1,4LYZ_A_D101N
4LYZ,A,D,E,101,0,4LYZ_A_D101E
4LYZ,A,D,Q,101,-0.2,4LYZ_A_D101Q
4LYZ,A,D,R,101,0.7,4LYZ_A_D101R
1AXB,A,E,K,102,1.7,1AXB_A_E102K
1AXB,A,G,S,234,1.6,1AXB_A_G234S
1AXB,A,R,H,162,-0.6,1AXB_A_R162H
1AXB,A,R,S,162,-1.8,1AXB_A_R162S
1ROP,A,L,V,41,-5.7,1ROP_A_L41V
1ROP,A,L,A,41,-18.1,1ROP_A_L41A
1ROP,A,D,G,30,11.6,1ROP_A_D30G
1ROP,A,D,Q,30,10.4,1ROP_A_D30Q
1ROP,A,D,E,30,6.2,1ROP_A_D30E
1ROP,A,D,S,30,6,1ROP_A_D30S
1ROP,A,D,K,30,5.9,1ROP_A_D30K
1ROP,A,D,H,30,5.8,1ROP_A_D30H
1ROP,A,D,C,30,5.3,1ROP_A_D30C
1ROP,A,D,R,30,5.3,1ROP_A_D30R
1ROP,A,D,N,30,5.1,1ROP_A_D30N
1ROP,A,D,M,30,4,1ROP_A_D30M
1ROP,A,D,A,30,2.5,1ROP_A_D30A
1ROP,A,D,Y,30,1.7,1ROP_A_D30Y
1ROP,A,D,L,30,-0.3,1ROP_A_D30L
1ROP,A,D,F,30,-0.4,1ROP_A_D30F
1ROP,A,D,T,30,-2.1,1ROP_A_D30T
1ROP,A,D,V,30,-2.1,1ROP_A_D30V
1ROP,A,D,W,30,-2.8,1ROP_A_D30W
1ROP,A,D,I,30,-5.3,1ROP_A_D30I
1ROP,A,D,P,30,-9.8,1ROP_A_D30P
1MBG,A,V,L,103,22.4,1MBG_A_V103L
2HPR,A,S,D,46,3.9,2HPR_A_S46D
1STN,A,K,F,70,0,1STN_A_K70F
1STN,A,G,C,29,-4.6,1STN_A_G29C
1STN,A,G,C,50,-2.6,1STN_A_G50C
1STN,A,E,C,57,-0.9,1STN_A_E57C
1STN,A,A,C,60,-3.6,1STN_A_A60C
1STN,A,K,C,70,-2.8,1STN_A_K70C
1STN,A,K,C,78,0.4,1STN_A_K78C
1STN,A,R,C,105,-11.1,1STN_A_R105C
1STN,A,A,C,112,-2.8,1STN_A_A112C
1STN,A,K,C,134,-2.9,1STN_A_K134C
1STN,A,K,F,134,-1.7,1STN_A_K134F
1STN,A,K,F,78,-0.5,1STN_A_K78F
1STN,A,G,F,50,-2.5,1STN_A_G50F
1STN,A,E,F,57,-1.1,1STN_A_E57F
1STN,A,G,F,29,-6.4,1STN_A_G29F
1STN,A,A,F,112,-6.9,1STN_A_A112F
1STN,A,R,F,105,-15.1,1STN_A_R105F
2HIP,A,Y,F,12,-19.6,2HIP_A_Y12F
2HIP,A,Y,W,12,-30.3,2HIP_A_Y12W
2HIP,A,Y,H,12,-27.4,2HIP_A_Y12H
1N0J,A,I,T,58,-13.6,1N0J_A_I58T
1EM7,A,A,I,26,-27.9,1EM7_A_A26I
1EM7,A,A,V,26,-21,1EM7_A_A26V
1EM7,A,Y,A,45,-34.1,1EM7_A_Y45A
1EM7,A,Y,V,45,-26.4,1EM7_A_Y45V
1EM7,A,Y,I,45,-25.7,1EM7_A_Y45I
1DFO,A,W,F,385,-6.7,1DFO_A_W385F
1DFO,A,W,F,16,-3.8,1DFO_A_W16F
1DFO,A,W,F,183,-3,1DFO_A_W183F
1RTB,A,P,A,42,-1.4,1RTB_A_P42A
1RTB,A,P,A,117,-6.7,1RTB_A_P117A
1STN,A,M,L,32,-3.2,1STN_A_M32L
1STN,A,M,I,32,-2.3,1STN_A_M32I
1KDN,A,P,G,105,-15.1,1KDN_A_P105G
1ARR,A,E,A,48,-14.7,1ARR_A_E48A
1ARR,A,N,A,29,-12.6,1ARR_A_N29A
1ARR,A,S,A,44,-11.6,1ARR_A_S44A
2LZM,A,A,L,129,-3.2,2LZM_A_A129L
2LZM,A,A,M,129,-5.5,2LZM_A_A129M
1BPI,A,F,A,33,-16.5,1BPI_A_F33A
1WQ5,A,C,V,81,-4.4,1WQ5_A_C81V
1WQ5,A,C,A,154,-2.9,1WQ5_A_C154A
1WQ5,A,C,V,154,-3.3,1WQ5_A_C154V
1WQ5,A,C,S,118,-8.5,1WQ5_A_C118S
1WQ5,A,C,V,118,-4.2,1WQ5_A_C118V
1WQ5,A,C,A,118,-4.3,1WQ5_A_C118A
1WQ5,A,C,S,81,-4.4,1WQ5_A_C81S
1WQ5,A,C,A,81,-4.8,1WQ5_A_C81A
1WQ5,A,C,S,154,-8.2,1WQ5_A_C154S
1WQ5,A,C,G,81,-8.5,1WQ5_A_C81G
1WQ5,A,K,N,109,-1.5,1WQ5_A_K109N
1RTB,A,Y,F,97,-10.1,1RTB_A_Y97F
1AKM,A,S,H,55,-0.2,1AKM_A_S55H
1AKM,A,K,Q,86,7.2,1AKM_A_K86Q
1AKM,A,R,A,319,7.1,1AKM_A_R319A
1AKM,A,A,G,325,0.5,1AKM_A_A325G
2LZM,A,L,P,91,-34.3,2LZM_A_L91P
2LZM,A,L,P,66,-38.2,2LZM_A_L66P
1AYF,A,H,Q,56,-5,1AYF_A_H56Q
1AYF,A,H,T,56,-2.7,1AYF_A_H56T
1AYF,A,H,R,56,-2.1,1AYF_A_H56R
1AYF,A,T,S,54,0.2,1AYF_A_T54S
1AYF,A,T,A,54,-4.3,1AYF_A_T54A
1AYF,A,Y,S,82,-0.8,1AYF_A_Y82S
1AYF,A,Y,L,82,-0.7,1AYF_A_Y82L
1AYF,A,Y,F,82,0.1,1AYF_A_Y82F
1AYF,A,Y,W,82,-0.7,1AYF_A_Y82W
1AYF,A,C,S,95,4.4,1AYF_A_C95S
1AYF,A,D,E,76,2,1AYF_A_D76E
2LZM,A,I,M,78,-3.7,2LZM_A_I78M
2LZM,A,L,M,84,-4.9,2LZM_A_L84M
2LZM,A,L,M,91,-2,2LZM_A_L91M
2LZM,A,I,M,100,-4.5,2LZM_A_I100M
2LZM,A,V,M,103,-3.1,2LZM_A_V103M
2LZM,A,L,M,118,-1.8,2LZM_A_L118M
2LZM,A,L,M,121,-2.1,2LZM_A_L121M
2LZM,A,L,M,133,-1,2LZM_A_L133M
1RN1,A,P,V,73,-6.5,1RN1_A_P73V
1AKK,A,L,V,94,-4,1AKK_A_L94V
2RN2,A,D,N,10,6.8,2RN2_A_D10N
2RN2,A,D,A,10,14.8,2RN2_A_D10A
2RN2,A,D,E,10,3.8,2RN2_A_D10E
2RN2,A,D,S,10,9.2,2RN2_A_D10S
2RN2,A,D,H,10,8.2,2RN2_A_D10H
2RN2,A,E,Q,48,1,2RN2_A_E48Q
2RN2,A,E,A,48,-1,2RN2_A_E48A
2RN2,A,E,D,48,-0.8,2RN2_A_E48D
2RN2,A,D,N,70,5.5,2RN2_A_D70N
2RN2,A,D,A,70,3.8,2RN2_A_D70A
2RN2,A,D,E,70,1.8,2RN2_A_D70E
1LZ1,A,I,T,56,-12.5,1LZ1_A_I56T
1LZ1,A,I,S,59,-11.8,1LZ1_A_I59S
1LZ1,A,V,A,2,-7.9,1LZ1_A_V2A
1LZ1,A,V,A,74,-1.9,1LZ1_A_V74A
1LZ1,A,V,A,93,-4.4,1LZ1_A_V93A
1LZ1,A,V,A,99,-4.4,1LZ1_A_V99A
1LZ1,A,V,A,100,-2.6,1LZ1_A_V100A
1LZ1,A,V,A,110,1.5,1LZ1_A_V110A
1LZ1,A,V,A,121,-9.3,1LZ1_A_V121A
1LZ1,A,V,A,125,-7,1LZ1_A_V125A
1LZ1,A,V,A,130,-4.8,1LZ1_A_V130A
1AVR,A,E,G,17,0.3,1AVR_A_E17G
1YCC,A,K,W,73,-11.6,1YCC_A_K73W
1YCC,A,K,V,73,6.1,1YCC_A_K73V
1YCC,A,K,I,73,-5,1YCC_A_K73I
1REI,A,Q,D,38,-4,1REI_A_Q38D
1REI,A,Q,R,89,-8,1REI_A_Q89R
1CYO,A,F,Y,35,3.4,1CYO_A_F35Y
1CYO,A,F,L,35,-7.9,1CYO_A_F35L
1CYO,A,F,H,35,-13.6,1CYO_A_F35H
1SSO,A,F,A,31,-28.2,1SSO_A_F31A
1SSO,A,F,Y,31,-12.3,1SSO_A_F31Y
2RN2,A,A,I,52,6.2,2RN2_A_A52I
2RN2,A,A,L,52,4.3,2RN2_A_A52L
2RN2,A,A,C,52,2.5,2RN2_A_A52C
2RN2,A,A,M,52,1.6,2RN2_A_A52M
2RN2,A,A,F,52,-1.5,2RN2_A_A52F
2RN2,A,A,T,52,-2.7,2RN2_A_A52T
2RN2,A,A,Q,52,-3.9,2RN2_A_A52Q
2RN2,A,A,E,52,-5,2RN2_A_A52E
2RN2,A,A,P,52,-5.4,2RN2_A_A52P
2RN2,A,A,S,52,-5.8,2RN2_A_A52S
2RN2,A,A,N,52,-5.9,2RN2_A_A52N
2RN2,A,A,D,52,-6.1,2RN2_A_A52D
2RN2,A,A,Y,52,-7.6,2RN2_A_A52Y
2RN2,A,A,G,52,-8.9,2RN2_A_A52G
2RN2,A,A,H,52,-11.8,2RN2_A_A52H
2RN2,A,A,K,52,-19.5,2RN2_A_A52K
1RTB,A,N,D,67,-3.4,1RTB_A_N67D
1BPI,A,L,M,6,-37.6,1BPI_A_L6M
1BPI,A,T,M,11,-10.8,1BPI_A_T11M
1BTA,A,C,A,82,-1.4,1BTA_A_C82A
1LZ1,A,I,A,23,-8.1,1LZ1_A_I23A
1LZ1,A,I,A,56,-12.5,1LZ1_A_I56A
1LZ1,A,I,A,59,-5.8,1LZ1_A_I59A
1LZ1,A,I,A,89,-8.7,1LZ1_A_I89A
1LZ1,A,I,A,106,-3,1LZ1_A_I106A
1LZ1,A,I,G,59,-12.7,1LZ1_A_I59G
1YCC,A,P,G,76,-5,1YCC_A_P76G
1YCC,A,P,R,76,-4.9,1YCC_A_P76R
1YCC,A,P,V,76,-5.2,1YCC_A_P76V
1YCC,A,P,S,76,-5.7,1YCC_A_P76S
1YCC,A,P,Y,76,-6.8,1YCC_A_P76Y
1YCC,A,P,W,76,-6.5,1YCC_A_P76W
1YCC,A,P,L,76,-4.9,1YCC_A_P76L
2LZM,A,I,A,17,-8.4,2LZM_A_I17A
2LZM,A,I,A,27,-10.1,2LZM_A_I27A
2LZM,A,I,A,29,-8.2,2LZM_A_I29A
2LZM,A,I,A,50,-5.8,2LZM_A_I50A
2LZM,A,I,A,58,-10.4,2LZM_A_I58A
2LZM,A,I,A,78,-4.7,2LZM_A_I78A
2LZM,A,I,A,100,-10.7,2LZM_A_I100A
2LZM,A,V,A,71,-4.7,2LZM_A_V71A
2LZM,A,V,A,87,-4.9,2LZM_A_V87A
2LZM,A,V,A,94,-5,2LZM_A_V94A
2LZM,A,V,A,103,-6.6,2LZM_A_V103A
2LZM,A,V,A,111,-3.7,2LZM_A_V111A
2LZM,A,V,A,149,-11,2LZM_A_V149A
2LZM,A,M,A,6,-5.7,2LZM_A_M6A
2LZM,A,M,A,106,-7.1,2LZM_A_M106A
2LZM,A,F,A,67,-5.7,2LZM_A_F67A
2LZM,A,F,A,104,-9.7,2LZM_A_F104A
2LZM,A,L,A,7,-8.1,2LZM_A_L7A
2LZM,A,L,A,33,-12.3,2LZM_A_L33A
2LZM,A,L,A,66,-13.4,2LZM_A_L66A
2LZM,A,L,A,84,-13.4,2LZM_A_L84A
2LZM,A,L,A,91,-9.7,2LZM_A_L91A
1CSP,A,F,A,27,-6,1CSP_A_F27A
1CSP,A,F,A,17,-11.3,1CSP_A_F17A
1CSP,A,F,A,15,-15.8,1CSP_A_F15A
1CSP,A,F,A,38,2.2,1CSP_A_F38A
1N0J,A,Y,F,34,15.9,1N0J_A_Y34F
1N0J,A,Q,N,143,15.3,1N0J_A_Q143N
2LZM,A,M,L,6,-10.6,2LZM_A_M6L
2LZM,A,M,L,106,1.7,2LZM_A_M106L
2LZM,A,M,L,120,1.7,2LZM_A_M120L
2LZM,A,M,K,106,-10.5,2LZM_A_M106K
2LZM,A,M,K,120,-4.8,2LZM_A_M120K
1BNI,A,V,A,36,-2.8,1BNI_A_V36A
1BNI,A,T,G,6,-3.3,1BNI_A_T6G
1BNI,A,H,N,18,-4.1,1BNI_A_H18N
1BNI,A,I,A,4,-3.3,1BNI_A_I4A
1BNI,A,N,A,58,-4.5,1BNI_A_N58A
1BNI,A,T,V,105,-5.1,1BNI_A_T105V
1BNI,A,N,A,41,-8.2,1BNI_A_N41A
1LRP,A,T,A,8,-5,1LRP_A_T8A
1LRP,A,T,V,8,-5,1LRP_A_T8V
1LRP,A,E,A,10,-2,1LRP_A_E10A
1LRP,A,E,V,10,-2,1LRP_A_E10V
1LRP,A,L,A,12,-4,1LRP_A_L12A
1LRP,A,L,V,12,-2,1LRP_A_L12V
1LRP,A,E,A,23,-5,1LRP_A_E23A
1LRP,A,E,V,23,-4,1LRP_A_E23V
1LZ1,A,Y,F,20,-1.5,1LZ1_A_Y20F
1LZ1,A,Y,F,38,-1.5,1LZ1_A_Y38F
1LZ1,A,Y,F,45,0.2,1LZ1_A_Y45F
1LZ1,A,Y,F,54,-3,1LZ1_A_Y54F
1LZ1,A,Y,F,63,-0.7,1LZ1_A_Y63F
1LZ1,A,Y,F,124,-1.1,1LZ1_A_Y124F
1SSO,A,W,A,23,-11.7,1SSO_A_W23A
1RTB,A,P,G,93,-7.3,1RTB_A_P93G
1HUE,A,A,S,27,-6.2,1HUE_A_A27S
1HUE,A,S,T,31,1.9,1HUE_A_S31T
1HUE,A,V,I,42,-6.2,1HUE_A_V42I
1HUE,A,A,S,56,-0.6,1HUE_A_A56S
1HUE,A,M,I,69,0,1HUE_A_M69I
1HUE,A,G,E,15,-10.1,1HUE_A_G15E
1HUE,A,E,D,34,-2.3,1HUE_A_E34D
1HUE,A,K,N,38,-4.1,1HUE_A_K38N
1BVU,A,D,T,167,-0.5,1BVU_A_D167T
1BVU,A,T,E,138,-5.5,1BVU_A_T138E
1SHF,A,E,D,24,2.1,1SHF_A_E24D
1SHF,A,E,T,24,-5.7,1SHF_A_E24T
1SHF,A,E,Q,24,-6,1SHF_A_E24Q
1SHF,A,E,H,24,-6.5,1SHF_A_E24H
1SHF,A,E,K,24,-6.6,1SHF_A_E24K
1SHF,A,E,A,24,-7.6,1SHF_A_E24A
1SHF,A,E,S,24,-12.3,1SHF_A_E24S
1SHF,A,E,F,24,-13.5,1SHF_A_E24F
1SHF,A,E,V,24,-14.3,1SHF_A_E24V
1SHF,A,E,P,24,-15.9,1SHF_A_E24P
1SHF,A,E,Y,24,-18.9,1SHF_A_E24Y
1SHF,A,E,I,24,-24.9,1SHF_A_E24I
1SHF,A,E,L,24,-27.1,1SHF_A_E24L
1SHF,A,E,R,24,-34.5,1SHF_A_E24R
1SHF,A,S,K,41,5.4,1SHF_A_S41K
1SHF,A,S,R,41,2.5,1SHF_A_S41R
1SHF,A,S,N,41,-2.6,1SHF_A_S41N
1SHF,A,S,L,41,-4.5,1SHF_A_S41L
1SHF,A,S,H,41,-5.3,1SHF_A_S41H
1SHF,A,S,A,41,-6.2,1SHF_A_S41A
1SHF,A,S,I,41,-6.8,1SHF_A_S41I
1SHF,A,S,V,41,-9.8,1SHF_A_S41V
1SHF,A,S,T,41,-14.5,1SHF_A_S41T
1SHF,A,S,F,41,-18.7,1SHF_A_S41F
1SHF,A,S,Y,41,-18.7,1SHF_A_S41Y
1SHF,A,S,D,41,-20.7,1SHF_A_S41D
1SHF,A,S,G,41,-21.5,1SHF_A_S41G
1RGG,A,N,S,39,-8,1RGG_A_N39S
1RGG,A,N,A,39,-7.6,1RGG_A_N39A
1RGG,A,N,D,39,-5.2,1RGG_A_N39D
1RN1,A,N,S,44,-5,1RN1_A_N44S
1RN1,A,N,D,44,-5.5,1RN1_A_N44D
1KEV,A,A,P,22,0.7,1KEV_A_A22P
1KEV,A,S,P,24,3.9,1KEV_A_S24P
1KEV,A,T,P,149,-1,1KEV_A_T149P
1KEV,A,A,P,177,0.5,1KEV_A_A177P
1KEV,A,H,P,222,-6.5,1KEV_A_H222P
1KEV,A,L,P,275,-2.3,1KEV_A_L275P
1KEV,A,L,P,316,10.8,1KEV_A_L316P
1KEV,A,A,P,347,2.6,1KEV_A_A347P
1A2I,A,F,L,20,-7.3,1A2I_A_F20L
1CHK,A,W,F,28,-7.1,1CHK_A_W28F
1CHK,A,W,F,101,-7.5,1CHK_A_W101F
1CHK,A,W,F,227,-6.8,1CHK_A_W227F
1ARR,A,Q,L,39,5.7,1ARR_A_Q39L
1BNI,A,G,A,53,-8.6,1BNI_A_G53A
1POH,A,K,E,49,8.8,1POH_A_K49E
1BTA,A,C,A,40,0.8,1BTA_A_C40A
1QUW,A,K,G,18,-9.4,1QUW_A_K18G
1QUW,A,R,E,82,-6.8,1QUW_A_R82E
1A23,A,P,A,151,-10.86,1A23_A_P151A
1CYO,A,S,C,23,2.6,1CYO_A_S23C
1STN,A,E,G,57,-2.7,1STN_A_E57G
1XAS,A,W,F,274,0.8,1XAS_A_W274F
1XAS,A,W,H,274,0.2,1XAS_A_W274H
1XAS,A,W,A,85,2,1XAS_A_W85A
1XAS,A,W,F,85,-4,1XAS_A_W85F
1XAS,A,W,H,85,-1,1XAS_A_W85H
1XAS,A,Y,A,172,-5,1XAS_A_Y172A
1XAS,A,Y,F,172,-0.9,1XAS_A_Y172F
1XAS,A,Y,S,172,1.6,1XAS_A_Y172S
1XAS,A,W,A,266,-4.7,1XAS_A_W266A
1XAS,A,W,F,266,-3.3,1XAS_A_W266F
1XAS,A,W,H,266,-7.3,1XAS_A_W266H
1XAS,A,W,A,274,4.1,1XAS_A_W274A
1I4N,A,D,A,184,-0.6,1I4N_A_D184A
1I4N,A,R,A,241,-4.8,1I4N_A_R241A
1LZ1,A,S,A,61,-4.3,1LZ1_A_S61A
1LZ1,A,S,A,36,-3.5,1LZ1_A_S36A
1LZ1,A,S,A,24,-1.6,1LZ1_A_S24A
1LZ1,A,S,A,51,-0.7,1LZ1_A_S51A
1LZ1,A,S,A,82,1.1,1LZ1_A_S82A
1LZ1,A,S,A,80,1.4,1LZ1_A_S80A
1B26,A,S,R,128,-2.1,1B26_A_S128R
1B26,A,T,E,158,-6,1B26_A_T158E
1B26,A,N,R,117,-0.4,1B26_A_N117R
1BTM,A,H,N,12,1,1BTM_A_H12N
1BTM,A,K,G,13,-3,1BTM_A_K13G
1QND,A,C,S,71,-10.6,1QND_A_C71S
1HFZ,A,H,Y,32,0.3,1HFZ_A_H32Y
1HFZ,A,H,A,32,-11.6,1HFZ_A_H32A
1HFZ,A,L,H,110,6.3,1HFZ_A_L110H
1HFZ,A,L,R,110,1.9,1HFZ_A_L110R
1HFZ,A,L,E,110,-1.1,1HFZ_A_L110E
1HFZ,A,Q,A,117,-4.1,1HFZ_A_Q117A
1HFZ,A,W,Y,118,-5.4,1HFZ_A_W118Y
1HFZ,A,W,H,118,-3.3,1HFZ_A_W118H
1HFZ,A,A,S,106,-6.1,1HFZ_A_A106S
1HFZ,A,H,Y,107,-1,1HFZ_A_H107Y
1HFZ,A,H,A,107,-4.1,1HFZ_A_H107A
1HFZ,A,H,W,107,-8.7,1HFZ_A_H107W
1HFZ,A,K,N,114,10.7,1HFZ_A_K114N
1HFZ,A,K,Q,114,-2.7,1HFZ_A_K114Q
1HFZ,A,K,E,114,-3.2,1HFZ_A_K114E
1HFZ,A,V,N,42,-1.1,1HFZ_A_V42N
1HFZ,A,V,A,42,-4.5,1HFZ_A_V42A
1HFZ,A,V,G,42,-5.2,1HFZ_A_V42G
1HFZ,A,Q,A,54,-1.9,1HFZ_A_Q54A
1HFZ,A,I,W,59,-4.5,1HFZ_A_I59W
1HFZ,A,Y,P,103,-1.1,1HFZ_A_Y103P
1HFZ,A,Y,A,103,-10.7,1HFZ_A_Y103A
1HFZ,A,W,Y,104,-12.5,1HFZ_A_W104Y
2RN2,A,Q,G,105,-9.6,2RN2_A_Q105G
2RN2,A,R,A,27,-5.6,2RN2_A_R27A
2RN2,A,I,A,53,-12.1,2RN2_A_I53A
1LZ1,A,N,L,27,0.4,1LZ1_A_N27L
1LZ1,A,A,L,32,-0.3,1LZ1_A_A32L
1LZ1,A,E,L,35,-1.8,1LZ1_A_E35L
1LZ1,A,G,Q,37,-0.8,1LZ1_A_G37Q
1LZ1,A,R,G,50,0.9,1LZ1_A_R50G
1LZ1,A,Q,G,58,5.7,1LZ1_A_Q58G
1LZ1,A,V,S,74,-1.2,1LZ1_A_V74S
1LZ1,A,H,G,78,-0.5,1LZ1_A_H78G
1LZ1,A,A,M,96,0.1,1LZ1_A_A96M
1LZ1,A,V,F,100,-6.5,1LZ1_A_V100F
3BLS,A,Y,F,150,-1.3,3BLS_A_Y150F
1RGG,A,D,K,25,3,1RGG_A_D25K
1RGG,A,E,K,74,3.9,1RGG_A_E74K
1RGG,A,D,A,49,1.7,1RGG_A_D49A
1RGG,A,D,Y,49,0.1,1RGG_A_D49Y
1RGG,A,D,F,49,0.4,1RGG_A_D49F
1RGG,A,D,W,49,-1.1,1RGG_A_D49W
1LZ1,A,T,A,40,-4.7,1LZ1_A_T40A
1LZ1,A,T,A,70,-4.7,1LZ1_A_T70A
1LZ1,A,T,V,40,-4.2,1LZ1_A_T40V
1LZ1,A,T,A,52,-2.9,1LZ1_A_T52A
1LZ1,A,T,V,52,-2.8,1LZ1_A_T52V
1LZ1,A,T,V,70,-2.1,1LZ1_A_T70V
1LZ1,A,T,A,43,-1.1,1LZ1_A_T43A
1LZ1,A,T,V,11,1,1LZ1_A_T11V
1LZ1,A,T,A,11,1.2,1LZ1_A_T11A
1LZ1,A,T,V,43,3.2,1LZ1_A_T43V
1CYO,A,V,Y,61,-4.7,1CYO_A_V61Y
1CYO,A,V,K,61,-8.7,1CYO_A_V61K
1CYO,A,V,H,61,-5.9,1CYO_A_V61H
1CYO,A,V,E,61,-4,1CYO_A_V61E
2LZM,A,E,V,108,4.3,2LZM_A_E108V
1BPI,A,L,M,29,-39.4,1BPI_A_L29M
1MBG,A,V,A,103,-36.8,1MBG_A_V103A
1MBG,A,V,I,103,7,1MBG_A_V103I
1RN1,A,D,S,76,-13.6,1RN1_A_D76S
1RN1,A,D,A,76,-15.2,1RN1_A_D76A
1RN1,A,D,N,76,-13.8,1RN1_A_D76N
1L63,A,I,M,50,-0.6,1L63_A_I50M
1L63,A,F,M,104,-0.8,1L63_A_F104M
1L63,A,V,M,111,-2,1L63_A_V111M
1L63,A,V,A,111,-2.9,1L63_A_V111A
1L63,A,L,M,66,-2.5,1L63_A_L66M
1L63,A,I,A,78,-3.5,1L63_A_I78A
1L63,A,V,A,87,-4.3,1L63_A_V87A
1L63,A,M,A,6,-4.5,1L63_A_M6A
1L63,A,I,A,50,-4.2,1L63_A_I50A
1L63,A,V,A,103,-4.4,1L63_A_V103A
1L63,A,I,M,100,-4.5,1L63_A_I100M
1L63,A,M,A,106,-5.2,1L63_A_M106A
1L63,A,A,M,129,-5.2,1L63_A_A129M
1L63,A,L,M,33,-5.3,1L63_A_L33M
1L63,A,L,A,121,-6.2,1L63_A_L121A
1L63,A,I,M,17,-5.9,1L63_A_I17M
1L63,A,L,A,7,-6.3,1L63_A_L7A
1L63,A,I,A,17,-6.4,1L63_A_I17A
1L63,A,V,M,87,-6.3,1L63_A_V87M
1L63,A,I,A,100,-7.1,1L63_A_I100A
1L63,A,L,A,91,-7.4,1L63_A_L91A
1L63,A,F,A,104,-7.5,1L63_A_F104A
1L63,A,V,M,149,-7.8,1L63_A_V149M
1L63,A,L,A,33,-8.8,1L63_A_L33A
1L63,A,M,A,102,-8.2,1L63_A_M102A
1L63,A,I,M,27,-10.1,1L63_A_I27M
1L63,A,L,A,118,-0.9,1L63_A_L118A
1L63,A,V,A,149,-9,1L63_A_V149A
1L63,A,L,A,66,-10.1,1L63_A_L66A
1L63,A,F,A,153,-9.7,1L63_A_F153A
1L63,A,L,A,84,-10.5,1L63_A_L84A
1L63,A,L,A,99,-11.7,1L63_A_L99A
1IOJ,A,G,A,15,7,1IOJ_A_G15A
1LZ1,A,I,G,56,-2.7,1LZ1_A_I56G
1LZ1,A,I,L,56,-0.3,1LZ1_A_I56L
1LZ1,A,I,M,56,-5.8,1LZ1_A_I56M
1LZ1,A,I,F,56,-15,1LZ1_A_I56F
1LZ1,A,I,L,59,0,1LZ1_A_I59L
1LZ1,A,I,M,59,-4.2,1LZ1_A_I59M
1LZ1,A,I,F,59,-2.6,1LZ1_A_I59F
1LZ1,A,I,T,59,-6.9,1LZ1_A_I59T
1LZ1,A,I,Y,59,-13.8,1LZ1_A_I59Y
1AM7,A,H,D,31,-6.2,1AM7_A_H31D
1AM7,A,H,N,48,-22.2,1AM7_A_H48N
1LZ1,A,K,M,1,-0.5,1LZ1_A_K1M
1LZ1,A,K,A,1,-2.2,1LZ1_A_K1A
451C,A,F,A,7,9.5,451C_A_F7A
451C,A,V,M,13,3.2,451C_A_V13M
451C,A,F,Y,34,16,451C_A_F34Y
451C,A,Q,R,37,4.3,451C_A_Q37R
451C,A,E,Y,43,5.1,451C_A_E43Y
451C,A,V,I,78,8.4,451C_A_V78I
2LZM,A,A,V,42,-7.5,2LZM_A_A42V
2LZM,A,A,L,42,-10.1,2LZM_A_A42L
2LZM,A,A,I,42,-8.9,2LZM_A_A42I
2LZM,A,A,F,42,-11.2,2LZM_A_A42F
2LZM,A,A,C,98,-2.6,2LZM_A_A98C
2LZM,A,A,L,98,-13.9,2LZM_A_A98L
2LZM,A,A,I,98,-16.1,2LZM_A_A98I
2LZM,A,A,M,98,-9.3,2LZM_A_A98M
2LZM,A,A,F,98,-20.4,2LZM_A_A98F
2LZM,A,A,W,98,-19.3,2LZM_A_A98W
2LZM,A,A,F,129,-2.3,2LZM_A_A129F
2LZM,A,A,W,129,-5.1,2LZM_A_A129W
1CYO,A,V,E,45,-9.9,1CYO_A_V45E
1CYO,A,V,Y,45,-6.2,1CYO_A_V45Y
1CYO,A,V,H,45,-5.4,1CYO_A_V45H
1YCC,A,F,Y,82,-4.2,1YCC_A_F82Y
1YCC,A,L,A,85,-13.7,1YCC_A_L85A
1ESF,A,D,A,251,-6.3,1ESF_A_D251A
1ESF,A,H,A,211,-3.9,1ESF_A_H211A
1SEE,A,D,A,251,-3.9,1SEE_A_D251A
1PGA,A,F,H,30,-53,1PGA_A_F30H
1RTB,A,G,R,88,0.8,1RTB_A_G88R
1K9Q,A,W,F,39,2.8,1K9Q_A_W39F
1HYW,A,V,S,40,-17.8,1HYW_A_V40S
1HYW,A,L,W,50,-19.4,1HYW_A_L50W
1HYW,A,V,L,52,0,1HYW_A_V52L
1HYW,A,V,W,52,1.4,1HYW_A_V52W
1CSP,A,Q,L,2,4,1CSP_A_Q2L
1CSP,A,R,E,3,-17.8,1CSP_A_R3E
1CSP,A,N,S,11,2.3,1CSP_A_N11S
1C9O,A,Y,F,15,-0.2,1C9O_A_Y15F
1C9O,A,G,Q,23,-2.2,1C9O_A_G23Q
1C9O,A,S,D,24,0.9,1C9O_A_S24D
1C9O,A,T,S,31,0.9,1C9O_A_T31S
1C9O,A,E,A,46,-1.5,1C9O_A_E46A
1C9O,A,Q,E,53,-0.8,1C9O_A_Q53E
1C9O,A,V,T,64,-1.8,1C9O_A_V64T
1C9O,A,L,E,66,-8,1C9O_A_L66E
1C9O,A,E,R,3,16,1C9O_A_E3R
1C9O,A,E,L,66,12.8,1C9O_A_E66L
1C9O,A,L,L,66,0,1C9O_A_L66L
1PGA,A,D,A,47,7,1PGA_A_D47A
1PGA,A,V,A,54,-4,1PGA_A_V54A
1PGA,A,K,A,50,-16,1PGA_A_K50A
1PGA,A,T,A,49,-36,1PGA_A_T49A
1PGA,A,D,A,46,-41,1PGA_A_D46A
1N0J,A,Q,H,143,0,1N0J_A_Q143H
1N0J,A,Q,A,143,-9.1,1N0J_A_Q143A
1N0J,A,Q,V,143,-20.7,1N0J_A_Q143V
1N0J,A,Q,E,143,14.1,1N0J_A_Q143E
1N0J,A,Q,S,143,6,1N0J_A_Q143S
2AFG,A,C,S,83,-13,2AFG_A_C83S
2AFG,A,C,S,117,-2,2AFG_A_C117S
2AFG,A,H,G,93,7.7,2AFG_A_H93G
1ONC,A,M,L,23,-7.6,1ONC_A_M23L
1OTR,A,I,F,36,-5,1OTR_A_I36F
1OTR,A,I,L,36,-10,1OTR_A_I36L
1OTR,A,I,V,36,-4.2,1OTR_A_I36V
1OTR,A,I,L,30,-14.3,1OTR_A_I30L
1LZ1,A,E,Q,7,-3.9,1LZ1_A_E7Q
1LZ1,A,D,N,18,-4.6,1LZ1_A_D18N
1LZ1,A,D,N,49,-2.7,1LZ1_A_D49N
1LZ1,A,D,N,67,-6.1,1LZ1_A_D67N
1LZ1,A,D,N,102,-1.8,1LZ1_A_D102N
1LZ1,A,D,N,120,-1.8,1LZ1_A_D120N
1STN,A,D,N,21,7.2,1STN_A_D21N
1STN,A,D,K,21,8.2,1STN_A_D21K
1STN,A,T,I,41,4.2,1STN_A_T41I
1STN,A,S,A,128,4.9,1STN_A_S128A
1STN,A,S,A,59,2.9,1STN_A_S59A
1STN,A,T,V,33,2.3,1STN_A_T33V
1LZ1,A,V,G,2,-7.5,1LZ1_A_V2G
1LZ1,A,V,I,2,3.4,1LZ1_A_V2I
1LZ1,A,V,L,2,-0.2,1LZ1_A_V2L
1LZ1,A,V,M,2,-1,1LZ1_A_V2M
1LZ1,A,V,F,2,-2.7,1LZ1_A_V2F
1LZ1,A,V,G,74,-0.7,1LZ1_A_V74G
1LZ1,A,V,I,74,1.7,1LZ1_A_V74I
1LZ1,A,V,L,74,0.6,1LZ1_A_V74L
1LZ1,A,V,M,74,2,1LZ1_A_V74M
1LZ1,A,V,F,74,-0.9,1LZ1_A_V74F
1LZ1,A,V,G,110,1.6,1LZ1_A_V110G
1LZ1,A,V,I,110,2.7,1LZ1_A_V110I
1LZ1,A,V,L,110,0.2,1LZ1_A_V110L
1LZ1,A,V,M,110,1.6,1LZ1_A_V110M
1LZ1,A,V,F,110,-0.2,1LZ1_A_V110F
1LZ2,A,V,A,2,-4.6,1LZ2_A_V2A
4LYZ,A,G,A,49,-5.7,4LYZ_A_G49A
4LYZ,A,G,A,67,-5.7,4LYZ_A_G67A
4LYZ,A,G,A,71,-1.2,4LYZ_A_G71A
4LYZ,A,G,A,102,0,4LYZ_A_G102A
4LYZ,A,G,A,117,-4.6,4LYZ_A_G117A
2ZTA,A,E,A,11,-4,2ZTA_A_E11A
2ZTA,A,R,A,25,-18,2ZTA_A_R25A
1RTB,A,K,W,1,3.3,1RTB_A_K1W
1RTB,A,F,W,8,-8.9,1RTB_A_F8W
1RTB,A,D,W,38,-3.5,1RTB_A_D38W
1RTB,A,Y,W,73,-2.5,1RTB_A_Y73W
1RTB,A,Y,W,76,-6.1,1RTB_A_Y76W
1RTB,A,Y,W,92,1.1,1RTB_A_Y92W
1RTB,A,K,W,104,-10.9,1RTB_A_K104W
1RTB,A,Y,W,115,-4.4,1RTB_A_Y115W
1RTB,A,V,W,124,-4.5,1RTB_A_V124W
1ITM,A,W,S,91,8,1ITM_A_W91S
1TIN,A,T,A,43,0.8,1TIN_A_T43A
1TIN,A,R,A,52,-5.2,1TIN_A_R52A
1TIN,A,R,Q,52,-3.4,1TIN_A_R52Q
1TIN,A,P,G,4,-4.2,1TIN_A_P4G
1TIN,A,R,A,50,-8.3,1TIN_A_R50A
1TIN,A,R,K,50,-11.7,1TIN_A_R50K
1CFD,A,K,A,75,1.5,1CFD_A_K75A
1CFD,A,K,I,75,7.8,1CFD_A_K75I
1CFD,A,Q,A,41,-3.3,1CFD_A_Q41A
1CFD,A,Q,L,41,2.8,1CFD_A_Q41L
4LYZ,A,M,L,12,-1.8,4LYZ_A_M12L
4LYZ,A,M,F,12,0.8,4LYZ_A_M12F
2A36,A,T,G,22,21.1,2A36_A_T22G
2A36,A,T,D,22,9.4,2A36_A_T22D
2A36,A,T,N,22,11.2,2A36_A_T22N
2A36,A,T,F,22,3,2A36_A_T22F
2A36,A,T,S,22,-0.2,2A36_A_T22S
2A36,A,T,A,22,3.2,2A36_A_T22A
2A36,A,T,L,22,-5.7,2A36_A_T22L
2A36,A,T,K,22,1.3,2A36_A_T22K
1RTB,A,I,A,106,-14.9,1RTB_A_I106A
1RTB,A,I,L,106,-7.9,1RTB_A_I106L
1RTB,A,I,V,106,-5.3,1RTB_A_I106V
1RTB,A,I,A,107,-10.3,1RTB_A_I107A
1RTB,A,V,A,108,-15.5,1RTB_A_V108A
1RTB,A,V,G,108,-28.6,1RTB_A_V108G
1RTB,A,V,G,116,-7.6,1RTB_A_V116G
1RTB,A,V,A,118,-5.8,1RTB_A_V118A
1RTB,A,V,G,118,-13.9,1RTB_A_V118G
1LZ1,A,L,T,8,-12.4,1LZ1_A_L8T
1LZ1,A,A,S,9,-0.1,1LZ1_A_A9S
1LZ1,A,A,S,32,-1,1LZ1_A_A32S
1LZ1,A,A,S,92,2.6,1LZ1_A_A92S
1LZ1,A,V,T,93,-2.3,1LZ1_A_V93T
1LZ1,A,A,S,96,-3.3,1LZ1_A_A96S
1LZ1,A,V,T,99,-1.6,1LZ1_A_V99T
1LZ1,A,V,T,100,-0.9,1LZ1_A_V100T
1OSI,A,V,I,15,-2,1OSI_A_V15I
1OSI,A,V,M,126,0,1OSI_A_V126M
1OSI,A,S,F,92,0,1OSI_A_S92F
2LZM,A,I,T,58,-10.1,2LZM_A_I58T
2LZM,A,N,A,101,-3.7,2LZM_A_N101A
2LZM,A,Q,M,105,-2.7,2LZM_A_Q105M
2LZM,A,V,S,149,-13.2,2LZM_A_V149S
2LZM,A,V,I,149,-0.3,2LZM_A_V149I
2LZM,A,V,G,149,-15.3,2LZM_A_V149G
2LZM,A,T,A,152,-4,2LZM_A_T152A
2LZM,A,T,C,152,-1.4,2LZM_A_T152C
2LZM,A,T,V,152,0.8,2LZM_A_T152V
2LZM,A,T,I,152,-1,2LZM_A_T152I
1AQH,A,K,R,300,1.2,1AQH_A_K300R
1AQH,A,N,D,150,0.8,1AQH_A_N150D
1AQH,A,V,F,196,1.4,1AQH_A_V196F
1AQH,A,Q,I,164,44.2,1AQH_A_Q164I
1AQH,A,T,V,232,0.2,1AQH_A_T232V
1AQH,A,N,V,288,-2,1AQH_A_N288V
1AQH,A,M,V,379,1.15,1AQH_A_M379V
1AQH,A,R,E,64,-1.4,1AQH_A_R64E
1AQH,A,L,R,219,-1.5,1AQH_A_L219R
1AQH,A,N,R,12,-0.7,1AQH_A_N12R
1AQH,A,E,W,279,-2.6,1AQH_A_E279W
1WPW,A,K,R,152,-0.4,1WPW_A_K152R
1WPW,A,G,A,154,1.9,1WPW_A_G154A
1WPW,A,Y,L,282,-1.3,1WPW_A_Y282L
1K9Q,A,L,Y,30,5,1K9Q_A_L30Y
1K9Q,A,D,T,34,6.6,1K9Q_A_D34T
1K9Q,A,A,R,20,8.9,1K9Q_A_A20R
1LZ1,A,R,A,21,4.5,1LZ1_A_R21A
1LZ1,A,R,G,21,3.7,1LZ1_A_R21G
1LZ1,A,Y,A,38,-8.9,1LZ1_A_Y38A
1LZ1,A,Y,G,38,-8.2,1LZ1_A_Y38G
1LZ1,A,R,A,50,1.4,1LZ1_A_R50A
1LZ1,A,Q,A,58,3.1,1LZ1_A_Q58A
1LZ1,A,H,A,78,-0.5,1LZ1_A_H78A
1LZ1,A,N,A,118,0.6,1LZ1_A_N118A
1LZ1,A,N,G,118,0.2,1LZ1_A_N118G
2TRX,A,D,I,26,11,2TRX_A_D26I
2TRX,A,C,A,32,-13,2TRX_A_C32A
2TRX,A,C,A,35,-14,2TRX_A_C35A
2TRX,A,T,L,66,-2,2TRX_A_T66L
2TRX,A,T,V,77,-5,2TRX_A_T77V
1RN1,A,V,A,16,-7,1RN1_A_V16A
1RN1,A,V,T,89,-13.2,1RN1_A_V89T
1RN1,A,V,T,78,-11.3,1RN1_A_V78T
1RN1,A,V,C,89,-4.9,1RN1_A_V89C
1RN1,A,V,T,16,-11.3,1RN1_A_V16T
1RN1,A,V,A,78,-7.9,1RN1_A_V78A
1RN1,A,V,C,16,-8.9,1RN1_A_V16C
1RN1,A,V,S,16,-15.6,1RN1_A_V16S
1RN1,A,V,S,78,-16.6,1RN1_A_V78S
1RN1,A,V,S,89,-21.6,1RN1_A_V89S
1CFD,A,D,G,50,-5,1CFD_A_D50G
1CFD,A,E,K,54,2.3,1CFD_A_E54K
1CFD,A,G,E,40,-17.1,1CFD_A_G40E
1CFD,A,G,S,59,-6.1,1CFD_A_G59S
1RGG,A,Y,F,30,1.2,1RGG_A_Y30F
1RGG,A,Y,F,80,-5.2,1RGG_A_Y80F
1RGG,A,Y,F,81,-3.9,1RGG_A_Y81F
1RGG,A,Y,F,86,-1.1,1RGG_A_Y86F
1RGG,A,Y,F,49,-0.8,1RGG_A_Y49F
1RGG,A,Y,F,51,-7.6,1RGG_A_Y51F
1RGG,A,Y,F,52,-12.1,1RGG_A_Y52F
1RGG,A,Y,F,55,-1.9,1RGG_A_Y55F
1MGR,A,Y,F,11,-1.9,1MGR_A_Y11F
1MGR,A,Y,F,33,1.7,1MGR_A_Y33F
1MGR,A,Y,F,54,-8.9,1MGR_A_Y54F
1MGR,A,Y,F,55,-7.1,1MGR_A_Y55F
1MGR,A,Y,F,58,-2.3,1MGR_A_Y58F
1MGR,A,Y,F,83,-5,1MGR_A_Y83F
1MGR,A,Y,F,84,-3.3,1MGR_A_Y84F
1MGR,A,Y,F,89,0.1,1MGR_A_Y89F
1MJC,A,T,W,68,4,1MJC_A_T68W
1MJC,A,Y,W,42,4,1MJC_A_Y42W
1MJC,A,S,W,52,-3,1MJC_A_S52W
1OSI,A,I,V,11,4,1OSI_A_I11V
1STN,A,E,G,73,-15.2,1STN_A_E73G
1STN,A,D,G,77,-8.1,1STN_A_D77G
1LZ1,A,G,A,16,-4.6,1LZ1_A_G16A
1LZ1,A,G,A,19,-5.5,1LZ1_A_G19A
1LZ1,A,G,A,22,-7.2,1LZ1_A_G22A
1LZ1,A,G,A,37,-5.5,1LZ1_A_G37A
1LZ1,A,G,A,48,1.5,1LZ1_A_G48A
1LZ1,A,G,A,68,-0.4,1LZ1_A_G68A
1LZ1,A,G,A,72,-1.1,1LZ1_A_G72A
1LZ1,A,G,A,105,-2.1,1LZ1_A_G105A
1LZ1,A,G,A,127,-1.7,1LZ1_A_G127A
1LZ1,A,G,A,129,0.5,1LZ1_A_G129A
1CFD,A,L,F,39,-5.5,1CFD_A_L39F
1RBP,A,W,Y,24,-11,1RBP_A_W24Y
1RBP,A,W,F,24,-12,1RBP_A_W24F
1RBP,A,W,L,24,-12.3,1RBP_A_W24L
1RBP,A,W,H,91,-0.5,1RBP_A_W91H
1RBP,A,W,F,105,-2.2,1RBP_A_W105F
1RBP,A,R,Q,139,-12.4,1RBP_A_R139Q
1BNI,A,G,V,52,-21.1,1BNI_A_G52V
1QLP,A,W,F,194,-0.5,1QLP_A_W194F
1QLP,A,W,F,238,-1.7,1QLP_A_W238F
2AFG,A,V,L,109,3,2AFG_A_V109L
2AFG,A,L,P,44,-4.6,2AFG_A_L44P
2AFG,A,L,V,73,-0.7,2AFG_A_L73V
1HFZ,A,D,N,87,6.8,1HFZ_A_D87N
1DIL,A,A,L,53,5,1DIL_A_A53L
1DIL,A,A,V,69,3,1DIL_A_A69V
1C9O,A,R,L,3,-6,1C9O_A_R3L
1C9O,A,R,K,3,-0.8,1C9O_A_R3K
1C9O,A,R,E,3,-17.8,1C9O_A_R3E
1C9O,A,R,A,3,-12,1C9O_A_R3A
1C9O,A,Q,L,2,4,1C9O_A_Q2L
1C9O,A,N,S,11,2.3,1C9O_A_N11S
1C9O,A,L,L,67A,0,1C9O_A_L67AL
1CSP,A,E,L,66,12.8,1CSP_A_E66L
1CSP,A,E,R,3,16,1CSP_A_E3R
1CSP,A,E,L,3,9.1,1CSP_A_E3L
1C9O,A,E,A,21,-1.9,1C9O_A_E21A
1CSP,A,A,E,46,-5,1CSP_A_A46E
1EL1,A,I,L,56,-60.79,1EL1_A_I56L
1EL1,A,A,S,93,-47.55,1EL1_A_A93S
1EL1,A,V,K,109,-45.14,1EL1_A_V109K
1EL1,A,H,G,21,-52.79,1EL1_A_H21G
1JQ0,A,L,S,558,-63,1JQ0_A_L558S
1JQ0,A,V,L,571,9,1JQ0_A_V571L
1JQ0,A,K,T,573,13,1JQ0_A_K573T
1JQ0,A,T,I,586,32,1JQ0_A_T586I
1JQ0,A,E,K,641,9,1JQ0_A_E641K
1BPI,A,T,M,54,-36.7,1BPI_A_T54M
1BNI,A,G,V,53,-19.6,1BNI_A_G53V
1TPE,A,C,F,14,-4.9,1TPE_A_C14F
1RTB,A,F,V,46,-12.1,1RTB_A_F46V
1RTB,A,F,E,46,-31.6,1RTB_A_F46E
1RTB,A,F,K,46,-34.3,1RTB_A_F46K
1LZ1,A,V,S,2,-4.4,1LZ1_A_V2S
1LZ1,A,V,Y,2,-1.2,1LZ1_A_V2Y
1LZ1,A,V,D,2,-4.5,1LZ1_A_V2D
1LZ1,A,V,N,2,-4.1,1LZ1_A_V2N
1LZ1,A,V,R,2,-1.3,1LZ1_A_V2R
1LZ1,A,V,Y,74,-0.9,1LZ1_A_V74Y
1LZ1,A,V,D,74,-1.4,1LZ1_A_V74D
1LZ1,A,V,N,74,-1,1LZ1_A_V74N
1LZ1,A,V,R,74,-0.3,1LZ1_A_V74R
1LZ1,A,V,Y,110,-0.5,1LZ1_A_V110Y
1LZ1,A,V,D,110,0.5,1LZ1_A_V110D
1LZ1,A,V,N,110,0.2,1LZ1_A_V110N
1LZ1,A,V,R,110,2.9,1LZ1_A_V110R
1K42,A,E,A,11,-15,1K42_A_E11A
1K42,A,D,A,160,-15,1K42_A_D160A
1K42,A,E,A,23,-1.4,1K42_A_E23A
1K42,A,E,A,26,0.3,1K42_A_E26A
1K42,A,D,A,29,-3.3,1K42_A_D29A
3TIM,A,D,N,227,-2.9,3TIM_A_D227N
3TIM,A,D,A,227,-3.5,3TIM_A_D227A
3TIM,A,R,S,191,-0.6,3TIM_A_R191S
3TIM,A,R,A,191,-4.9,3TIM_A_R191A
1GEH,A,E,S,63,-7.2,1GEH_A_E63S
1GEH,A,R,S,66,-9.2,1GEH_A_R66S
1OSI,A,V,G,126,-5,1OSI_A_V126G
1OSI,A,V,A,126,-2,1OSI_A_V126A
1OSI,A,V,S,126,-13,1OSI_A_V126S
1OSI,A,V,E,126,-10,1OSI_A_V126E
1OSI,A,V,L,126,-5,1OSI_A_V126L
1OSI,A,V,I,126,-5,1OSI_A_V126I
1OSI,A,V,F,126,-7,1OSI_A_V126F
1CM2,A,K,R,49,-1.1,1CM2_A_K49R
1CM2,A,K,N,49,1.7,1CM2_A_K49N
1CM2,A,K,S,49,5,1CM2_A_K49S
1CM2,A,K,D,49,7.4,1CM2_A_K49D
1CM2,A,K,Q,49,6.4,1CM2_A_K49Q
1CM2,A,K,E,49,9.3,1CM2_A_K49E
1CM2,A,K,M,49,4.3,1CM2_A_K49M
1CM2,A,K,G,49,5,1CM2_A_K49G
1CM2,A,K,A,49,6.6,1CM2_A_K49A
1AV1,A,L,R,141,-2,1AV1_A_L141R
1AYF,A,F,W,11,-5.3,1AYF_A_F11W
1AYF,A,F,W,43,-6.5,1AYF_A_F43W
1AYF,A,F,W,59,-14.6,1AYF_A_F59W
1AYF,A,F,W,64,-3.2,1AYF_A_F64W
1STN,A,S,A,141,-1.3,1STN_A_S141A
1OTR,A,E,A,34,0.3,1OTR_A_E34A
1OTR,A,E,C,34,6,1OTR_A_E34C
1OTR,A,E,D,34,-1.7,1OTR_A_E34D
1OTR,A,E,F,34,4.7,1OTR_A_E34F
1OTR,A,E,G,34,-14.2,1OTR_A_E34G
1OTR,A,E,H,34,-43.6,1OTR_A_E34H
1OTR,A,E,I,34,10.5,1OTR_A_E34I
1OTR,A,E,K,34,-18.6,1OTR_A_E34K
1OTR,A,E,L,34,8.8,1OTR_A_E34L
1OTR,A,E,N,34,-7.1,1OTR_A_E34N
1OTR,A,E,P,34,-30.3,1OTR_A_E34P
1OTR,A,E,Q,34,-13,1OTR_A_E34Q
1OTR,A,E,S,34,0.7,1OTR_A_E34S
1OTR,A,E,T,34,10,1OTR_A_E34T
1OTR,A,E,V,34,5.7,1OTR_A_E34V
1OTR,A,E,W,34,8.5,1OTR_A_E34W
1OTR,A,E,Y,34,2.7,1OTR_A_E34Y
1B5M,A,I,L,25,-0.8,1B5M_A_I25L
1B5M,A,L,S,71,-10.2,1B5M_A_L71S
1IHB,A,F,N,71,4.43,1IHB_A_F71N
1IHB,A,F,N,92,4.28,1IHB_A_F92N
1IHB,A,F,Q,82,3.78,1IHB_A_F82Q
1IHB,A,F,H,37,0.75,1IHB_A_F37H
1IHB,A,R,V,55,0.62,1IHB_A_R55V
1IHB,A,W,R,5,-3.67,1IHB_A_W5R
1IHB,A,T,F,85,-7.6,1IHB_A_T85F
1IHB,A,H,L,108,-16.98,1IHB_A_H108L
1KEV,A,V,E,224,-0.2,1KEV_A_V224E
1KEV,A,S,K,254,5.8,1KEV_A_S254K
1KEV,A,Q,E,165,2.2,1KEV_A_Q165E
1KEV,A,M,R,304,2.4,1KEV_A_M304R
1HME,A,S,H,121,-10.2,1HME_A_S121H
1HME,A,I,H,122,-4.4,1HME_A_I122H
1HME,A,G,H,123,4.3,1HME_A_G123H
1HME,A,N,H,135,-12.5,1HME_A_N135H
1N02,A,P,G,52,1.7,1N02_A_P52G
2LZM,A,S,A,38,-1.95,2LZM_A_S38A
1QLP,A,S,R,330,-4,1QLP_A_S330R
1QLP,A,K,T,331,-1,1QLP_A_K331T
1QLP,A,K,V,331,4,1QLP_A_K331V
1QLP,A,K,I,331,3,1QLP_A_K331I
1QLP,A,K,F,331,6,1QLP_A_K331F
1B26,A,K,A,193,1.5,1B26_A_K193A
1B26,A,E,A,231,-1.1,1B26_A_E231A
1B26,A,R,A,190,-2.2,1B26_A_R190A
2E0L,A,R,A,32,-2.7,2E0L_A_R32A
2E0L,A,K,A,34,-2.2,2E0L_A_K34A
1DIV,A,K,M,12,16.3,1DIV_A_K12M
1H8V,A,A,V,35,7.7,1H8V_A_A35V
1H8V,A,W,Y,7,-1,1H8V_A_W7Y
1H8V,A,A,S,35,-4,1H8V_A_A35S
1H8V,A,S,N,39,0.5,1H8V_A_S39N
1H8V,A,G,A,41,2.5,1H8V_A_G41A
1H8V,A,S,V,63,-0.8,1H8V_A_S63V
1H8V,A,A,N,66,0.1,1H8V_A_A66N
1H8V,A,S,G,77,0.1,1H8V_A_S77G
1H8V,A,N,D,91,0.5,1H8V_A_N91D
1H8V,A,S,T,143,0.5,1H8V_A_S143T
1H8V,A,T,S,163,0.3,1H8V_A_T163S
1H8V,A,N,S,167,0.2,1H8V_A_N167S
1H8V,A,A,G,188,0.5,1H8V_A_A188G
1SHG,A,D,G,48,11.3,1SHG_A_D48G
1POH,A,F,W,29,-4.8,1POH_A_F29W
1POH,A,F,W,2,-0.4,1POH_A_F2W
1POH,A,F,W,48,0.6,1POH_A_F48W
1POH,A,F,W,22,-3.2,1POH_A_F22W
1GXE,A,W,F,71,2.77,1GXE_A_W71F
1KDX,A,Y,F,640,0,1KDX_A_Y640F
1DIV,A,D,N,23,-10,1DIV_A_D23N
1DIV,A,D,A,23,7,1DIV_A_D23A
1RGG,A,T,V,18,-4.7,1RGG_A_T18V
1RGG,A,T,V,56,-6.3,1RGG_A_T56V
1RGG,A,T,V,67,-0.1,1RGG_A_T67V
1RGG,A,T,V,82,-5.7,1RGG_A_T82V
1RGG,A,T,V,5,0,1RGG_A_T5V
1RGG,A,T,V,16,1,1RGG_A_T16V
1RGG,A,T,V,59,-5.6,1RGG_A_T59V
1RGG,A,T,V,72,-0.8,1RGG_A_T72V
1RGG,A,V,T,2,-3.2,1RGG_A_V2T
1RGG,A,V,T,36,-4.6,1RGG_A_V36T
1RGG,A,V,T,43,-1.6,1RGG_A_V43T
1RGG,A,V,T,57,-15,1RGG_A_V57T
1KFW,A,G,P,92,1.2,1KFW_A_G92P
1KFW,A,N,K,197,0.6,1KFW_A_N197K
1KFW,A,G,P,253,0,1KFW_A_G253P
1KFW,A,G,Q,405,-0.6,1KFW_A_G405Q
1ANT,I,N,A,135,-1,1ANT_I_N135A
1RTB,A,F,L,46,-11.1,1RTB_A_F46L
1RTB,A,F,A,46,22.4,1RTB_A_F46A
2LZM,A,I,V,78,-2.1,2LZM_A_I78V
2LZM,A,L,I,118,-3.1,2LZM_A_L118I
2LZM,A,V,I,87,-0.8,2LZM_A_V87I
2LZM,A,I,V,100,-1.1,2LZM_A_I100V
2LZM,A,V,I,103,-1.5,2LZM_A_V103I
2LZM,A,M,I,106,0.6,2LZM_A_M106I
2LZM,A,M,Y,120,-0.1,2LZM_A_M120Y
1TCA,A,V,I,210,0.8,1TCA_A_V210I
1TCA,A,V,D,221,-2,1TCA_A_V221D
1TCA,A,A,E,281,-6.8,1TCA_A_A281E
1RRO,A,P,A,22,-3.2,1RRO_A_P22A
1RRO,A,P,A,27,-3.2,1RRO_A_P27A
1RTP,1,H,P,27,5.6,1RTP_1_H27P
1RTP,1,A,P,22,-8.5,1RTP_1_A22P
1RTP,1,K,S,81,-1.3,1RTP_1_K81S
1RGG,A,Q,A,38,3.5,1RGG_A_Q38A
1RGG,A,E,K,41,-5.1,1RGG_A_E41K
1RGG,A,E,Q,54,-7.9,1RGG_A_E54Q
1RGG,A,R,A,65,-4.5,1RGG_A_R65A
1RGG,A,H,Q,85,0.1,1RGG_A_H85Q
1SHF,A,L,A,18,-43.8,1SHF_A_L18A
1SHF,A,L,S,18,-43,1SHF_A_L18S
1SHF,A,A,V,6,-41.5,1SHF_A_A6V
1SHF,A,A,F,6,-40.7,1SHF_A_A6F
1SHF,A,I,F,50,-34.8,1SHF_A_I50F
1SHF,A,I,A,50,-35.9,1SHF_A_I50A
1SHF,A,I,S,28,-33.5,1SHF_A_I28S
1SHF,A,F,S,20,-40.9,1SHF_A_F20S
1SHF,A,A,L,6,-29.3,1SHF_A_A6L
1SHF,A,I,F,28,-22.6,1SHF_A_I28F
1SHF,A,W,S,37,-25.6,1SHF_A_W37S
1SHF,A,I,A,28,-27.1,1SHF_A_I28A
1SHF,A,A,S,39,-26.9,1SHF_A_A39S
1SHF,A,F,A,20,-22.3,1SHF_A_F20A
1SHF,A,A,L,39,-31.7,1SHF_A_A39L
1SHF,A,W,A,37,-21.6,1SHF_A_W37A
1SHF,A,A,F,39,-21.9,1SHF_A_A39F
1SHF,A,V,A,55,-17.1,1SHF_A_V55A
1SHF,A,F,V,26,-16.7,1SHF_A_F26V
1SHF,A,F,L,4,-14.6,1SHF_A_F4L
1SHF,A,F,I,26,-11.6,1SHF_A_F26I
1SHF,A,F,S,4,-27.2,1SHF_A_F4S
1SHF,A,F,V,20,-8.4,1SHF_A_F20V
1SHF,A,L,V,18,-10.7,1SHF_A_L18V
1SHF,A,A,G,6,-18.6,1SHF_A_A6G
1SHF,A,A,G,39,-12,1SHF_A_A39G
1SHF,A,F,A,4,-8.9,1SHF_A_F4A
1SHF,A,A,S,6,-12.6,1SHF_A_A6S
1SHF,A,L,F,18,-5.5,1SHF_A_L18F
1SHF,A,F,L,20,-10.9,1SHF_A_F20L
1SHF,A,I,L,28,-7.2,1SHF_A_I28L
1SHF,A,W,V,37,-8.3,1SHF_A_W37V
1SHF,A,F,L,26,-2.6,1SHF_A_F26L
1SHF,A,I,L,50,-4.9,1SHF_A_I50L
1SHF,A,V,F,55,-7.1,1SHF_A_V55F
1SHF,A,L,I,18,-1.3,1SHF_A_L18I
1SHF,A,W,F,37,-4.4,1SHF_A_W37F
1SHF,A,F,V,4,-1.3,1SHF_A_F4V
1SHF,A,W,L,37,-3.2,1SHF_A_W37L
1SHF,A,I,V,28,-2.2,1SHF_A_I28V
1SHF,A,V,L,55,0.9,1SHF_A_V55L
1SHF,A,I,V,50,-2.2,1SHF_A_I50V
1SHF,A,V,I,55,-0.2,1SHF_A_V55I
1SHF,A,A,V,39,-0.6,1SHF_A_A39V
1SHF,A,V,S,55,1.5,1SHF_A_V55S
2AFG,A,C,V,117,-0.4,2AFG_A_C117V
2AFG,A,L,I,111,-0.7,2AFG_A_L111I
1H8V,A,G,C,170,2.1,1H8V_A_G170C
1H8V,A,P,C,201,3.9,1H8V_A_P201C
1H8V,A,V,C,210,0.1,1H8V_A_V210C
1OLR,A,C,G,175,1.2,1OLR_A_C175G
1OLR,A,C,S,175,0.2,1OLR_A_C175S
1OLR,A,C,P,206,-9.2,1OLR_A_C206P
1OLR,A,C,S,206,-5.4,1OLR_A_C206S
1OLR,A,C,V,216,0.8,1OLR_A_C216V
1OLR,A,C,S,216,-5.6,1OLR_A_C216S
3MBP,A,P,S,48,0.6,3MBP_A_P48S
3MBP,A,P,S,133,-7.1,3MBP_A_P133S
3MBP,A,P,S,159,-7.1,3MBP_A_P159S
3MBP,A,P,A,48,1.3,3MBP_A_P48A
3MBP,A,P,A,133,-2.3,3MBP_A_P133A
3MBP,A,P,A,159,-7.5,3MBP_A_P159A
1GUY,A,T,C,187,15,1GUY_A_T187C
1KA6,A,G,D,93,-8.7,1KA6_A_G93D
1KA6,A,F,S,87,-7.3,1KA6_A_F87S
1KA6,A,E,D,67,-13.6,1KA6_A_E67D
1KA6,A,Y,C,54,-9.6,1KA6_A_Y54C
1KA6,A,R,L,55,-6.3,1KA6_A_R55L
1KA6,A,L,P,31,-12.2,1KA6_A_L31P
1SSO,A,I,V,29,-3.9,1SSO_A_I29V
1AZP,A,V,I,30,5.8,1AZP_A_V30I
1YPI,A,C,S,126,-13,1YPI_A_C126S
1YPI,A,C,A,126,-11.2,1YPI_A_C126A
1BNI,A,D,A,12,-1,1BNI_A_D12A
1BNI,A,E,G,73,-12.7,1BNI_A_E73G
1BNI,A,I,G,55,-5.3,1BNI_A_I55G
1BNI,A,I,G,88,-20.8,1BNI_A_I88G
1BNI,A,I,G,96,-15.7,1BNI_A_I96G
1BNI,A,L,G,89,-8.7,1BNI_A_L89G
1BNI,A,L,G,95,-9.1,1BNI_A_L95G
1BNI,A,Q,A,15,-0.9,1BNI_A_Q15A
1BNI,A,Q,G,15,-2,1BNI_A_Q15G
1BNI,A,R,G,72,-5.7,1BNI_A_R72G
1BNI,A,T,G,100,-4.3,1BNI_A_T100G
1BNI,A,Y,G,13,-15.6,1BNI_A_Y13G
1BNI,A,Y,G,97,-17.9,1BNI_A_Y97G
1BNI,A,Y,A,17,-5.1,1BNI_A_Y17A
1BNI,A,Y,G,17,-10.3,1BNI_A_Y17G
1RGG,A,A,K,23,1.2,1RGG_A_A23K
1RGG,A,I,K,22,-12.3,1RGG_A_I22K
1RGG,A,L,K,19,-12.3,1RGG_A_L19K
1GUY,A,E,Q,165,23.6,1GUY_A_E165Q
1GUY,A,E,K,165,23.9,1GUY_A_E165K
2LZM,A,G,A,28,-5.1,2LZM_A_G28A
1B5M,A,D,R,60,6,1B5M_A_D60R
1B5M,A,P,A,81,-6.7,1B5M_A_P81A
5AZU,A,K,R,24,-2,5AZU_A_K24R
2AFG,A,H,Y,21,1.8,2AFG_A_H21Y
2AFG,A,L,F,44,3.1,2AFG_A_L44F
2AFG,A,H,Y,102,0.5,2AFG_A_H102Y
2AFG,A,F,Y,108,14.8,2AFG_A_F108Y
2AFG,A,V,I,109,-0.4,2AFG_A_V109I
3BDN,A,Y,W,23,0,3BDN_A_Y23W
1FTG,A,D,K,126,6,1FTG_A_D126K
1FTG,A,E,K,61,5,1FTG_A_E61K
1FTG,A,E,K,40,5.4,1FTG_A_E40K
1FTG,A,D,K,75,7.8,1FTG_A_D75K
1FTG,A,E,K,72,7.2,1FTG_A_E72K
1FTG,A,D,K,150,0.6,1FTG_A_D150K
1FTG,A,E,K,20,5,1FTG_A_E20K
1FTG,A,D,K,65,-2.1,1FTG_A_D65K
1FTG,A,L,A,6,-11.8,1FTG_A_L6A
1FTG,A,I,V,22,-6.3,1FTG_A_I22V
1FTG,A,V,A,31,-4.7,1FTG_A_V31A
1FTG,A,D,A,43,0.4,1FTG_A_D43A
1FTG,A,I,V,51,-4.1,1FTG_A_I51V
1FTG,A,I,V,52,-4.7,1FTG_A_I52V
1FTG,A,S,A,71,-1,1FTG_A_S71A
1FTG,A,A,G,84,-4.3,1FTG_A_A84G
1FTG,A,N,A,97,-2.4,1FTG_A_N97A
1FTG,A,Q,A,99,8.5,1FTG_A_Q99A
1FTG,A,I,V,104,-4,1FTG_A_I104V
1FTG,A,S,A,110,-1.7,1FTG_A_S110A
1FTG,A,V,A,117,-8,1FTG_A_V117A
1FTG,A,T,S,122,5.9,1FTG_A_T122S
1FTG,A,V,A,139,-6.4,1FTG_A_V139A
1FTG,A,L,A,143,-1.5,1FTG_A_L143A
1FTG,A,I,V,156,-8.4,1FTG_A_I156V
1FTG,A,V,A,160,-8.2,1FTG_A_V160A
1UBQ,A,K,E,641,7.6,1UBQ_A_K641E
1UBQ,A,K,F,641,6.6,1UBQ_A_K641F
1UBQ,A,K,G,641,1.6,1UBQ_A_K641G
1UBQ,A,K,I,641,2.1,1UBQ_A_K641I
1UBQ,A,K,L,641,-13.5,1UBQ_A_K641L
1UBQ,A,K,M,641,10.8,1UBQ_A_K641M
1UBQ,A,K,N,641,6.9,1UBQ_A_K641N
1UBQ,A,K,Q,641,3.8,1UBQ_A_K641Q
1UBQ,A,K,S,641,-5.4,1UBQ_A_K641S
1UBQ,A,K,T,641,0.7,1UBQ_A_K641T
1UBQ,A,K,V,641,-3.4,1UBQ_A_K641V
1YYX,A,M,A,55,10.6,1YYX_A_M55A
1YYX,A,A,G,58,4.8,1YYX_A_A58G
1YYX,A,L,A,70,4.2,1YYX_A_L70A
1YYX,A,M,A,80,2.6,1YYX_A_M80A
1YYX,A,F,A,83,7.5,1YYX_A_F83A
1YYX,A,F,A,87,13.6,1YYX_A_F87A
1YYX,A,L,A,90,16.6,1YYX_A_L90A
1YYX,A,I,A,94,15.3,1YYX_A_I94A
1YYX,A,L,A,98,4.8,1YYX_A_L98A
1YYX,A,V,A,106,7.4,1YYX_A_V106A
1YYX,A,A,G,109,15.3,1YYX_A_A109G
1YYX,A,A,G,112,12.3,1YYX_A_A112G
1YYX,A,L,A,116,9.4,1YYX_A_L116A
1STN,A,W,F,140,-11.6,1STN_A_W140F
1STN,A,W,Y,140,-12.1,1STN_A_W140Y
1STN,A,W,H,140,-8.9,1STN_A_W140H
1AZP,A,W,A,24,-9.6,1AZP_A_W24A
2RN4,A,A,P,33,17.3,2RN4_A_A33P
2RN4,A,D,P,10,12.2,2RN4_A_D10P
2RN4,A,D,A,35,17.7,2RN4_A_D35A
2RN4,A,W,F,40,13,2RN4_A_W40F
1Y4Y,A,F,W,29,-4.4,1Y4Y_A_F29W
1K23,A,D,E,13,-4,1K23_A_D13E
1K23,A,D,E,15,3,1K23_A_D15E
1K23,A,D,E,75,0,1K23_A_D75E
1K23,A,E,D,78,-1,1K23_A_E78D
1K23,A,H,Q,97,-1,1K23_A_H97Q
1K23,A,D,E,149,1,1K23_A_D149E
1K23,A,D,E,203,-4,1K23_A_D203E
3DV0,A,V,A,129,-5.6,3DV0_A_V129A
3DV0,A,V,G,129,-8.6,3DV0_A_V129G
3DV0,A,I,V,130,-1.4,3DV0_A_I130V
3DV0,A,I,A,130,-5.5,3DV0_A_I130A
3DV0,A,I,G,130,-12,3DV0_A_I130G
3DV0,A,A,G,131,-15.3,3DV0_A_A131G
3DV0,A,V,A,135,-13.3,3DV0_A_V135A
3DV0,A,Y,F,138,-16.4,3DV0_A_Y138F
3DV0,A,A,G,139,-21.6,3DV0_A_A139G
3DV0,A,E,Q,141,-2.9,3DV0_A_E141Q
3DV0,A,E,A,141,-5.5,3DV0_A_E141A
3DV0,A,V,A,144,-17.3,3DV0_A_V144A
3DV0,A,D,N,145,-7.7,3DV0_A_D145N
3DV0,A,D,A,145,-18,3DV0_A_D145A
3DV0,A,I,V,146,-10.3,3DV0_A_I146V
3DV0,A,I,A,146,-27.4,3DV0_A_I146A
3DV0,A,V,A,149,-23.8,3DV0_A_V149A
3DV0,A,V,G,149,-39.2,3DV0_A_V149G
3DV0,A,V,A,158,-28.1,3DV0_A_V158A
3DV0,A,L,V,159,-4.1,3DV0_A_L159V
3DV0,A,L,A,159,-18.4,3DV0_A_L159A
3DV0,A,L,G,159,-16.5,3DV0_A_L159G
3DV0,A,D,N,162,-15.9,3DV0_A_D162N
3DV0,A,I,V,163,-4.5,3DV0_A_I163V
3DV0,A,D,N,164,-14.9,3DV0_A_D164N
3DV0,A,D,A,164,-19.4,3DV0_A_D164A
3DV0,A,D,G,164,-29.7,3DV0_A_D164G
3DV0,A,A,G,165,-7.5,3DV0_A_A165G
3DV0,A,L,V,167,-1.1,3DV0_A_L167V
3DV0,A,L,A,167,-9.5,3DV0_A_L167A
3DV0,A,A,G,168,-2.6,3DV0_A_A168G
1CSP,A,S,R,48,8.9,1CSP_A_S48R
1CSP,A,M,R,1,10.4,1CSP_A_M1R
1CSP,A,K,I,65,9.6,1CSP_A_K65I
1CSP,A,E,K,66,12.9,1CSP_A_E66K
1CSP,A,E,S,43,0.9,1CSP_A_E43S
1CSP,A,E,K,3,16.6,1CSP_A_E3K
1CSP,A,A,K,46,8.4,1CSP_A_A46K
1BAH,A,H,F,21,17,1BAH_A_H21F
1H7M,A,E,A,6,-8.6,1H7M_A_E6A
1H7M,A,K,A,9,-8.4,1H7M_A_K9A
1H7M,A,K,M,9,-7.1,1H7M_A_K9M
1H7M,A,E,A,90,-0.9,1H7M_A_E90A
1H7M,A,R,A,92,-3.1,1H7M_A_R92A
1H7M,A,R,M,92,-3.7,1H7M_A_R92M
1HFY,A,W,F,118,0.4,1HFY_A_W118F
1HFY,A,W,F,60,-3.2,1HFY_A_W60F
1LS4,A,T,A,31,4,1LS4_A_T31A
1LS4,A,T,A,144,-9,1LS4_A_T144A
1LS4,A,L,K,17,-16,1LS4_A_L17K
1LS4,A,A,K,140,-15,1LS4_A_A140K
1HY1,A,D,A,117,-14,1HY1_A_D117A
1HY1,A,D,E,117,4,1HY1_A_D117E
1HFZ,A,E,Q,1,6.8,1HFZ_A_E1Q
1HFZ,A,E,M,1,10,1HFZ_A_E1M
1HFZ,A,E,Q,7,7.9,1HFZ_A_E7Q
1HFZ,A,E,L,11,9.7,1HFZ_A_E11L
1HFZ,A,D,N,14,-3,1HFZ_A_D14N
1HFZ,A,E,A,25,1.1,1HFZ_A_E25A
1HFZ,A,D,N,37,14.4,1HFZ_A_D37N
1ZNJ,B,P,D,28,4.6,1ZNJ_B_P28D
2AFG,A,S,I,47,9,2AFG_A_S47I
2AFG,A,Q,P,40,6.5,2AFG_A_Q40P
1DEC,A,P,A,23,-7.5,1DEC_A_P23A
1DEC,A,P,A,24,-7.5,1DEC_A_P24A
1AYI,A,A,N,13,-4.3,1AYI_A_A13N
1HFY,A,T,A,38,-5.85,1HFY_A_T38A
3FIS,A,P,A,61,-5.9,3FIS_A_P61A
1RGG,A,D,F,79,13.1,1RGG_A_D79F
1RGG,A,D,Y,79,9.6,1RGG_A_D79Y
1RGG,A,D,A,79,11.7,1RGG_A_D79A
1RGG,A,D,I,79,9.6,1RGG_A_D79I
1RGG,A,D,R,79,9,1RGG_A_D79R
1RGG,A,D,L,79,8.7,1RGG_A_D79L
1RGG,A,D,K,79,7.6,1RGG_A_D79K
1RGG,A,D,W,79,7.6,1RGG_A_D79W
1RGG,A,D,H,79,5.6,1RGG_A_D79H
1RGG,A,D,N,79,7.6,1RGG_A_D79N
1RGG,A,D,E,79,-0.8,1RGG_A_D79E
1RGG,A,Q,K,94,3.6,1RGG_A_Q94K
1RGG,A,D,A,33,-16,1RGG_A_D33A
1OSI,A,T,V,16,0.75,1OSI_A_T16V
1OSI,A,F,L,53,-1.6,1OSI_A_F53L
1OSI,A,P,E,56,0.5,1OSI_A_P56E
1OSI,A,R,L,58,-2.6,1OSI_A_R58L
1OSI,A,V,I,61,-0.25,1OSI_A_V61I
1OSI,A,L,N,134,3.55,1OSI_A_L134N
1OSI,A,H,K,179,-1.05,1OSI_A_H179K
1OSI,A,V,T,181,1.55,1OSI_A_V181T
1OSI,A,D,H,184,0.75,1OSI_A_D184H
1OSI,A,S,N,261,-1.6,1OSI_A_S261N
1OSI,A,P,T,324,0.5,1OSI_A_P324T
1OSI,A,A,E,335,0.65,1OSI_A_A335E
1QQV,A,H,Y,41,10,1QQV_A_H41Y
1H7M,A,D,A,2,-2.5,1H7M_A_D2A
1H7M,A,R,A,8,-7,1H7M_A_R8A
1H7M,A,D,A,12,0.4,1H7M_A_D12A
1H7M,A,K,A,15,-6.1,1H7M_A_K15A
1H7M,A,R,A,21,-1.5,1H7M_A_R21A
1H7M,A,K,A,22,1,1H7M_A_K22A
1H7M,A,K,A,28,-4.4,1H7M_A_K28A
1H7M,A,K,A,33,-6.4,1H7M_A_K33A
1H7M,A,R,A,39,-4.8,1H7M_A_R39A
1H7M,A,R,A,42,0.2,1H7M_A_R42A
1H7M,A,D,A,44,0.1,1H7M_A_D44A
1H7M,A,K,A,46,-7.4,1H7M_A_K46A
1H7M,A,E,A,47,2,1H7M_A_E47A
1H7M,A,D,A,48,3.2,1H7M_A_D48A
1H7M,A,E,A,50,2.3,1H7M_A_E50A
1H7M,A,R,A,54,-5.4,1H7M_A_R54A
1H7M,A,E,A,62,-5.5,1H7M_A_E62A
1H7M,A,E,A,64,0.4,1H7M_A_E64A
1H7M,A,E,A,69,-2,1H7M_A_E69A
1H7M,A,R,A,76,-1.5,1H7M_A_R76A
1H7M,A,H,A,78,-2.2,1H7M_A_H78A
1H7M,A,D,A,87,-9.2,1H7M_A_D87A
1FTG,A,I,A,21,0.61,1FTG_A_I21A
1FTG,A,L,A,50,0.6,1FTG_A_L50A
1FTG,A,V,I,83,1,1FTG_A_V83I
1FTG,A,E,A,107,2.7,1FTG_A_E107A
1FTG,A,A,V,101,5.4,1FTG_A_A101V
1FTG,A,I,G,21,-6.18,1FTG_A_I21G
1FTG,A,V,I,18,4.9,1FTG_A_V18I
1FTG,A,Q,G,111,3.7,1FTG_A_Q111G
1FTG,A,G,A,68,6.7,1FTG_A_G68A
1HYN,P,E,K,40,-1.3,1HYN_P_E40K
1HYN,P,G,R,130,-0.7,1HYN_P_G130R
1HYN,P,P,R,327,-5,1HYN_P_P327R
1HYN,P,K,E,56,-1.3,1HYN_P_K56E
1RTB,A,Y,A,92,-6.1,1RTB_A_Y92A
1RTB,A,Y,G,92,-7.1,1RTB_A_Y92G
1RTB,A,Y,L,92,-7.9,1RTB_A_Y92L
1SAK,A,G,V,334,-24,1SAK_A_G334V
1ONC,A,F,T,28,-11.1,1ONC_A_F28T
1ONC,A,F,A,28,-10.4,1ONC_A_F28A
1ONC,A,F,Y,36,-9.3,1ONC_A_F36Y
1RTB,A,V,G,63,-11.9,1RTB_A_V63G
1RTB,A,V,A,63,0.1,1RTB_A_V63A
1RTB,A,V,L,57,-7.3,1RTB_A_V57L
1RTB,A,V,I,57,-0.2,1RTB_A_V57I
1RTB,A,V,G,57,-19.9,1RTB_A_V57G
1RTB,A,V,A,57,-9.3,1RTB_A_V57A
1RTB,A,V,L,54,-3.3,1RTB_A_V54L
1RTB,A,V,I,54,-2.6,1RTB_A_V54I
1RTB,A,V,G,54,-17.2,1RTB_A_V54G
1RTB,A,V,A,54,-8.2,1RTB_A_V54A
1RTB,A,V,G,47,-26.8,1RTB_A_V47G
1RTB,A,V,A,47,-13,1RTB_A_V47A
1RTB,A,V,A,116,-3.2,1RTB_A_V116A
1RTB,A,V,L,108,-2.4,1RTB_A_V108L
1RTB,A,V,I,108,0.1,1RTB_A_V108I
1RTB,A,I,V,81,-0.7,1RTB_A_I81V
1RTB,A,I,G,81,-17,1RTB_A_I81G
1RTB,A,I,A,81,-10.3,1RTB_A_I81A
1RTB,A,I,V,107,-0.7,1RTB_A_I107V
1RTB,A,I,L,107,-8.6,1RTB_A_I107L
1RTB,A,A,G,64,-2.2,1RTB_A_A64G
1RTB,A,A,G,109,-2.6,1RTB_A_A109G
1PGA,A,T,P,2,-6.6,1PGA_A_T2P
1PGA,A,G,P,9,-17,1PGA_A_G9P
1PGA,A,K,P,10,-8.4,1PGA_A_K10P
1PGA,A,V,P,21,6.2,1PGA_A_V21P
1PGA,A,A,P,23,-1.4,1PGA_A_A23P
1PGA,A,A,P,24,-4.6,1PGA_A_A24P
1PGA,A,T,P,25,-20.9,1PGA_A_T25P
1PGA,A,V,P,29,-22.6,1PGA_A_V29P
1PGA,A,D,P,36,-21,1PGA_A_D36P
1PGA,A,A,P,48,-6.8,1PGA_A_A48P
1FLV,A,V,I,18,1.3,1FLV_A_V18I
1FLV,A,G,V,87,3,1FLV_A_G87V
1FLV,A,V,L,18,0.5,1FLV_A_V18L
1FLV,A,V,I,83,-0.1,1FLV_A_V83I
1FLV,A,G,A,87,0.3,1FLV_A_G87A
1FLV,A,G,L,87,1.7,1FLV_A_G87L
1FLV,A,A,L,101,0.5,1FLV_A_A101L
1FLV,A,A,V,101,-2.8,1FLV_A_A101V
1EGL,A,V,A,14,-12.7,1EGL_A_V14A
1EGL,A,V,A,54,-16.9,1EGL_A_V54A
1C9O,A,N,K,55,0.8,1C9O_A_N55K
1C9O,A,E,K,36,-0.9,1C9O_A_E36K
1C9O,A,E,K,50,-3.4,1C9O_A_E50K
1C9O,A,E,K,12,-2.5,1C9O_A_E12K
1C9O,A,R,E,56,3.1,1C9O_A_R56E
1C9O,A,H,E,29,-3.4,1C9O_A_H29E
1C9O,A,E,K,46,-2.9,1C9O_A_E46K
1C9O,A,E,K,21,-1.5,1C9O_A_E21K
1FTG,A,Q,A,111,0.63,1FTG_A_Q111A
1FTG,A,E,G,107,-2.48,1FTG_A_E107G
1UR1,A,A,V,334,3.5,1UR1_A_A334V
1UR1,A,G,D,348,6,1UR1_A_G348D
1TFE,A,C,A,190,-10,1TFE_A_C190A
1AV1,A,L,P,254,-4,1AV1_A_L254P
1AV1,A,Y,P,42,0,1AV1_A_Y42P
1RTB,A,A,S,4,-1.69,1RTB_A_A4S
1RTB,A,A,S,5,-1.42,1RTB_A_A5S
1RTB,A,S,A,123,5.9,1RTB_A_S123A
1YNR,A,Y,F,25,7.55,1YNR_A_Y25F
451C,A,Y,F,27,0.15,451C_A_Y27F
2LZM,A,L,G,99,-29.2,2LZM_A_L99G
1IO2,A,D,N,7,3.1,1IO2_A_D7N
1IO2,A,E,A,8,8,1IO2_A_E8A
1IO2,A,E,Q,8,0.6,1IO2_A_E8Q
1IO2,A,D,A,105,4.2,1IO2_A_D105A
1IO2,A,D,A,135,5.2,1IO2_A_D135A
2CPP,A,T,V,101,-1.8,2CPP_A_T101V
1IRO,A,V,I,24,2.5,1IRO_A_V24I
1IRO,A,I,L,33,4.8,1IRO_A_I33L
1STN,A,V,S,114,0.6,1STN_A_V114S
1STN,A,Y,F,27,-3.9,1STN_A_Y27F
1STN,A,V,S,51,-0.6,1STN_A_V51S
1STN,A,V,T,114,-1,1STN_A_V114T
1STN,A,V,T,111,-10.2,1STN_A_V111T
1STN,A,V,S,39,-11,1STN_A_V39S
1STN,A,Y,F,91,-7.2,1STN_A_Y91F
1STN,A,V,S,66,-13.9,1STN_A_V66S
1STN,A,V,T,23,-14.7,1STN_A_V23T
1STN,A,V,T,39,-7.5,1STN_A_V39T
1STN,A,V,T,51,-1,1STN_A_V51T
1STN,A,V,T,66,-6.3,1STN_A_V66T
1STN,A,V,T,74,-18.3,1STN_A_V74T
1STN,A,V,T,99,-15.2,1STN_A_V99T
1STN,A,V,T,104,-10.3,1STN_A_V104T
1STN,A,Y,F,54,-1.8,1STN_A_Y54F
1STN,A,Y,F,85,-1.3,1STN_A_Y85F
1STN,A,Y,F,93,-7.8,1STN_A_Y93F
1STN,A,Y,F,113,0.9,1STN_A_Y113F
1STN,A,Y,F,115,0.8,1STN_A_Y115F
1STN,A,Y,L,54,-12.4,1STN_A_Y54L
1STN,A,Y,L,85,-0.7,1STN_A_Y85L
1STN,A,Y,L,91,-14.1,1STN_A_Y91L
1STN,A,Y,L,113,-0.7,1STN_A_Y113L
1STN,A,Y,L,115,-1.4,1STN_A_Y115L
1JOK,A,S,A,147,-0.6,1JOK_A_S147A
1STN,A,T,S,13,-1.6,1STN_A_T13S
1STN,A,T,S,22,-2.8,1STN_A_T22S
1STN,A,T,S,33,-5.5,1STN_A_T33S
1STN,A,T,S,41,-3.1,1STN_A_T41S
1STN,A,T,S,44,-0.5,1STN_A_T44S
1STN,A,T,S,62,-9,1STN_A_T62S
1STN,A,T,S,82,-3.5,1STN_A_T82S
1STN,A,T,S,120,-2.8,1STN_A_T120S
1STN,A,T,V,13,-1.6,1STN_A_T13V
1STN,A,T,V,22,-3.6,1STN_A_T22V
1STN,A,T,V,41,4.2,1STN_A_T41V
1STN,A,T,V,44,1,1STN_A_T44V
1STN,A,T,V,62,2.2,1STN_A_T62V
1STN,A,T,V,82,1.6,1STN_A_T82V
1STN,A,T,V,120,-5.4,1STN_A_T120V
1STN,A,T,C,13,-3.8,1STN_A_T13C
1STN,A,T,C,22,-3.8,1STN_A_T22C
1STN,A,T,C,33,-3.6,1STN_A_T33C
1STN,A,T,C,41,2.9,1STN_A_T41C
1STN,A,T,C,44,0.5,1STN_A_T44C
1STN,A,T,C,62,-4.6,1STN_A_T62C
1STN,A,T,C,82,-2.5,1STN_A_T82C
1STN,A,T,C,120,-5.6,1STN_A_T120C
1STN,A,T,I,22,-3.6,1STN_A_T22I
1STN,A,T,I,33,2.2,1STN_A_T33I
1STN,A,T,I,44,-4.2,1STN_A_T44I
1STN,A,T,I,62,-3.9,1STN_A_T62I
1STN,A,T,I,82,1.6,1STN_A_T82I
1STN,A,T,I,120,-5,1STN_A_T120I
1STN,A,D,F,19,-4.6,1STN_A_D19F
1STN,A,K,F,28,-4.2,1STN_A_K28F
1STN,A,P,F,47,-0.9,1STN_A_P47F
1STN,A,K,F,48,-0.4,1STN_A_K48F
1STN,A,K,F,49,-1.2,1STN_A_K49F
1STN,A,E,F,52,-0.5,1STN_A_E52F
1STN,A,M,F,65,-5.8,1STN_A_M65F
1STN,A,E,F,67,-6.6,1STN_A_E67F
1STN,A,E,F,73,-5.3,1STN_A_E73F
1STN,A,Q,F,80,-1.6,1STN_A_Q80F
1STN,A,K,F,84,-3.5,1STN_A_K84F
1STN,A,G,F,86,-9.1,1STN_A_G86F
1STN,A,G,F,96,-11.3,1STN_A_G96F
1STN,A,E,F,101,-16.1,1STN_A_E101F
1STN,A,K,F,116,0.6,1STN_A_K116F
1STN,A,E,F,122,-1,1STN_A_E122F
1STN,A,Q,F,123,-2,1STN_A_Q123F
1STN,A,K,F,127,-1.2,1STN_A_K127F
1STN,A,S,F,128,-3.8,1STN_A_S128F
1STN,A,E,F,135,-3.5,1STN_A_E135F
1STN,A,K,F,136,-6.4,1STN_A_K136F
1JOK,A,D,F,143,-1.5,1JOK_A_D143F
1STN,A,T,A,62,-8.1,1STN_A_T62A
1STN,A,T,F,62,0.5,1STN_A_T62F
1STN,A,T,G,62,-15.9,1STN_A_T62G
1STN,A,T,H,62,-8.2,1STN_A_T62H
1STN,A,T,K,62,-18.2,1STN_A_T62K
1STN,A,T,L,62,-5.3,1STN_A_T62L
1STN,A,T,M,62,-2.3,1STN_A_T62M
1STN,A,T,N,62,-16.7,1STN_A_T62N
1STN,A,T,Q,62,-13.5,1STN_A_T62Q
1CSP,A,E,K,42,0,1CSP_A_E42K
1CSP,A,D,Q,25,-11.7,1CSP_A_D25Q
1CSP,A,E,K,12,-4.8,1CSP_A_E12K
1CSP,A,E,K,19,-5.1,1CSP_A_E19K
1CSP,A,E,Q,19,-1.6,1CSP_A_E19Q
1CSP,A,E,Q,3,7.3,1CSP_A_E3Q
1CSP,A,E,Q,42,-1.2,1CSP_A_E42Q
1CSP,A,K,E,65,-17.1,1CSP_A_K65E
1CSP,A,K,Q,65,-7.3,1CSP_A_K65Q
1CSP,A,N,D,10,2.4,1CSP_A_N10D
1CSP,A,N,K,10,-14.2,1CSP_A_N10K
1CSP,A,N,D,55,3.9,1CSP_A_N55D
1CSP,A,N,K,55,-1,1CSP_A_N55K
1CSP,A,R,Q,56,0,1CSP_A_R56Q
1CSP,A,S,E,48,-2.3,1CSP_A_S48E
1CSP,A,S,K,48,6.3,1CSP_A_S48K
1CSP,A,V,K,20,-18.1,1CSP_A_V20K
1CSP,A,V,Q,20,-15.8,1CSP_A_V20Q
1CSP,A,D,K,24,-3.1,1CSP_A_D24K
1CSP,A,D,N,24,-3.5,1CSP_A_D24N
1CSP,A,D,K,25,-15.9,1CSP_A_D25K
1CSP,A,E,K,21,-1,1CSP_A_E21K
1CSP,A,E,Q,21,-2.8,1CSP_A_E21Q
1CSP,A,E,K,43,1,1CSP_A_E43K
1CSP,A,E,Q,43,0.2,1CSP_A_E43Q
1CSP,A,E,K,50,-5.6,1CSP_A_E50K
1CSP,A,E,Q,50,-12.7,1CSP_A_E50Q
1CSP,A,E,K,53,-1.6,1CSP_A_E53K
1CSP,A,E,Q,53,0.2,1CSP_A_E53Q
1CSP,A,K,E,13,-4.1,1CSP_A_K13E
1CSP,A,K,Q,13,0,1CSP_A_K13Q
1CSP,A,K,E,39,-1,1CSP_A_K39E
1CSP,A,K,Q,39,-0.1,1CSP_A_K39Q
1CSP,A,K,E,5,-17.9,1CSP_A_K5E
1CSP,A,K,Q,5,-6.9,1CSP_A_K5Q
2DRI,A,S,A,103,-3,2DRI_A_S103A
2DRI,A,I,A,132,-2.5,2DRI_A_I132A
2DRI,A,Q,A,235,-4.8,2DRI_A_Q235A
2DRI,A,N,A,13,-3.6,2DRI_A_N13A
2DRI,A,S,A,9,-1.5,2DRI_A_S9A
2DRI,A,N,A,190,-12.2,2DRI_A_N190A
2DRI,A,F,A,15,-9.5,2DRI_A_F15A
2DRI,A,N,A,64,-9.8,2DRI_A_N64A
2DRI,A,F,A,16,-6.3,2DRI_A_F16A
2DRI,A,D,A,89,-6.5,2DRI_A_D89A
2DRI,A,F,A,164,-10.4,2DRI_A_F164A
2DRI,A,F,A,214,-17.7,2DRI_A_F214A
2DRI,A,D,A,215,-12.4,2DRI_A_D215A
1EVQ,A,K,Q,102,-5,1EVQ_A_K102Q
3E2D,A,I,C,69,4.2,3E2D_A_I69C
3E2D,A,G,C,70,4,3E2D_A_G70C
3E2D,A,S,C,71,2.2,3E2D_A_S71C
3E2D,A,S,C,72,4.5,3E2D_A_S72C
4BLM,A,S,C,126,1.7,4BLM_A_S126C
4BLM,A,S,C,265,-6.4,4BLM_A_S265C
1CHK,A,A,L,104,-5.86,1CHK_A_A104L
1CHK,A,K,R,164,-0.57,1CHK_A_K164R
1RTB,A,S,A,75,-7.9,1RTB_A_S75A
1RTB,A,S,T,75,-8.9,1RTB_A_S75T
1RTB,A,S,C,75,-17.9,1RTB_A_S75C
1RTB,A,S,R,75,-22.9,1RTB_A_S75R
1PGA,A,T,I,16,6.7,1PGA_A_T16I
1PGA,A,T,I,18,4.6,1PGA_A_T18I
1PGA,A,T,L,18,1.7,1PGA_A_T18L
1PGA,A,T,E,25,2.4,1PGA_A_T25E
1PGA,A,V,F,29,2.1,1PGA_A_V29F
1PGA,A,V,K,29,-2.6,1PGA_A_V29K
1LVM,A,K,F,45,-0.1,1LVM_A_K45F
1LVM,A,L,V,56,1.1,1LVM_A_L56V
1LVM,A,Q,F,58,1.9,1LVM_A_Q58F
1LVM,A,E,G,106,0.9,1LVM_A_E106G
1LVM,A,S,G,135,1.6,1LVM_A_S135G
1OHQ,A,W,A,47,-3,1OHQ_A_W47A
1OHQ,A,W,V,47,4,1OHQ_A_W47V
1OHQ,A,W,L,47,3,1OHQ_A_W47L
1OHQ,A,W,E,47,-4,1OHQ_A_W47E
1OHQ,A,W,T,47,-4,1OHQ_A_W47T
1OHQ,A,G,H,35,1,1OHQ_A_G35H
1OHQ,A,R,Q,39,3,1OHQ_A_R39Q
1OHQ,A,E,L,45,4,1OHQ_A_E45L
1OHQ,A,S,R,50,-2,1OHQ_A_S50R
3BCI,A,E,Q,114,2.05,3BCI_A_E114Q
3BCI,A,T,V,171,0.2,3BCI_A_T171V
1CAH,A,H,A,107,-29,1CAH_A_H107A
1CAH,A,H,F,107,-37,1CAH_A_H107F
1CAH,A,H,N,107,-21,1CAH_A_H107N
1CAH,A,E,A,117,-27,1CAH_A_E117A
1IO2,A,L,A,92,-5.6,1IO2_A_L92A
1IO2,A,L,A,33,-11.9,1IO2_A_L33A
1IO2,A,L,A,147,-5.2,1IO2_A_L147A
1IO2,A,L,A,118,-13.7,1IO2_A_L118A
1IO2,A,I,A,6,-5.2,1IO2_A_I6A
1IO2,A,I,A,56,-8.7,1IO2_A_I56A
1IO2,A,I,A,20,-8.4,1IO2_A_I20A
1IO2,A,I,A,15,-2.2,1IO2_A_I15A
1IO2,A,I,A,102,-10.7,1IO2_A_I102A
2ZAJ,A,D,S,23,8.3,2ZAJ_A_D23S
1SHF,A,N,A,53,2.36,1SHF_A_N53A
1SHF,A,N,I,53,-1.16,1SHF_A_N53I
1SHF,A,N,F,53,-3.2,1SHF_A_N53F
1SHF,A,N,K,53,-0.2,1SHF_A_N53K
1SHF,A,N,D,53,-2,1SHF_A_N53D
1SHF,A,N,S,53,-0.1,1SHF_A_N53S
1SHF,A,N,L,53,-0.9,1SHF_A_N53L
1SHF,A,N,V,53,-5.9,1SHF_A_N53V
1SHF,A,N,P,53,-13,1SHF_A_N53P
1SHF,A,N,Y,53,-2.44,1SHF_A_N53Y
1SHF,A,N,H,53,-2.7,1SHF_A_N53H
1SHF,A,N,E,53,-4.7,1SHF_A_N53E
1SHF,A,N,T,53,0.63,1SHF_A_N53T
1SHF,A,N,R,53,1.79,1SHF_A_N53R
1SHF,A,N,Q,53,0.46,1SHF_A_N53Q
1SHF,A,N,M,53,0.27,1SHF_A_N53M
1SHF,A,N,W,53,4.96,1SHF_A_N53W
1SHF,A,N,G,53,-0.64,1SHF_A_N53G
1SHF,A,L,A,3,-10.5,1SHF_A_L3A
1SHF,A,R,I,40,3.2,1SHF_A_R40I
1SHF,A,T,I,47,1.9,1SHF_A_T47I
1Y9X,A,K,A,97,-6.7,1Y9X_A_K97A
1Y9X,A,K,E,97,-13.5,1Y9X_A_K97E
1Y9X,A,R,Q,95,0.2,1Y9X_A_R95Q
1BPI,A,F,M,22,-29.3,1BPI_A_F22M
1W4H,A,H,W,142,-1.6,1W4H_A_H142W
1W4H,A,L,W,131,-7.6,1W4H_A_L131W
1W4H,A,A,W,130,5,1W4H_A_A130W
1SHG,A,N,A,47,-9.5,1SHG_A_N47A
1SHG,A,A,G,56,-4.6,1SHG_A_A56G
1SHG,A,A,E,56,-3.8,1SHG_A_A56E
1SHG,A,A,K,56,-0.6,1SHG_A_A56K
2CRK,A,D,A,122,0,2CRK_A_D122A
2CRK,A,D,N,122,2.1,2CRK_A_D122N
1VII,A,F,L,47,-27.4,1VII_A_F47L
1VII,A,F,L,51,-14.6,1VII_A_F51L
1VII,A,F,L,58,-29.7,1VII_A_F58L
1VII,A,W,L,64,-16.2,1VII_A_W64L
2LZM,A,K,A,85,-1,2LZM_A_K85A
2LZM,A,R,K,96,-0.7,2LZM_A_R96K
2LZM,A,R,Q,96,-1.4,2LZM_A_R96Q
2LZM,A,D,A,89,-1.3,2LZM_A_D89A
2LZM,A,R,E,96,-7,2LZM_A_R96E
2LZM,A,R,A,96,-5.1,2LZM_A_R96A
2LZM,A,R,D,96,-9.5,2LZM_A_R96D
2LZM,A,R,V,96,-6.4,2LZM_A_R96V
2LZM,A,R,M,96,-7.1,2LZM_A_R96M
2LZM,A,R,S,96,-7,2LZM_A_R96S
2LZM,A,R,G,96,-7.5,2LZM_A_R96G
2LZM,A,R,T,96,-7.6,2LZM_A_R96T
2LZM,A,R,I,96,-7.9,2LZM_A_R96I
2LZM,A,R,N,96,-8,2LZM_A_R96N
2LZM,A,R,L,96,-8.6,2LZM_A_R96L
2LZM,A,R,F,96,-11.5,2LZM_A_R96F
2LZM,A,R,W,96,-12.8,2LZM_A_R96W
2LZM,A,R,Y,96,-13.2,2LZM_A_R96Y
3SSI,A,M,G,103,-14.4,3SSI_A_M103G
4BUO,A,A,L,86,10,4BUO_A_A86L
4BUO,A,H,A,103,7,4BUO_A_H103A
4BUO,A,F,A,358,8,4BUO_A_F358A
1W4H,A,L,A,167,-15.8,1W4H_A_L167A
1W4H,A,P,A,133,5,1W4H_A_P133A
1W4H,A,H,A,166,0.8,1W4H_A_H166A
1W4H,A,I,V,135,-0.4,1W4H_A_I135V
1W4H,A,A,G,130,-0.5,1W4H_A_A130G
1W4H,A,A,G,168,-0.9,1W4H_A_A168G
1W4H,A,T,S,152,-3.8,1W4H_A_T152S
1W4H,A,A,G,134,-4.8,1W4H_A_A134G
1W4H,A,A,G,148,-5.6,1W4H_A_A148G
1W4H,A,S,G,132,-6.1,1W4H_A_S132G
1W4H,A,A,G,146,-7.7,1W4H_A_A146G
1W4H,A,I,V,149,-9.8,1W4H_A_I149V
1W4H,A,V,G,154,-11,1W4H_A_V154G
1W4H,A,L,A,131,-12.3,1W4H_A_L131A
1W4H,A,A,G,140,-13.4,1W4H_A_A140G
1W4H,A,T,A,152,-17.8,1W4H_A_T152A
1W4H,A,H,G,166,-20.3,1W4H_A_H166G
1W4H,A,I,A,135,-21.4,1W4H_A_I135A
1W4H,A,T,S,159,-21.4,1W4H_A_T159S
1W4H,A,L,A,138,-21.9,1W4H_A_L138A
1W4H,A,L,A,144,-24.9,1W4H_A_L144A
1W4H,A,V,A,163,-26.3,1W4H_A_V163A
1W4H,A,L,A,158,-27.8,1W4H_A_L158A
1W4H,A,D,N,162,-40.3,1W4H_A_D162N
1W4H,A,L,A,139,-45.3,1W4H_A_L139A
3D2A,A,M,E,134,1.7,3D2A_A_M134E
3D2A,A,M,P,137,2.9,3D2A_A_M137P
3D2A,A,S,P,163,1,3D2A_A_S163P
1PIN,A,K,A,6,0.8,1PIN_A_K6A
1PIN,A,L,A,7,-20.8,1PIN_A_L7A
1PIN,A,L,I,7,-9.3,1PIN_A_L7I
1PIN,A,L,V,7,-14.6,1PIN_A_L7V
1PIN,A,L,N,7,-9.8,1PIN_A_L7N
1PIN,A,P,A,8,-11.2,1PIN_A_P8A
1PIN,A,P,G,8,-10.9,1PIN_A_P8G
1PIN,A,P,A,9,-2.6,1PIN_A_P9A
1PIN,A,P,G,9,-5.5,1PIN_A_P9G
1PIN,A,G,A,10,-9.6,1PIN_A_G10A
1PIN,A,W,F,11,-23.6,1PIN_A_W11F
1PIN,A,E,A,12,-6,1PIN_A_E12A
1PIN,A,K,A,13,1,1PIN_A_K13A
1PIN,A,R,A,14,-19.4,1PIN_A_R14A
1PIN,A,M,A,15,-6.8,1PIN_A_M15A
1PIN,A,S,A,16,-4.6,1PIN_A_S16A
1PIN,A,S,G,16,-11,1PIN_A_S16G
1PIN,A,R,A,17,0.2,1PIN_A_R17A
1PIN,A,R,G,17,-1.3,1PIN_A_R17G
1PIN,A,S,A,18,-0.2,1PIN_A_S18A
1PIN,A,S,G,18,-2.1,1PIN_A_S18G
1PIN,A,S,A,19,-1.5,1PIN_A_S19A
1PIN,A,S,G,19,-2.6,1PIN_A_S19G
1PIN,A,G,A,20,-9.7,1PIN_A_G20A
1PIN,A,R,A,21,-7.7,1PIN_A_R21A
1PIN,A,R,G,21,-7.1,1PIN_A_R21G
1PIN,A,V,A,22,-4.4,1PIN_A_V22A
1PIN,A,Y,A,23,-24.7,1PIN_A_Y23A
1PIN,A,Y,L,23,-13.3,1PIN_A_Y23L
1PIN,A,Y,F,23,-5.8,1PIN_A_Y23F
1PIN,A,Y,F,24,-7.2,1PIN_A_Y24F
1PIN,A,Y,W,24,-5.7,1PIN_A_Y24W
1PIN,A,F,A,25,-26.1,1PIN_A_F25A
1PIN,A,F,L,25,-16.1,1PIN_A_F25L
1PIN,A,F,Y,25,3.4,1PIN_A_F25Y
1PIN,A,N,D,26,-22.6,1PIN_A_N26D
1PIN,A,H,A,27,-0.9,1PIN_A_H27A
1PIN,A,H,G,27,-8.1,1PIN_A_H27G
1PIN,A,I,A,28,-4.4,1PIN_A_I28A
1PIN,A,I,G,28,-11.4,1PIN_A_I28G
1PIN,A,T,A,29,-14.3,1PIN_A_T29A
1PIN,A,T,G,29,-24.2,1PIN_A_T29G
1PIN,A,T,S,29,-7.8,1PIN_A_T29S
1PIN,A,T,D,29,-15.7,1PIN_A_T29D
1PIN,A,N,A,30,-5.3,1PIN_A_N30A
1PIN,A,N,G,30,6.4,1PIN_A_N30G
1PIN,A,A,G,31,-17.7,1PIN_A_A31G
1PIN,A,S,A,32,-1.7,1PIN_A_S32A
1PIN,A,S,G,32,-8.5,1PIN_A_S32G
1PIN,A,Q,A,33,-5.5,1PIN_A_Q33A
1PIN,A,W,A,34,-5.7,1PIN_A_W34A
1PIN,A,W,F,34,-0.6,1PIN_A_W34F
1PIN,A,E,A,35,-8.3,1PIN_A_E35A
1PIN,A,R,A,36,-1.9,1PIN_A_R36A
1PIN,A,S,A,38,0.2,1PIN_A_S38A
1PIN,A,S,G,38,-0.4,1PIN_A_S38G
2AFG,A,F,W,132,1.3,2AFG_A_F132W
2AFG,A,F,W,85,-0.3,2AFG_A_F85W
1LNW,A,L,M,13,-8.8,1LNW_A_L13M
1LNW,A,R,W,21,15.3,1LNW_A_R21W
1LNW,A,G,E,58,7,1LNW_A_G58E
1LNW,A,R,W,70,0.8,1LNW_A_R70W
1H0C,A,G,R,41,-23.6,1H0C_A_G41R
1H0C,A,G,V,41,-16.3,1H0C_A_G41V
1STN,A,F,C,34,-13,1STN_A_F34C
1STN,A,L,C,36,-14,1STN_A_L36C
2DRI,A,L,C,62,-8.6,2DRI_A_L62C
2DRI,A,A,C,188,-6.6,2DRI_A_A188C
1JU3,A,T,R,172,3.78,1JU3_A_T172R
1JU3,A,G,Q,173,2.97,1JU3_A_G173Q
1JU3,A,L,K,169,6.3,1JU3_A_L169K
1UHG,A,S,A,165,-3.3,1UHG_A_S165A
1UHG,A,S,A,237,0.6,1UHG_A_S237A
1UHG,A,S,A,321,-5.1,1UHG_A_S321A
1UHG,A,R,A,143,-3.3,1UHG_A_R143A
1VII,A,P,A,62,-18.8,1VII_A_P62A
1VII,A,W,A,64,-11.9,1VII_A_W64A
1VII,A,W,K,64,-16.2,1VII_A_W64K
1DXX,A,Y,N,231,-15,1DXX_A_Y231N
3SSI,A,V,A,13,-13.7,3SSI_A_V13A
1BPI,A,T,M,32,-24.4,1BPI_A_T32M
2LZM,A,R,P,96,-16.6,2LZM_A_R96P
3SSI,A,V,M,13,-12.6,3SSI_A_V13M
1BPI,A,R,M,39,-17,1BPI_A_R39M
3SSI,A,V,F,13,-13.5,3SSI_A_V13F
1BNI,A,G,A,52,-13.3,1BNI_A_G52A
1PGA,A,A,K,23,-24,1PGA_A_A23K
1JK9,A,G,A,93,20,1JK9_A_G93A
1JK9,A,G,R,85,45,1JK9_A_G85R
1N18,A,H,R,46,5,1N18_A_H46R
1N18,A,V,I,148,3.4,1N18_A_V148I
1N18,A,G,R,85,-6.9,1N18_A_G85R
1N18,A,E,G,100,-14.4,1N18_A_E100G
1QQV,A,K,M,70,3.7,1QQV_A_K70M
1I3U,A,L,I,20,-14.2,1I3U_A_L20I
1I3U,A,R,K,38,-42.8,1I3U_A_R38K
1U0Q,A,D,E,86,-7.3,1U0Q_A_D86E
1G9E,A,M,A,83,-5.9,1G9E_A_M83A
1G9E,A,L,A,86,-6.6,1G9E_A_L86A
3FRL,A,Q,A,67,0,3FRL_A_Q67A
3FRL,A,S,A,247,0,3FRL_A_S247A
1OQO,A,V,A,146,-2.6,1OQO_A_V146A
1OQO,A,Q,E,230,-0.8,1OQO_A_Q230E
1OQO,A,S,P,237,-0.6,1OQO_A_S237P
1OQO,A,K,E,243,-0.8,1OQO_A_K243E
1OQO,A,K,Q,243,-0.3,1OQO_A_K243Q
1OQO,A,K,R,275,-1,1OQO_A_K275R
1OQO,A,S,F,283,-0.4,1OQO_A_S283F
1OQO,A,Q,L,301,-0.7,1OQO_A_Q301L
1OQO,A,N,D,304,-0.3,1OQO_A_N304D
1OQO,A,S,T,307,-0.5,1OQO_A_S307T
1OQO,A,T,I,320,-1.3,1OQO_A_T320I
1OQO,A,Q,K,321,-1.7,1OQO_A_Q321K
1OQO,A,Q,R,321,-1.6,1OQO_A_Q321R
1QQV,A,L,G,61,-41,1QQV_A_L61G
6DLO,B,G,R,2385,0.33,6DLO_B_G2385R
1AIK,N,A,D,578,-13,1AIK_N_A578D
1AIK,N,A,G,578,-4,1AIK_N_A578G
6RB9,A,Y,E,61,19.72,6RB9_A_Y61E
6RB9,A,Y,E,65,17.95,6RB9_A_Y65E
6RB9,A,Y,E,74,20.55,6RB9_A_Y74E
6RB9,A,Y,E,75,19.98,6RB9_A_Y75E
6RB9,A,Y,E,81,19.11,6RB9_A_Y81E
6RB9,A,F,E,82,19.4,6RB9_A_F82E
6RB9,A,Y,E,241,14.45,6RB9_A_Y241E
6RB9,A,F,E,244,9.73,6RB9_A_F244E
1BTL,A,E,L,48,0.3,1BTL_A_E48L
1BTL,A,G,A,78,1.5,1BTL_A_G78A
1BTL,A,S,H,82,2.2,1BTL_A_S82H
1BTL,A,F,Y,60,2.6,1BTL_A_F60Y
1BTL,A,G,D,92,4.1,1BTL_A_G92D
1K9Q,A,I,R,33,-1.3,1K9Q_A_I33R
1K9Q,A,L,I,30,11.8,1K9Q_A_L30I
1K9Q,A,Q,K,35,3.6,1K9Q_A_Q35K
1K9Q,A,T,R,36,-4.6,1K9Q_A_T36R
4WXQ,A,G,R,246,-10.5,4WXQ_A_G246R
4WXQ,A,G,R,252,-10,4WXQ_A_G252R
4WXQ,A,R,G,272,-12,4WXQ_A_R272G
4WXQ,A,D,A,273,-31.3,4WXQ_A_D273A
4WXQ,A,E,K,323,-9,4WXQ_A_E323K
4WXQ,A,G,V,364,-8,4WXQ_A_G364V
4WXQ,A,G,R,367,-10.3,4WXQ_A_G367R
4WXQ,A,T,M,377,-8.7,4WXQ_A_T377M
4WXQ,A,D,A,380,-6.4,4WXQ_A_D380A
4WXQ,A,D,A,384,-10.5,4WXQ_A_D384A
4WXQ,A,E,A,385,-13.3,4WXQ_A_E385A
4WXQ,A,K,E,423,-18.8,4WXQ_A_K423E
4WXQ,A,V,F,426,-11.5,4WXQ_A_V426F
4WXQ,A,A,T,427,-4.7,4WXQ_A_A427T
4WXQ,A,C,R,433,-12.6,4WXQ_A_C433R
4WXQ,A,Y,H,437,-12.7,4WXQ_A_Y437H
4WXQ,A,I,N,477,-15.3,4WXQ_A_I477N
4WXQ,A,I,S,477,-13.3,4WXQ_A_I477S
4WXQ,A,N,K,480,-10.6,4WXQ_A_N480K
4WXQ,A,P,L,481,-7.5,4WXQ_A_P481L
4WXQ,A,I,F,499,-10.2,4WXQ_A_I499F
4WXQ,A,S,P,502,-12,4WXQ_A_S502P
1M74,A,E,Q,208,-13,1M74_A_E208Q
2FSG,A,E,Q,210,-2,2FSG_A_E210Q
4G3H,A,E,A,153,-0.2,4G3H_A_E153A
4G3H,A,S,A,154,-1,4G3H_A_S154A
4G3H,A,E,A,155,-8.3,4G3H_A_E155A
4G3H,A,K,A,157,-2.3,4G3H_A_K157A
4G3H,A,W,F,159,-5.2,4G3H_A_W159F
4G3H,A,Q,A,160,-5.6,4G3H_A_Q160A
4G3H,A,K,A,161,-2.5,4G3H_A_K161A
4G3H,A,L,A,162,-2.7,4G3H_A_L162A
4G3H,A,C,A,163,-0.5,4G3H_A_C163A
4G3H,A,S,A,164,0.7,4G3H_A_S164A
4G3H,A,E,A,156,-9,4G3H_A_E156A
4G3H,A,W,A,159,-17,4G3H_A_W159A
4G3H,B,D,A,126,-7,4G3H_B_D126A
1C52,A,M,A,69,-2,1C52_A_M69A
1C52,A,M,H,69,4,1C52_A_M69H
1YNR,A,A,V,91,-7.5,1YNR_A_A91V
2PR5,A,H,K,22,1.1,2PR5_A_H22K
2PR5,A,H,W,22,-4.1,2PR5_A_H22W
2PR5,A,V,I,25,5.6,2PR5_A_V25I
2PR5,A,T,M,30,3.3,2PR5_A_T30M
2PR5,A,A,Y,33,-0.7,2PR5_A_A33Y
2PR5,A,T,M,50,12.9,2PR5_A_T50M
2PR5,A,T,Y,54,18.6,2PR5_A_T54Y
2PR5,A,A,M,81,5.5,2PR5_A_A81M
2PR5,A,V,L,88,16.6,2PR5_A_V88L
2PR5,A,V,I,90,24,2PR5_A_V90I
1MHP,L,A,V,25,-3,1MHP_L_A25V
1MHP,L,V,S,29,-4.4,1MHP_L_V29S
1MHP,L,V,T,29,-3,1MHP_L_V29T
1MHP,L,M,F,32,-6.2,1MHP_L_M32F
1MHP,L,M,H,34,-1.5,1MHP_L_M34H
1MHP,L,A,V,24,-1.3,1MHP_L_A24V
1MHP,L,F,L,29,-0.6,1MHP_L_F29L
1MHP,L,M,V,34,-2.3,1MHP_L_M34V
1MHP,L,M,I,34,-2.8,1MHP_L_M34I
2HRT,A,M,K,774,-3,2HRT_A_M774K
1G5A,A,D,A,152,0.2,1G5A_A_D152A
1G5A,A,D,E,152,-1.4,1G5A_A_D152E
1G5A,A,D,I,152,-1.6,1G5A_A_D152I
1G5A,A,Y,A,155,-1,1G5A_A_Y155A
1G5A,A,Y,F,155,-0.2,1G5A_A_Y155F
1G5A,A,Y,N,155,-1,1G5A_A_Y155N
1G5A,A,H,A,195,-1.6,1G5A_A_H195A
1G5A,A,H,C,195,-0.2,1G5A_A_H195C
1G5A,A,H,D,195,-3.4,1G5A_A_H195D
1G5A,A,H,F,195,-3.6,1G5A_A_H195F
1G5A,A,H,G,195,-2.8,1G5A_A_H195G
1G5A,A,H,I,195,-6.6,1G5A_A_H195I
1G5A,A,H,K,195,-0.4,1G5A_A_H195K
1G5A,A,H,L,195,-6.4,1G5A_A_H195L
1G5A,A,H,M,195,-0.2,1G5A_A_H195M
1G5A,A,H,N,195,-1.4,1G5A_A_H195N
1G5A,A,H,Q,195,-3,1G5A_A_H195Q
1G5A,A,H,R,195,-5,1G5A_A_H195R
1G5A,A,H,S,195,-0.8,1G5A_A_H195S
1G5A,A,H,T,195,-4,1G5A_A_H195T
1G5A,A,H,V,195,-4,1G5A_A_H195V
1G5A,A,H,W,195,-5.8,1G5A_A_H195W
1G5A,A,H,Y,195,-3.2,1G5A_A_H195Y
1G5A,A,F,A,258,-3.4,1G5A_A_F258A
1G5A,A,F,N,258,-3.2,1G5A_A_F258N
1G5A,A,F,Y,258,-0.8,1G5A_A_F258Y
1G5A,A,R,D,292,1.6,1G5A_A_R292D
1G5A,A,R,H,292,0.4,1G5A_A_R292H
1G5A,A,R,K,292,1.6,1G5A_A_R292K
1G5A,A,R,V,292,1.8,1G5A_A_R292V
1G5A,A,H,A,400,1,1G5A_A_H400A
1G5A,A,H,C,400,0.8,1G5A_A_H400C
1G5A,A,H,E,400,0.4,1G5A_A_H400E
1G5A,A,H,F,400,-2.4,1G5A_A_H400F
1G5A,A,H,G,400,0.8,1G5A_A_H400G
1G5A,A,H,I,400,-0.2,1G5A_A_H400I
1G5A,A,H,K,400,-1.6,1G5A_A_H400K
1G5A,A,H,L,400,-0.4,1G5A_A_H400L
1G5A,A,H,M,400,0.4,1G5A_A_H400M
1G5A,A,H,N,400,-0.2,1G5A_A_H400N
1G5A,A,H,P,400,2.2,1G5A_A_H400P
1G5A,A,H,Q,400,-0.4,1G5A_A_H400Q
1G5A,A,H,S,400,0.2,1G5A_A_H400S
1G5A,A,H,T,400,0.4,1G5A_A_H400T
1G5A,A,H,V,400,0.2,1G5A_A_H400V
1G5A,A,H,W,400,0.4,1G5A_A_H400W
1G5A,A,H,Y,400,2,1G5A_A_H400Y
1G5A,A,R,A,454,-0.2,1G5A_A_R454A
1G5A,A,R,E,454,-2.2,1G5A_A_R454E
1G5A,A,R,F,454,0.2,1G5A_A_R454F
1G5A,A,D,A,515,0.8,1G5A_A_D515A
1G5A,A,D,I,515,0.6,1G5A_A_D515I
1G5A,A,R,A,517,0,1G5A_A_R517A
2XIC,A,C,A,426,-1.7,2XIC_A_C426A
2XIC,A,N,A,715,-2.6,2XIC_A_N715A
2XIC,A,D,A,595,-5.9,2XIC_A_D595A
3DVI,A,H,D,92,-6.9,3DVI_A_H92D
3DVI,A,P,Q,101,4.1,3DVI_A_P101Q
3DVI,A,I,N,34,9.8,3DVI_A_I34N
1H0C,A,P,L,11,-8.3,1H0C_A_P11L
1H0C,A,I,M,340,14.1,1H0C_A_I340M
1H0C,A,H,R,83,-23.9,1H0C_A_H83R
1H0C,A,F,I,152,-9,1H0C_A_F152I
1H0C,A,G,R,170,-6.6,1H0C_A_G170R
1H0C,A,R,Q,197,-4.2,1H0C_A_R197Q
1H0C,A,I,T,244,-6.3,1H0C_A_I244T
1H0C,A,A,T,295,-4.6,1H0C_A_A295T
1H0C,A,P,L,319,-5.6,1H0C_A_P319L
1H0C,A,A,T,368,-5.6,1H0C_A_A368T
1NWW,A,S,R,12,0.2,1NWW_A_S12R
1NWW,A,K,P,13,-4,1NWW_A_K13P
1NWW,A,S,P,15,0.2,1NWW_A_S15P
1NWW,A,S,K,15,-0.3,1NWW_A_S15K
1NWW,A,A,R,16,-0.5,1NWW_A_A16R
1NWW,A,G,N,18,0.3,1NWW_A_G18N
1NWW,A,A,K,19,2.5,1NWW_A_A19K
1NWW,A,A,P,20,-2.1,1NWW_A_A20P
1NWW,A,D,R,24,-3.8,1NWW_A_D24R
1NWW,A,K,R,26,-0.8,1NWW_A_K26R
1NWW,A,I,M,27,-1.8,1NWW_A_I27M
1NWW,A,D,K,33,-1.5,1NWW_A_D33K
1NWW,A,D,R,33,-2.3,1NWW_A_D33R
1NWW,A,A,R,41,0,1NWW_A_A41R
1NWW,A,A,S,41,0.3,1NWW_A_A41S
1NWW,A,K,R,42,-1.3,1NWW_A_K42R
1NWW,A,E,K,45,2,1NWW_A_E45K
1NWW,A,E,R,45,-1,1NWW_A_E45R
1NWW,A,D,P,50,-6,1NWW_A_D50P
1NWW,A,Y,W,62,0,1NWW_A_Y62W
1NWW,A,D,E,65,0.5,1NWW_A_D65E
1NWW,A,A,P,66,0.8,1NWW_A_A66P
1NWW,A,E,Q,68,0.5,1NWW_A_E68Q
1NWW,A,Q,R,69,0.3,1NWW_A_Q69R
1NWW,A,A,R,72,-1.8,1NWW_A_A72R
1NWW,A,T,A,76,0.8,1NWW_A_T76A
1NWW,A,T,K,76,1.5,1NWW_A_T76K
1NWW,A,T,I,85,5.8,1NWW_A_T85I
1NWW,A,T,L,85,2.5,1NWW_A_T85L
1NWW,A,T,P,85,-6,1NWW_A_T85P
1NWW,A,T,V,85,6.8,1NWW_A_T85V
1NWW,A,N,K,92,7.3,1NWW_A_N92K
1NWW,A,N,R,92,1.8,1NWW_A_N92R
1NWW,A,L,F,94,0,1NWW_A_L94F
1NWW,A,Y,F,96,2.8,1NWW_A_Y96F
1NWW,A,L,R,106,-2.3,1NWW_A_L106R
1NWW,A,K,R,110,-1.5,1NWW_A_K110R
1NWW,A,S,K,111,-2.3,1NWW_A_S111K
1NWW,A,S,R,111,0,1NWW_A_S111R
1NWW,A,Q,V,121,-10,1NWW_A_Q121V
1NWW,A,L,F,122,-7.5,1NWW_A_L122F
1NWW,A,E,D,124,1.3,1NWW_A_E124D
1NWW,A,E,K,124,-1.3,1NWW_A_E124K
1NWW,A,E,R,124,-2.8,1NWW_A_E124R
1NWW,A,I,F,127,-2.5,1NWW_A_I127F
1NWW,A,A,R,142,-2.8,1NWW_A_A142R
1NWW,A,V,C,102,13.2,1NWW_A_V102C
3L81,A,D,A,190,-4.9,3L81_A_D190A
3L81,A,R,D,283,-3,3L81_A_R283D
1QQV,A,S,A,43,-9.4,1QQV_A_S43A
1QQV,A,T,V,54,-12.8,1QQV_A_T54V
1GS9,A,L,P,46,-3.3,1GS9_A_L46P
1ZDR,A,L,M,20,-4.8,1ZDR_A_L20M
1ZDR,A,A,Q,104,-3.6,1ZDR_A_A104Q
1ZDR,A,P,E,122,-0.9,1ZDR_A_P122E
1ZDR,A,P,D,129,-1.6,1ZDR_A_P129D
5JXB,A,D,G,332,-0.3,5JXB_A_D332G
5JXB,A,D,P,332,1.2,5JXB_A_D332P
3K82,A,E,L,334,-3,3K82_A_E334L
3K82,A,E,Q,334,-0.3,3K82_A_E334Q
3K82,A,E,R,401,12.8,3K82_A_E401R
1MJ5,A,L,S,3,-0.5,1MJ5_A_L3S
1MJ5,A,A,E,5,0.5,1MJ5_A_A5E
1MJ5,A,A,L,5,-1,1MJ5_A_A5L
1MJ5,A,K,E,6,0,1MJ5_A_K6E
1MJ5,A,E,T,15,1,1MJ5_A_E15T
1MJ5,A,R,L,20,-1,1MJ5_A_R20L
1MJ5,A,E,H,26,-1,1MJ5_A_E26H
1MJ5,A,E,I,26,0,1MJ5_A_E26I
1MJ5,A,E,Q,26,0,1MJ5_A_E26Q
1MJ5,A,E,R,26,-1,1MJ5_A_E26R
1MJ5,A,E,V,26,0,1MJ5_A_E26V
1MJ5,A,D,A,30,0,1MJ5_A_D30A
1MJ5,A,D,E,30,0,1MJ5_A_D30E
1MJ5,A,D,H,30,0,1MJ5_A_D30H
1MJ5,A,D,V,30,-2,1MJ5_A_D30V
1MJ5,A,Q,I,35,-0.5,1MJ5_A_Q35I
1MJ5,A,Q,L,35,-2.5,1MJ5_A_Q35L
1MJ5,A,Q,V,35,-2.5,1MJ5_A_Q35V
1MJ5,A,S,Q,41,-2,1MJ5_A_S41Q
1MJ5,A,S,A,42,-1.5,1MJ5_A_S42A
1MJ5,A,A,K,53,0,1MJ5_A_A53K
1MJ5,A,A,L,53,1,1MJ5_A_A53L
1MJ5,A,C,P,61,-0.5,1MJ5_A_C61P
1MJ5,A,D,H,68,1,1MJ5_A_D68H
1MJ5,A,D,L,68,-1.5,1MJ5_A_D68L
1MJ5,A,D,N,68,-0.5,1MJ5_A_D68N
1MJ5,A,E,H,78,0,1MJ5_A_E78H
1MJ5,A,E,T,78,-0.5,1MJ5_A_E78T
1MJ5,A,A,E,81,-3,1MJ5_A_A81E
1MJ5,A,A,K,81,1,1MJ5_A_A81K
1MJ5,A,A,N,81,0,1MJ5_A_A81N
1MJ5,A,A,P,81,-3,1MJ5_A_A81P
1MJ5,A,A,L,83,0.5,1MJ5_A_A83L
1MJ5,A,A,N,83,-1,1MJ5_A_A83N
1MJ5,A,R,L,86,-2,1MJ5_A_R86L
1MJ5,A,D,K,87,-1,1MJ5_A_D87K
1MJ5,A,D,L,87,0.5,1MJ5_A_D87L
1MJ5,A,A,H,95,-0.5,1MJ5_A_A95H
1MJ5,A,D,K,97,-0.5,1MJ5_A_D97K
1MJ5,A,D,N,97,-1,1MJ5_A_D97N
1MJ5,A,D,R,97,0,1MJ5_A_D97R
1MJ5,A,D,T,100,0,1MJ5_A_D100T
1MJ5,A,R,H,101,0,1MJ5_A_R101H
1MJ5,A,V,I,103,0,1MJ5_A_V103I
1MJ5,A,V,I,105,-1,1MJ5_A_V105I
1MJ5,A,V,L,106,-0.5,1MJ5_A_V106L
1MJ5,A,G,A,114,-1.5,1MJ5_A_G114A
1MJ5,A,E,S,123,0,1MJ5_A_E123S
1MJ5,A,A,V,129,-1,1MJ5_A_A129V
1MJ5,A,A,V,133,0,1MJ5_A_A133V
1MJ5,A,E,H,139,10.5,1MJ5_A_E139H
1MJ5,A,E,K,139,7.5,1MJ5_A_E139K
1MJ5,A,E,Q,139,7.5,1MJ5_A_E139Q
1MJ5,A,E,T,139,9.5,1MJ5_A_E139T
1MJ5,A,D,H,147,8.5,1MJ5_A_D147H
1MJ5,A,D,L,147,14,1MJ5_A_D147L
1MJ5,A,D,M,147,15,1MJ5_A_D147M
1MJ5,A,D,Y,147,14,1MJ5_A_D147Y
1MJ5,A,D,K,149,16.5,1MJ5_A_D149K
1MJ5,A,D,Q,149,11,1MJ5_A_D149Q
1MJ5,A,Q,L,152,10.5,1MJ5_A_Q152L
1MJ5,A,A,K,153,10,1MJ5_A_A153K
1MJ5,A,A,L,153,0,1MJ5_A_A153L
1MJ5,A,D,K,166,2.5,1MJ5_A_D166K
1MJ5,A,D,N,166,2,1MJ5_A_D166N
1MJ5,A,G,A,176,0.5,1MJ5_A_G176A
1MJ5,A,G,N,176,0,1MJ5_A_G176N
1MJ5,A,S,D,183,-1,1MJ5_A_S183D
1MJ5,A,A,P,185,-0.5,1MJ5_A_A185P
1MJ5,A,A,F,189,0.5,1MJ5_A_A189F
1MJ5,A,A,Y,189,0.5,1MJ5_A_A189Y
1MJ5,A,E,K,192,3,1MJ5_A_E192K
1MJ5,A,E,L,192,0.5,1MJ5_A_E192L
1MJ5,A,E,R,192,2.5,1MJ5_A_E192R
1MJ5,A,A,P,197,1.5,1MJ5_A_A197P
1MJ5,A,A,P,200,-0.5,1MJ5_A_A200P
1MJ5,A,A,G,214,0.5,1MJ5_A_A214G
1MJ5,A,A,E,218,0,1MJ5_A_A218E
1MJ5,A,A,P,218,0.5,1MJ5_A_A218P
1MJ5,A,D,Q,219,-1,1MJ5_A_D219Q
1MJ5,A,R,L,225,0.5,1MJ5_A_R225L
1MJ5,A,D,K,226,-0.5,1MJ5_A_D226K
1MJ5,A,G,A,229,0.5,1MJ5_A_G229A
1MJ5,A,G,D,229,0.5,1MJ5_A_G229D
1MJ5,A,G,E,229,0.5,1MJ5_A_G229E
1MJ5,A,G,H,229,1,1MJ5_A_G229H
1MJ5,A,G,N,229,0.5,1MJ5_A_G229N
1MJ5,A,G,Q,229,3,1MJ5_A_G229Q
1MJ5,A,G,R,229,0.5,1MJ5_A_G229R
1MJ5,A,G,S,229,1,1MJ5_A_G229S
1MJ5,A,G,T,229,0.5,1MJ5_A_G229T
1MJ5,A,E,H,233,0.5,1MJ5_A_E233H
1MJ5,A,E,Q,233,0.5,1MJ5_A_E233Q
1MJ5,A,E,S,233,0.5,1MJ5_A_E233S
1MJ5,A,E,T,233,0.5,1MJ5_A_E233T
1MJ5,A,E,I,244,-1,1MJ5_A_E244I
1MJ5,A,E,T,244,-0.5,1MJ5_A_E244T
1MJ5,A,E,V,244,-0.5,1MJ5_A_E244V
1MJ5,A,R,L,254,-1.5,1MJ5_A_R254L
1MJ5,A,D,A,255,0.5,1MJ5_A_D255A
1MJ5,A,D,K,255,-0.5,1MJ5_A_D255K
1MJ5,A,D,Q,255,-0.5,1MJ5_A_D255Q
1MJ5,A,C,A,257,-2.5,1MJ5_A_C257A
1MJ5,A,T,H,264,-1,1MJ5_A_T264H
1MJ5,A,T,L,264,-0.5,1MJ5_A_T264L
1MJ5,A,T,Q,264,-1,1MJ5_A_T264Q
1MJ5,A,A,P,269,-1,1MJ5_A_A269P
1MJ5,A,Q,P,275,-3,1MJ5_A_Q275P
1MJ5,A,P,A,279,-3,1MJ5_A_P279A
1MJ5,A,A,H,296,-1,1MJ5_A_A296H
1MJ5,A,A,R,296,-0.5,1MJ5_A_A296R
1MJ5,A,F,V,169,13,1MJ5_A_F169V
1MJ5,A,Q,K,172,10.5,1MJ5_A_Q172K
1MJ5,A,Q,N,210,7.5,1MJ5_A_Q210N
1MJ5,A,V,M,220,10,1MJ5_A_V220M
1MJ5,A,A,F,247,16.5,1MJ5_A_A247F
1MJ5,A,L,F,248,10.5,1MJ5_A_L248F
1MJ5,A,L,W,248,11,1MJ5_A_L248W
1MJ5,A,T,L,249,11.5,1MJ5_A_T249L
1MJ5,A,T,M,249,9.5,1MJ5_A_T249M
1MJ5,A,T,V,249,9,1MJ5_A_T249V
1MJ5,A,A,I,271,9.5,1MJ5_A_A271I
1MJ5,A,A,V,271,11,1MJ5_A_A271V
1TEN,A,Q,K,808,1.2,1TEN_A_Q808K
1TEN,A,L,K,820,-2,1TEN_A_L820K
1TEN,A,D,K,850,5,1TEN_A_D850K
1TEN,A,T,K,890,5.2,1TEN_A_T890K
1TEN,A,A,V,885,1.1,1TEN_A_A885V
1TEN,A,E,I,887,11.2,1TEN_A_E887I
1TEN,A,I,F,833,2.3,1TEN_A_I833F
1FH5,L,I,E,3,-9.5,1FH5_L_I3E
1FH5,L,T,S,103,-1.7,1FH5_L_T103S
1OPG,L,E,I,2,11.5,1OPG_L_E2I
1OPG,L,S,T,102,2.4,1OPG_L_S102T
4U7S,A,Y,P,59,3.9,4U7S_A_Y59P
4U7S,A,S,A,74,-0.5,4U7S_A_S74A
4U7S,A,Y,A,98,-9.5,4U7S_A_Y98A
4CHL,A,R,W,163,-10,4CHL_A_R163W
4CHL,A,R,Q,163,-7,4CHL_A_R163Q
1EW6,A,H,V,56,7,1EW6_A_H56V
1AG2,A,E,K,196,-2.3,1AG2_A_E196K
1AG2,A,F,H,198,-10.7,1AG2_A_F198H
1AG2,A,H,R,187,-4.3,1AG2_A_H187R
1AG2,A,H,Y,187,7.1,1AG2_A_H187Y
1AG2,A,Y,H,155,2.8,1AG2_A_Y155H
1H0C,A,Q,R,23,14.5,1H0C_A_Q23R
1H0C,A,S,H,48,15.5,1H0C_A_S48H
1H0C,A,S,H,50,-15,1H0C_A_S50H
1H0C,A,D,E,52,14.4,1H0C_A_D52E
1H0C,A,V,A,113,13.2,1H0C_A_V113A
4U2B,A,Q,L,110,0.6,4U2B_A_Q110L
4U2B,A,Y,C,137,-1.9,4U2B_A_Y137C
4U2B,A,K,D,154,2.7,4U2B_A_K154D
1D5R,A,C,S,124,0.5,1D5R_A_C124S
1D5R,A,N,T,82,-1.1,1D5R_A_N82T
1D5R,A,F,S,337,-8.1,1D5R_A_F337S
1D5R,A,H,R,93,-1.6,1D5R_A_H93R
1D5R,A,Y,C,176,-1.3,1D5R_A_Y176C
1D5R,A,E,G,157,-1.9,1D5R_A_E157G
3KS3,A,K,P,169,-1.4,3KS3_A_K169P
3KS3,A,E,P,233,0.8,3KS3_A_E233P
1AZV,A,D,A,91,-7.17,1AZV_A_D91A
1AZV,A,A,V,5,3.63,1AZV_A_A5V
1FTG,A,I,A,59,7.3,1FTG_A_I59A
1FTG,A,G,V,87,8.3,1FTG_A_G87V
1FTG,A,I,A,92,7.7,1FTG_A_I92A
1FTG,A,D,N,100,8.8,1FTG_A_D100N
1FTG,A,S,P,121,2.6,1FTG_A_S121P
1FTG,A,A,V,142,4.1,1FTG_A_A142V
1FTG,A,R,L,155,7.5,1FTG_A_R155L
1EZM,A,R,A,376,-7,1EZM_A_R376A
1EZM,A,D,A,386,-4,1EZM_A_D386A
1EZM,A,D,A,398,1,1EZM_A_D398A
1EZM,A,R,A,402,1,1EZM_A_R402A
3UUE,A,N,D,277,2,3UUE_A_N277D
3UUE,A,N,F,277,-16.3,3UUE_A_N277F
3UUE,A,N,L,277,-12,3UUE_A_N277L
3UUE,A,N,V,277,-13.5,3UUE_A_N277V
1NMV,A,W,L,11,-5.5,1NMV_A_W11L
1NMV,A,W,L,34,-3.7,1NMV_A_W34L
1NMV,A,W,L,73,-4.3,1NMV_A_W73L
5DFR,A,D,F,27,7.6,5DFR_A_D27F
5DFR,A,T,V,113,3.9,5DFR_A_T113V
5DFR,A,Q,D,108,1.6,5DFR_A_Q108D
5DFR,A,S,Y,138,1.5,5DFR_A_S138Y
5DFR,A,D,F,116,1.4,5DFR_A_D116F
5DFR,A,T,N,68,1.4,5DFR_A_T68N
5DFR,A,E,P,120,1.2,5DFR_A_E120P
5DFR,A,V,F,119,0.8,5DFR_A_V119F
5DFR,A,S,I,135,0.7,5DFR_A_S135I
5DFR,A,C,I,152,0.1,5DFR_A_C152I
5DFR,A,H,R,114,0,5DFR_A_H114R
5DFR,A,S,E,49,-0.6,5DFR_A_S49E
5DFR,A,H,E,141,-1.7,5DFR_A_H141E
5DFR,A,E,F,157,-1.8,5DFR_A_E157F
5DFR,A,G,W,15,-2.8,5DFR_A_G15W
5DFR,A,L,Y,156,-2.8,5DFR_A_L156Y
5DFR,A,E,V,139,-3.1,5DFR_A_E139V
5DFR,A,D,P,87,-3.1,5DFR_A_D87P
5DFR,A,G,P,43,-3.1,5DFR_A_G43P
5DFR,A,W,F,74,-3.6,5DFR_A_W74F
5DFR,A,G,H,67,-6,5DFR_A_G67H
5DFR,A,A,I,6,-6.9,5DFR_A_A6I
5DFR,A,H,F,141,-1.1,5DFR_A_H141F
5DFR,A,I,A,115,-5.6,5DFR_A_I115A
5DFR,A,I,V,115,-0.3,5DFR_A_I115V
5DFR,A,I,A,155,-13.2,5DFR_A_I155A
5DFR,A,I,L,155,-5.9,5DFR_A_I155L
5DFR,A,I,T,155,-8.3,5DFR_A_I155T
5DFR,A,I,V,61,1.7,5DFR_A_I61V
5DFR,A,I,L,91,-10.3,5DFR_A_I91L
5DFR,A,I,V,91,-2.6,5DFR_A_I91V
5DFR,A,L,V,112,-4.3,5DFR_A_L112V
5DFR,A,V,A,40,-8.5,5DFR_A_V40A
5DFR,A,V,H,75,-11.1,5DFR_A_V75H
5DFR,A,V,I,75,-12.5,5DFR_A_V75I
5DFR,A,V,I,88,-7.4,5DFR_A_V88I
5DFR,A,W,F,133,-5.4,5DFR_A_W133F
1FHL,A,D,N,74,0.65,1FHL_A_D74N
1FHL,A,Y,F,311,0.34,1FHL_A_Y311F
1FHL,A,D,N,198,0.53,1FHL_A_D198N
1FHL,A,G,A,322,1.1,1FHL_A_G322A
1GBG,A,K,S,49,14,1GBG_A_K49S
1GBG,A,K,S,146,14,1GBG_A_K146S
1GBG,A,K,S,194,13,1GBG_A_K194S
1PFL,A,C,G,70,-20.08,1PFL_A_C70G
1PFL,A,M,T,113,-11.98,1PFL_A_M113T
1PFL,A,E,G,116,-3.63,1PFL_A_E116G
1PFL,A,G,V,117,-11.84,1PFL_A_G117V
2NLU,A,P,A,24,-7,2NLU_A_P24A
6CMO,A,M,A,1,-0.2,6CMO_A_M1A
6CMO,A,G,A,2,-0.3,6CMO_A_G2A
6CMO,A,C,A,3,-0.2,6CMO_A_C3A
6CMO,A,T,A,4,-0.2,6CMO_A_T4A
6CMO,A,L,A,5,-1,6CMO_A_L5A
6CMO,A,S,A,6,-0.2,6CMO_A_S6A
6CMO,A,A,G,7,-0.2,6CMO_A_A7G
3UMR,A,E,A,8,-0.3,3UMR_A_E8A
3UMR,A,D,A,9,-0.4,3UMR_A_D9A
3UMR,A,K,A,10,-0.3,3UMR_A_K10A
3UMR,A,A,G,11,-0.2,3UMR_A_A11G
3UMR,A,A,G,12,0.4,3UMR_A_A12G
3UMR,A,V,A,13,-0.3,3UMR_A_V13A
3UMR,A,E,A,14,-0.3,3UMR_A_E14A
3UMR,A,R,A,15,-0.4,3UMR_A_R15A
3UMR,A,S,A,16,-0.5,3UMR_A_S16A
3UMR,A,K,A,17,-0.4,3UMR_A_K17A
3UMR,A,M,A,18,-0.3,3UMR_A_M18A
3UMR,A,I,A,19,-0.4,3UMR_A_I19A
3UMR,A,D,A,20,-0.6,3UMR_A_D20A
3UMR,A,R,A,21,-0.6,3UMR_A_R21A
3UMR,A,N,A,22,-0.4,3UMR_A_N22A
3UMR,A,L,A,23,-0.2,3UMR_A_L23A
3UMR,A,R,A,24,-0.4,3UMR_A_R24A
3UMR,A,E,A,25,0,3UMR_A_E25A
3UMR,A,D,A,26,-0.1,3UMR_A_D26A
3UMR,A,G,A,27,-0.5,3UMR_A_G27A
3UMR,A,E,A,28,-0.1,3UMR_A_E28A
3UMR,A,K,A,29,-0.8,3UMR_A_K29A
3UMR,A,A,G,30,-0.4,3UMR_A_A30G
3UMR,A,A,G,31,-0.4,3UMR_A_A31G
3UMR,A,R,A,32,-0.9,3UMR_A_R32A
3UMR,A,E,A,33,-1.5,3UMR_A_E33A
3UMR,A,V,A,34,-2.6,3UMR_A_V34A
3UMR,A,K,A,35,-1.3,3UMR_A_K35A
3UMR,A,L,A,36,-4.1,3UMR_A_L36A
3UMR,A,L,A,37,-1.2,3UMR_A_L37A
3UMR,A,L,A,38,-10.7,3UMR_A_L38A
3UMR,A,L,A,39,-0.2,3UMR_A_L39A
3UMR,A,G,A,40,-16.8,3UMR_A_G40A
3UMR,A,A,G,41,-1.9,3UMR_A_A41G
3UMR,A,G,A,42,2.3,3UMR_A_G42A
3UMR,A,E,A,43,-1,3UMR_A_E43A
3UMR,A,S,A,44,0,3UMR_A_S44A
3UMR,A,G,A,45,-0.6,3UMR_A_G45A
3UMR,A,K,A,46,-8.7,3UMR_A_K46A
3UMR,A,S,A,47,-1.1,3UMR_A_S47A
3UMR,A,T,A,48,-9.8,3UMR_A_T48A
3UMR,A,I,A,49,-18.2,3UMR_A_I49A
3UMR,A,V,A,50,-1.2,3UMR_A_V50A
3UMR,A,K,A,51,-8.3,3UMR_A_K51A
3UMR,A,Q,A,52,-3.4,3UMR_A_Q52A
3UMR,A,M,A,53,-8.2,3UMR_A_M53A
3UMR,A,K,A,54,-7.4,3UMR_A_K54A
3UMR,A,I,A,55,-8,3UMR_A_I55A
3UMR,A,I,A,56,-9.7,3UMR_A_I56A
3UMR,A,H,A,57,-0.5,3UMR_A_H57A
3UMR,A,E,A,58,0.7,3UMR_A_E58A
3UMR,A,A,G,59,3.6,3UMR_A_A59G
3UMR,A,G,A,60,-2.3,3UMR_A_G60A
3UMR,A,Y,A,61,-7.6,3UMR_A_Y61A
3UMR,A,S,A,62,-1.9,3UMR_A_S62A
3UMR,A,E,A,63,-1,3UMR_A_E63A
3UMR,A,E,A,64,-0.8,3UMR_A_E64A
3UMR,A,E,A,65,-3.2,3UMR_A_E65A
3UMR,A,C,A,66,-3.2,3UMR_A_C66A
3UMR,A,K,A,67,-0.9,3UMR_A_K67A
3UMR,A,Q,A,68,0,3UMR_A_Q68A
3UMR,A,Y,A,69,-5,3UMR_A_Y69A
3UMR,A,K,A,70,-1.4,3UMR_A_K70A
3UMR,A,A,G,71,-0.3,3UMR_A_A71G
3UMR,A,V,A,72,0.3,3UMR_A_V72A
3UMR,A,V,A,73,-6.4,3UMR_A_V73A
3UMR,A,Y,A,74,-3.6,3UMR_A_Y74A
3UMR,A,S,A,75,-0.1,3UMR_A_S75A
3UMR,A,N,A,76,-2.6,3UMR_A_N76A
3UMR,A,T,A,77,-1.5,3UMR_A_T77A
3UMR,A,I,A,78,-2.6,3UMR_A_I78A
3UMR,A,Q,A,79,-0.9,3UMR_A_Q79A
3UMR,A,S,A,80,-0.7,3UMR_A_S80A
3UMR,A,I,A,81,-2.6,3UMR_A_I81A
3UMR,A,I,A,82,-1.1,3UMR_A_I82A
3UMR,A,A,G,83,-2,3UMR_A_A83G
3UMR,A,I,A,84,-6.4,3UMR_A_I84A
3UMR,A,I,A,85,-4.2,3UMR_A_I85A
3UMR,A,R,A,86,-1.3,3UMR_A_R86A
3UMR,A,A,G,87,-2.2,3UMR_A_A87G
3UMR,A,M,A,88,-5.6,3UMR_A_M88A
3UMR,A,G,A,89,-0.4,3UMR_A_G89A
3UMR,A,R,A,90,-1.9,3UMR_A_R90A
3UMR,A,L,A,91,-4.2,3UMR_A_L91A
3UMR,A,K,A,92,-1.1,3UMR_A_K92A
3UMR,A,I,A,93,-5.1,3UMR_A_I93A
3UMR,A,D,A,94,-0.4,3UMR_A_D94A
3UMR,A,F,A,95,-8.9,3UMR_A_F95A
3UMR,A,G,A,96,-0.6,3UMR_A_G96A
3UMR,A,D,A,97,-1.3,3UMR_A_D97A
3UMR,A,S,A,98,0.4,3UMR_A_S98A
3UMR,A,A,G,99,-0.4,3UMR_A_A99G
3UMR,A,R,A,100,-0.9,3UMR_A_R100A
3UMR,A,A,G,101,-0.4,3UMR_A_A101G
3UMR,A,D,A,102,0.2,3UMR_A_D102A
3UMR,A,D,A,103,-6,3UMR_A_D103A
3UMR,A,A,G,104,-2.4,3UMR_A_A104G
3UMR,A,R,A,105,0,3UMR_A_R105A
3UMR,A,Q,A,106,0,3UMR_A_Q106A
3UMR,A,L,A,107,-4.3,3UMR_A_L107A
3UMR,A,F,A,108,-1.2,3UMR_A_F108A
3UMR,A,V,A,109,0.4,3UMR_A_V109A
3UMR,A,L,A,110,-0.9,3UMR_A_L110A
3UMR,A,A,G,111,-0.8,3UMR_A_A111G
3UMR,A,G,A,112,0,3UMR_A_G112A
3UMR,A,A,G,113,0.1,3UMR_A_A113G
3UMR,A,A,G,114,0.2,3UMR_A_A114G
3UMR,A,E,A,115,-0.4,3UMR_A_E115A
3UMR,A,E,A,116,0.1,3UMR_A_E116A
3UMR,A,G,A,117,-0.4,3UMR_A_G117A
3UMR,A,F,A,118,-0.2,3UMR_A_F118A
3UMR,A,M,A,119,-4.3,3UMR_A_M119A
3UMR,A,T,A,120,-1.2,3UMR_A_T120A
3UMR,A,A,G,121,-0.8,3UMR_A_A121G
3UMR,A,E,A,122,-1.1,3UMR_A_E122A
3UMR,A,L,A,123,-3,3UMR_A_L123A
3UMR,A,A,G,124,-1.9,3UMR_A_A124G
3UMR,A,G,A,125,-0.2,3UMR_A_G125A
3UMR,A,V,A,126,-0.9,3UMR_A_V126A
3UMR,A,I,A,127,-3.6,3UMR_A_I127A
3UMR,A,K,A,128,-1.2,3UMR_A_K128A
3UMR,A,R,A,129,-2.4,3UMR_A_R129A
3UMR,A,L,A,130,-9,3UMR_A_L130A
3UMR,A,W,A,131,-6.8,3UMR_A_W131A
3UMR,A,K,A,132,-0.2,3UMR_A_K132A
3UMR,A,D,A,133,-8.2,3UMR_A_D133A
3UMR,A,S,A,134,-0.4,3UMR_A_S134A
3UMR,A,G,A,135,-3.5,3UMR_A_G135A
3UMR,A,V,A,136,-4.5,3UMR_A_V136A
3UMR,A,Q,A,137,-3.4,3UMR_A_Q137A
3UMR,A,A,G,138,-2.4,3UMR_A_A138G
3UMR,A,C,A,139,-0.8,3UMR_A_C139A
3UMR,A,F,A,140,-2.9,3UMR_A_F140A
3UMR,A,N,A,141,-0.2,3UMR_A_N141A
3UMR,A,S,A,143,-0.4,3UMR_A_S143A
3UMR,A,R,A,144,-2.4,3UMR_A_R144A
3UMR,A,E,A,145,-1.3,3UMR_A_E145A
3UMR,A,Y,A,146,0.4,3UMR_A_Y146A
3UMR,A,Q,A,147,-0.4,3UMR_A_Q147A
3UMR,A,L,A,148,-0.9,3UMR_A_L148A
3UMR,A,N,A,149,-0.4,3UMR_A_N149A
3UMR,A,D,A,150,0.2,3UMR_A_D150A
3UMR,A,S,A,151,-6,3UMR_A_S151A
3UMR,A,A,G,152,-2.4,3UMR_A_A152G
3UMR,A,A,G,153,0,3UMR_A_A153G
3UMR,A,Y,A,154,0,3UMR_A_Y154A
3UMR,A,Y,A,155,-4.3,3UMR_A_Y155A
3UMR,A,L,A,156,-1.2,3UMR_A_L156A
3UMR,A,N,A,157,0.4,3UMR_A_N157A
3UMR,A,D,A,158,-0.9,3UMR_A_D158A
3UMR,A,L,A,159,-0.8,3UMR_A_L159A
3UMR,A,D,A,160,0,3UMR_A_D160A
3UMR,A,R,A,161,0.1,3UMR_A_R161A
3UMR,A,I,A,162,0.2,3UMR_A_I162A
3UMR,A,A,G,163,-0.4,3UMR_A_A163G
3UMR,A,Q,A,164,0.1,3UMR_A_Q164A
3UMR,A,P,A,165,-0.4,3UMR_A_P165A
3UMR,A,N,A,166,-0.2,3UMR_A_N166A
3UMR,A,Y,A,167,-4.3,3UMR_A_Y167A
3UMR,A,I,A,168,-1.2,3UMR_A_I168A
3UMR,A,P,A,169,-6.3,3UMR_A_P169A
3UMR,A,T,A,170,-4.8,3UMR_A_T170A
3UMR,A,Q,A,171,-2.1,3UMR_A_Q171A
3UMR,A,Q,A,172,-0.7,3UMR_A_Q172A
3UMR,A,D,A,173,-13.4,3UMR_A_D173A
3UMR,A,V,A,174,-5.7,3UMR_A_V174A
3UMR,A,L,A,175,-13.9,3UMR_A_L175A
3UMR,A,R,A,176,-5.6,3UMR_A_R176A
3UMR,A,T,A,177,1.8,3UMR_A_T177A
3UMR,A,R,A,178,-2,3UMR_A_R178A
3UMR,A,V,A,179,-1.4,3UMR_A_V179A
3UMR,A,K,A,180,-1.4,3UMR_A_K180A
3UMR,A,T,A,181,-1.1,3UMR_A_T181A
3UMR,A,T,A,182,-0.8,3UMR_A_T182A
3UMR,A,G,A,183,-1.9,3UMR_A_G183A
3UMR,A,I,A,184,-2.6,3UMR_A_I184A
3UMR,A,V,A,185,-1.9,3UMR_A_V185A
3UMR,A,E,A,186,-1.8,3UMR_A_E186A
3UMR,A,T,A,187,-0.7,3UMR_A_T187A
3UMR,A,H,A,188,-0.4,3UMR_A_H188A
3UMR,A,F,A,189,-11.4,3UMR_A_F189A
3UMR,A,T,A,190,-2.5,3UMR_A_T190A
3UMR,A,F,A,191,-1.5,3UMR_A_F191A
3UMR,A,K,A,192,-5.5,3UMR_A_K192A
3UMR,A,D,A,193,-1.3,3UMR_A_D193A
3UMR,A,L,A,194,-3.9,3UMR_A_L194A
3UMR,A,H,A,195,-2,3UMR_A_H195A
3UMR,A,F,A,196,-13.6,3UMR_A_F196A
3UMR,A,K,A,197,-1.3,3UMR_A_K197A
3UMR,A,M,A,198,-6.9,3UMR_A_M198A
3UMR,A,F,A,199,-4.1,3UMR_A_F199A
3UMR,A,D,A,200,5.8,3UMR_A_D200A
3UMR,A,V,A,201,-2.2,3UMR_A_V201A
6CMO,A,G,A,202,-0.6,6CMO_A_G202A
1KJY,A,G,A,203,-0.4,1KJY_A_G203A
1KJY,A,Q,A,204,0.5,1KJY_A_Q204A
1KJY,A,R,A,205,-0.4,1KJY_A_R205A
1KJY,A,S,A,206,-0.4,1KJY_A_S206A
1KJY,A,E,A,207,-0.7,1KJY_A_E207A
1KJY,A,R,A,208,-0.5,1KJY_A_R208A
1KJY,A,K,A,209,-0.2,1KJY_A_K209A
1KJY,A,K,A,210,-0.7,1KJY_A_K210A
1KJY,A,W,A,211,-1.5,1KJY_A_W211A
1KJY,A,I,A,212,-0.9,1KJY_A_I212A
1KJY,A,H,A,213,-0.3,1KJY_A_H213A
1KJY,A,C,A,214,-0.7,1KJY_A_C214A
3UMR,A,F,A,215,-0.8,3UMR_A_F215A
3UMR,A,E,A,216,-0.4,3UMR_A_E216A
3UMR,A,G,A,217,-0.7,3UMR_A_G217A
3UMR,A,V,A,218,-0.2,3UMR_A_V218A
3UMR,A,T,A,219,-0.8,3UMR_A_T219A
3UMR,A,A,G,220,-0.1,3UMR_A_A220G
3UMR,A,I,A,221,-1.3,3UMR_A_I221A
3UMR,A,I,A,222,-7.2,3UMR_A_I222A
3UMR,A,F,A,223,-4.2,3UMR_A_F223A
3UMR,A,C,A,224,-3.6,3UMR_A_C224A
3UMR,A,V,A,225,0.6,3UMR_A_V225A
3UMR,A,A,G,226,1.6,3UMR_A_A226G
3UMR,A,L,A,227,-4.9,3UMR_A_L227A
3UMR,A,S,A,228,-2.4,3UMR_A_S228A
3UMR,A,D,A,229,-0.2,3UMR_A_D229A
3UMR,A,D,A,231,-7.5,3UMR_A_D231A
3UMR,A,L,A,232,-2.5,3UMR_A_L232A
3UMR,A,V,A,233,-0.6,3UMR_A_V233A
1KJY,A,L,A,234,-0.5,1KJY_A_L234A
1KJY,A,A,G,235,-0.8,1KJY_A_A235G
1KJY,A,E,A,236,-1.9,1KJY_A_E236A
1KJY,A,D,A,237,-1.4,1KJY_A_D237A
3UMR,A,E,A,238,-0.7,3UMR_A_E238A
3UMR,A,E,A,239,-0.3,3UMR_A_E239A
3UMR,A,M,A,240,-0.9,3UMR_A_M240A
3UMR,A,N,A,241,-2.7,3UMR_A_N241A
3UMR,A,R,A,242,-3.9,3UMR_A_R242A
3UMR,A,M,A,243,-8.4,3UMR_A_M243A
3UMR,A,H,A,244,-2.9,3UMR_A_H244A
3UMR,A,E,A,245,-0.8,3UMR_A_E245A
3UMR,A,S,A,246,-0.6,3UMR_A_S246A
3UMR,A,M,A,247,-1.7,3UMR_A_M247A
3UMR,A,K,A,248,-0.3,3UMR_A_K248A
3UMR,A,L,A,249,-1.8,3UMR_A_L249A
3UMR,A,F,A,250,-13.5,3UMR_A_F250A
3UMR,A,D,A,251,-1.2,3UMR_A_D251A
3UMR,A,S,A,252,-1.3,3UMR_A_S252A
3UMR,A,I,A,253,-0.7,3UMR_A_I253A
3UMR,A,C,A,254,-1.3,3UMR_A_C254A
3UMR,A,N,A,255,-2.7,3UMR_A_N255A
3UMR,A,N,A,256,-0.2,3UMR_A_N256A
3UMR,A,K,A,257,-0.4,3UMR_A_K257A
6CMO,A,W,A,258,0.3,6CMO_A_W258A
3UMR,A,F,A,259,-1.7,3UMR_A_F259A
3UMR,A,T,A,260,-0.5,3UMR_A_T260A
3UMR,A,D,A,261,-1.4,3UMR_A_D261A
3UMR,A,T,A,262,-0.3,3UMR_A_T262A
3UMR,A,S,A,263,-1.5,3UMR_A_S263A
3UMR,A,I,A,264,-3.7,3UMR_A_I264A
3UMR,A,I,A,265,-0.4,3UMR_A_I265A
3UMR,A,L,A,266,-3.8,3UMR_A_L266A
3UMR,A,F,A,267,-6.2,3UMR_A_F267A
3UMR,A,L,A,268,-6.6,3UMR_A_L268A
3UMR,A,N,A,269,-21.2,3UMR_A_N269A
3UMR,A,K,A,271,-4.5,3UMR_A_K271A
3UMR,A,L,A,273,-5.7,3UMR_A_L273A
3UMR,A,F,A,274,-8.5,3UMR_A_F274A
3UMR,A,E,A,275,-0.2,3UMR_A_E275A
3UMR,A,E,A,276,-0.5,3UMR_A_E276A
3UMR,A,K,A,277,-4.9,3UMR_A_K277A
3UMR,A,I,A,278,-8.1,3UMR_A_I278A
3UMR,A,K,A,279,-0.9,3UMR_A_K279A
3UMR,A,K,A,280,-1.9,3UMR_A_K280A
3UMR,A,S,A,281,-2.1,3UMR_A_S281A
3UMR,A,P,A,282,-2.3,3UMR_A_P282A
3UMR,A,L,A,283,-13.3,3UMR_A_L283A
3UMR,A,T,A,284,-1.9,3UMR_A_T284A
3UMR,A,I,A,285,-2.7,3UMR_A_I285A
3UMR,A,C,A,286,-1.8,3UMR_A_C286A
3UMR,A,Y,A,287,-11.6,3UMR_A_Y287A
3UMR,A,P,A,288,-2.7,3UMR_A_P288A
3UMR,A,E,A,289,-0.5,3UMR_A_E289A
3UMR,A,Y,A,290,-9,3UMR_A_Y290A
3UMR,A,A,G,291,-0.1,3UMR_A_A291G
3UMR,A,G,A,292,-2.9,3UMR_A_G292A
3UMR,A,S,A,293,0.2,3UMR_A_S293A
3UMR,A,N,A,294,-1.4,3UMR_A_N294A
3UMR,A,T,A,295,-1.3,3UMR_A_T295A
3UMR,A,Y,A,296,-2.8,3UMR_A_Y296A
3UMR,A,E,A,297,1.6,3UMR_A_E297A
3UMR,A,E,A,298,-1.3,3UMR_A_E298A
3UMR,A,A,G,299,-0.5,3UMR_A_A299G
3UMR,A,A,G,300,1.2,3UMR_A_A300G
3UMR,A,A,G,301,-0.2,3UMR_A_A301G
3UMR,A,Y,A,302,-8.1,3UMR_A_Y302A
3UMR,A,I,A,303,-5.8,3UMR_A_I303A
3UMR,A,Q,A,304,-0.9,3UMR_A_Q304A
3UMR,A,C,A,305,0.2,3UMR_A_C305A
3UMR,A,Q,A,306,-0.9,3UMR_A_Q306A
3UMR,A,F,A,307,-8.8,3UMR_A_F307A
3UMR,A,E,A,308,-1.5,3UMR_A_E308A
3UMR,A,D,A,309,0.3,3UMR_A_D309A
3UMR,A,L,A,310,-2.3,3UMR_A_L310A
3UMR,A,N,A,311,-1,3UMR_A_N311A
3UMR,A,K,A,312,-0.1,3UMR_A_K312A
3UMR,A,R,A,313,0.6,3UMR_A_R313A
3UMR,A,K,A,314,-0.6,3UMR_A_K314A
3UMR,A,D,A,315,0.3,3UMR_A_D315A
3UMR,A,T,A,316,0.1,3UMR_A_T316A
3UMR,A,K,A,317,-1.7,3UMR_A_K317A
3UMR,A,E,A,318,0.1,3UMR_A_E318A
3UMR,A,I,A,319,-4.2,3UMR_A_I319A
3UMR,A,Y,A,320,-1.7,3UMR_A_Y320A
3UMR,A,T,A,321,-0.5,3UMR_A_T321A
3UMR,A,H,A,322,-1,3UMR_A_H322A
3UMR,A,F,A,323,-3.6,3UMR_A_F323A
3UMR,A,T,A,324,-4,3UMR_A_T324A
3UMR,A,C,A,325,-3.9,3UMR_A_C325A
3UMR,A,A,G,326,-4.3,3UMR_A_A326G
3UMR,A,T,A,327,-6.4,3UMR_A_T327A
3UMR,A,D,A,328,-7.4,3UMR_A_D328A
3UMR,A,T,A,329,-5.5,3UMR_A_T329A
3UMR,A,K,A,330,0.2,3UMR_A_K330A
3UMR,A,N,A,331,-2.8,3UMR_A_N331A
3UMR,A,V,A,332,-8.2,3UMR_A_V332A
3UMR,A,Q,A,333,-0.9,3UMR_A_Q333A
3UMR,A,F,A,334,1.8,3UMR_A_F334A
3UMR,A,V,A,335,0.4,3UMR_A_V335A
3UMR,A,D,A,337,-0.8,3UMR_A_D337A
3UMR,A,A,G,338,-2.8,3UMR_A_A338G
3UMR,A,V,A,339,-3,3UMR_A_V339A
3UMR,A,T,A,340,0.1,3UMR_A_T340A
3UMR,A,D,A,341,-2.1,3UMR_A_D341A
3UMR,A,V,A,342,-2.5,3UMR_A_V342A
3UMR,A,I,A,343,-5.4,3UMR_A_I343A
3UMR,A,I,A,344,-0.4,3UMR_A_I344A
3UMR,A,K,A,345,-0.7,3UMR_A_K345A
3UMR,A,N,A,346,-1.5,3UMR_A_N346A
3UMR,A,N,A,347,-1.6,3UMR_A_N347A
3UMR,A,L,A,348,-0.9,3UMR_A_L348A
3UMR,A,K,A,349,-1,3UMR_A_K349A
3UMR,A,D,A,350,-0.5,3UMR_A_D350A
3UMR,A,C,A,351,-0.2,3UMR_A_C351A
3UMR,A,G,A,352,-0.2,3UMR_A_G352A
3UMR,A,L,A,353,0,3UMR_A_L353A
3UMR,A,F,A,354,0,3UMR_A_F354A
1NAQ,A,S,V,11,17.1,1NAQ_A_S11V
1NAQ,A,E,V,61,15.4,1NAQ_A_E61V
1NAQ,A,T,K,17,21.6,1NAQ_A_T17K
1NAQ,A,S,D,48,19.8,1NAQ_A_S48D
4Y65,A,C,D,39,19.8,4Y65_A_C39D
1NAQ,A,S,K,48,26.6,1NAQ_A_S48K
4Y65,A,S,K,48,32.7,4Y65_A_S48K
1NAQ,A,H,K,72,32.8,1NAQ_A_H72K
1NAQ,A,S,K,82,31.3,1NAQ_A_S82K
1NAQ,A,S,R,82,31.5,1NAQ_A_S82R
1NAQ,A,T,R,88,32,1NAQ_A_T88R
1NAQ,A,Q,K,87,31.2,1NAQ_A_Q87K
1NAQ,A,S,R,110,31.7,1NAQ_A_S110R
5BV8,A,G,A,1324,3.65,5BV8_A_G1324A
5BV8,A,G,S,1324,5.3,5BV8_A_G1324S
3EZ8,A,D,V,468,4.5,3EZ8_A_D468V
3EZ8,A,D,A,468,5.9,3EZ8_A_D468A
5CG0,A,L,A,100,0.4,5CG0_A_L100A
5CG0,A,L,A,350,-2.5,5CG0_A_L350A
5CG0,A,L,A,389,0.4,5CG0_A_L389A
5CG0,A,Y,A,390,-3,5CG0_A_Y390A
5CG0,A,N,A,391,-1.6,5CG0_A_N391A
5CG0,A,S,A,247,-0.3,5CG0_A_S247A
5CG0,A,N,A,249,-7.5,5CG0_A_N249A
5CG0,A,F,A,251,-3.8,5CG0_A_F251A
5CG0,A,F,A,334,-3.1,5CG0_A_F334A
5CG0,A,S,A,358,-3.3,5CG0_A_S358A
5CG0,A,K,A,366,-4.5,5CG0_A_K366A
5CG0,A,Y,A,420,-9,5CG0_A_Y420A
5CG0,A,D,A,260,-6.4,5CG0_A_D260A
5CG0,A,E,A,261,-0.8,5CG0_A_E261A
5CG0,A,M,F,262,-0.3,5CG0_A_M262F
5CG0,A,A,F,263,-6.4,5CG0_A_A263F
5CG0,A,E,A,265,-1.1,5CG0_A_E265A
5CG0,A,L,A,335,-7.5,5CG0_A_L335A
5CG0,A,V,F,336,-16,5CG0_A_V336F
5CG0,A,S,F,337,-6.9,5CG0_A_S337F
1FH5,L,D,N,71,-1.2,1FH5_L_D71N
1FH5,L,G,E,58,-5.9,1FH5_L_G58E
1FH5,H,S,N,21,0.4,1FH5_H_S21N
1FH5,L,R,A,62,-19.8,1FH5_L_R62A
1FH5,H,D,N,70,-1.2,1FH5_H_D70N
1FH5,H,D,G,70,-10.7,1FH5_H_D70G
1FH5,H,D,Q,70,-2.9,1FH5_H_D70Q
1XXN,A,N,D,32,-2.1,1XXN_A_N32D
1XXN,A,S,E,27,-1.7,1XXN_A_S27E
1XXN,A,N,E,54,-1.4,1XXN_A_N54E
1XXN,A,S,E,22,0.2,1XXN_A_S22E
1XXN,A,N,R,181,0.6,1XXN_A_N181R
4FNG,A,L,M,364,7.7,4FNG_A_L364M
4FNG,A,E,K,530,5.1,4FNG_A_E530K
4FNG,A,G,D,554,7.5,4FNG_A_G554D
1X0J,A,D,N,160,-5.8,1X0J_A_D160N
1X0J,A,D,Y,160,-9.8,1X0J_A_D160Y
1X0J,A,D,N,161,-1.3,1X0J_A_D161N
1X0J,A,D,Y,161,-4.8,1X0J_A_D161Y
1X0J,A,E,K,140,-10.8,1X0J_A_E140K
1X0J,A,R,L,100,-5.8,1X0J_A_R100L
1X0J,A,Y,H,153,-7,1X0J_A_Y153H
2DVV,A,Q,H,443,-3,2DVV_A_Q443H
2DVV,A,R,W,419,-8,2DVV_A_R419W
3S92,A,H,R,395,-2.6,3S92_A_H395R
4BJX,A,A,V,89,0.1,4BJX_A_A89V
2OUO,A,A,D,420,-3,2OUO_A_A420D
2QTW,A,Q,H,152,0.9,2QTW_A_Q152H
2QTW,A,Q,N,152,-0.5,2QTW_A_Q152N
2QTW,B,S,A,386,1.3,2QTW_B_S386A
1PWX,A,S,K,2,1,1PWX_A_S2K
1PWX,A,T,I,3,0,1PWX_A_T3I
1PWX,A,T,V,3,0,1PWX_A_T3V
1PWX,A,T,F,7,0,1PWX_A_T7F
1PWX,A,T,M,7,0,1PWX_A_T7M
1PWX,A,S,A,17,0,1PWX_A_S17A
1PWX,A,S,A,22,-0.5,1PWX_A_S22A
1PWX,A,H,M,26,-0.5,1PWX_A_H26M
1PWX,A,H,Y,26,0.5,1PWX_A_H26Y
1PWX,A,T,L,27,0,1PWX_A_T27L
1PWX,A,T,M,27,0,1PWX_A_T27M
1PWX,A,T,V,27,-0.5,1PWX_A_T27V
1PWX,A,A,L,29,3,1PWX_A_A29L
1PWX,A,C,V,30,-1,1PWX_A_C30V
1PWX,A,H,L,31,0.5,1PWX_A_H31L
1PWX,A,E,P,33,-0.5,1PWX_A_E33P
1PWX,A,Q,D,37,0,1PWX_A_Q37D
1PWX,A,Q,E,37,0,1PWX_A_Q37E
1PWX,A,D,K,39,1.5,1PWX_A_D39K
1PWX,A,D,E,39,0,1PWX_A_D39E
1PWX,A,E,Q,42,-1,1PWX_A_E42Q
1PWX,A,E,M,42,1.5,1PWX_A_E42M
1PWX,A,A,H,45,2.5,1PWX_A_A45H
1PWX,A,A,K,45,0.5,1PWX_A_A45K
1PWX,A,A,L,45,-1,1PWX_A_A45L
1PWX,A,T,H,47,-1.5,1PWX_A_T47H
1PWX,A,T,S,47,-0.5,1PWX_A_T47S
1PWX,A,T,A,47,-2,1PWX_A_T47A
1PWX,A,T,K,47,1,1PWX_A_T47K
1PWX,A,Y,F,48,0.5,1PWX_A_Y48F
1PWX,A,M,F,54,-1.5,1PWX_A_M54F
1PWX,A,S,P,55,0,1PWX_A_S55P
1PWX,A,E,A,56,0,1PWX_A_E56A
1PWX,A,E,N,58,0,1PWX_A_E58N
1PWX,A,E,Q,58,2.5,1PWX_A_E58Q
1PWX,A,A,K,60,-4,1PWX_A_A60K
1PWX,A,A,L,60,-2,1PWX_A_A60L
1PWX,A,A,R,60,1.5,1PWX_A_A60R
1PWX,A,A,Y,60,-0.5,1PWX_A_A60Y
1PWX,A,E,K,61,3.5,1PWX_A_E61K
1PWX,A,E,Q,61,1.5,1PWX_A_E61Q
1PWX,A,E,R,61,-0.5,1PWX_A_E61R
1PWX,A,E,A,64,1,1PWX_A_E64A
1PWX,A,E,K,64,0,1PWX_A_E64K
1PWX,A,E,Q,64,1,1PWX_A_E64Q
1PWX,A,E,R,64,3,1PWX_A_E64R
1PWX,A,T,Q,67,-1.5,1PWX_A_T67Q
1PWX,A,S,K,68,0,1PWX_A_S68K
1PWX,A,S,N,68,0.5,1PWX_A_S68N
1PWX,A,S,Q,68,-2,1PWX_A_S68Q
1PWX,A,S,R,68,1.5,1PWX_A_S68R
1PWX,A,A,H,69,-0.5,1PWX_A_A69H
1PWX,A,A,K,69,-1.5,1PWX_A_A69K
1PWX,A,A,L,69,-0.5,1PWX_A_A69L
1PWX,A,A,M,69,-2.5,1PWX_A_A69M
1PWX,A,A,R,69,0.5,1PWX_A_A69R
1PWX,A,Y,F,70,0.5,1PWX_A_Y70F
1PWX,A,V,I,75,0,1PWX_A_V75I
1PWX,A,V,I,77,-1,1PWX_A_V77I
1PWX,A,D,E,80,-5,1PWX_A_D80E
1PWX,A,D,V,80,-1,1PWX_A_D80V
1PWX,A,F,W,82,-6,1PWX_A_F82W
1PWX,A,A,M,83,0.5,1PWX_A_A83M
1PWX,A,A,N,83,-2,1PWX_A_A83N
1PWX,A,A,Q,83,0.5,1PWX_A_A83Q
1PWX,A,E,K,85,0,1PWX_A_E85K
1PWX,A,E,Y,85,-0.5,1PWX_A_E85Y
1PWX,A,F,W,86,-0.5,1PWX_A_F86W
1PWX,A,Q,L,87,-2.5,1PWX_A_Q87L
1PWX,A,Q,R,87,3.5,1PWX_A_Q87R
1PWX,A,D,E,90,-2,1PWX_A_D90E
1PWX,A,K,Q,91,-4,1PWX_A_K91Q
1PWX,A,A,K,93,5.5,1PWX_A_A93K
1PWX,A,A,N,93,4,1PWX_A_A93N
1PWX,A,A,T,93,4.5,1PWX_A_A93T
1PWX,A,V,L,94,-1.5,1PWX_A_V94L
1PWX,A,D,H,96,-9,1PWX_A_D96H
1PWX,A,R,I,98,-0.5,1PWX_A_R98I
1PWX,A,R,L,98,0,1PWX_A_R98L
1PWX,A,G,A,99,1,1PWX_A_G99A
1PWX,A,G,D,99,0,1PWX_A_G99D
1PWX,A,G,H,99,0,1PWX_A_G99H
1PWX,A,G,R,99,-9.5,1PWX_A_G99R
1PWX,A,E,M,102,-0.5,1PWX_A_E102M
1PWX,A,A,Q,103,-4,1PWX_A_A103Q
1PWX,A,A,Y,103,-4.5,1PWX_A_A103Y
1PWX,A,R,Q,107,0,1PWX_A_R107Q
1PWX,A,L,W,111,-8,1PWX_A_L111W
1PWX,A,N,H,113,-2,1PWX_A_N113H
1PWX,A,N,Q,113,-3.5,1PWX_A_N113Q
1PWX,A,S,A,117,-1.5,1PWX_A_S117A
1PWX,A,S,K,117,0,1PWX_A_S117K
1PWX,A,K,H,123,0.5,1PWX_A_K123H
1PWX,A,H,V,126,-0.5,1PWX_A_H126V
1PWX,A,H,Y,126,-1.5,1PWX_A_H126Y
1PWX,A,T,I,134,-1.5,1PWX_A_T134I
1PWX,A,T,L,134,0.5,1PWX_A_T134L
1PWX,A,T,V,134,3,1PWX_A_T134V
1PWX,A,T,W,134,-1,1PWX_A_T134W
1PWX,A,F,W,136,-4.5,1PWX_A_F136W
1PWX,A,K,P,140,-10.5,1PWX_A_K140P
1PWX,A,K,S,140,-2.5,1PWX_A_K140S
1PWX,A,E,Q,141,-9,1PWX_A_E141Q
1PWX,A,S,A,143,-5,1PWX_A_S143A
1PWX,A,S,V,143,-5.5,1PWX_A_S143V
1PWX,A,T,I,144,-8,1PWX_A_T144I
1PWX,A,C,H,153,-11.5,1PWX_A_C153H
1PWX,A,C,I,153,-5,1PWX_A_C153I
1PWX,A,C,L,153,-2,1PWX_A_C153L
1PWX,A,C,N,153,13.5,1PWX_A_C153N
1PWX,A,C,V,153,-14.5,1PWX_A_C153V
1PWX,A,T,I,154,-3,1PWX_A_T154I
1PWX,A,T,K,154,-11.5,1PWX_A_T154K
1PWX,A,T,L,154,-6.5,1PWX_A_T154L
1PWX,A,T,R,154,-16.5,1PWX_A_T154R
1PWX,A,T,V,154,-3,1PWX_A_T154V
1PWX,A,N,F,157,-1,1PWX_A_N157F
1PWX,A,N,H,157,1.5,1PWX_A_N157H
1PWX,A,N,R,157,-5,1PWX_A_N157R
1PWX,A,N,W,157,-9,1PWX_A_N157W
1PWX,A,A,V,158,6,1PWX_A_A158V
1PWX,A,S,A,160,-0.5,1PWX_A_S160A
1PWX,A,K,F,161,-1,1PWX_A_K161F
1PWX,A,E,A,165,0.5,1PWX_A_E165A
1PWX,A,E,P,165,-7.5,1PWX_A_E165P
1PWX,A,D,F,182,-2,1PWX_A_D182F
1PWX,A,T,K,189,-12.5,1PWX_A_T189K
1PWX,A,E,L,190,0.5,1PWX_A_E190L
1PWX,A,E,T,190,1.5,1PWX_A_E190T
1PWX,A,K,L,193,0,1PWX_A_K193L
1PWX,A,T,Q,194,-4,1PWX_A_T194Q
1PWX,A,N,D,195,-1.5,1PWX_A_N195D
1PWX,A,N,H,195,-0.5,1PWX_A_N195H
1PWX,A,N,V,195,-6,1PWX_A_N195V
1PWX,A,E,K,197,2.5,1PWX_A_E197K
1PWX,A,H,M,198,-10,1PWX_A_H198M
1PWX,A,H,Y,198,-2.5,1PWX_A_H198Y
1PWX,A,V,I,199,1.5,1PWX_A_V199I
1PWX,A,V,K,199,1.5,1PWX_A_V199K
1PWX,A,A,Y,200,-2.5,1PWX_A_A200Y
1PWX,A,V,L,205,-1.5,1PWX_A_V205L
1PWX,A,Q,H,209,-7,1PWX_A_Q209H
1PWX,A,T,D,213,-3,1PWX_A_T213D
1PWX,A,T,N,213,-3.5,1PWX_A_T213N
1PWX,A,E,N,219,-1.5,1PWX_A_E219N
1PWX,A,S,K,228,-0.5,1PWX_A_S228K
1PWX,A,S,R,228,-0.5,1PWX_A_S228R
1PWX,A,C,A,229,-4.5,1PWX_A_C229A
1PWX,A,D,N,230,-3,1PWX_A_D230N
1PWX,A,V,I,236,1.5,1PWX_A_V236I
1PWX,A,P,A,244,2,1PWX_A_P244A
1PWX,A,E,P,247,1,1PWX_A_E247P
1PWX,A,E,Y,247,-2,1PWX_A_E247Y
1PWX,A,P,G,253,-0.5,1PWX_A_P253G
1PWX,A,P,S,253,-2.5,1PWX_A_P253S
1BTL,A,G,S,234,-3.42,1BTL_A_G234S
1BTL,A,M,T,180,5.98,1BTL_A_M180T
1BTL,A,E,K,102,-0.12,1BTL_A_E102K
1BTL,A,A,S,40,0.78,1BTL_A_A40S
1QGD,A,D,K,143,-0.5,1QGD_A_D143K
1QGD,A,I,H,189,1.9,1QGD_A_I189H
1QGD,A,H,P,192,3.6,1QGD_A_H192P
1QGD,A,A,P,282,4.5,1QGD_A_A282P
1PRG,A,Q,P,286,-1.5,1PRG_A_Q286P
1PRG,A,R,H,288,0.5,1PRG_A_R288H
1PRG,A,V,M,290,0,1PRG_A_V290M
1PRG,A,R,A,357,-1.5,1PRG_A_R357A
1PRG,A,F,L,360,-3,1PRG_A_F360L
1PRG,A,P,L,467,0.5,1PRG_A_P467L
1PRG,A,E,K,460,-5.5,1PRG_A_E460K
3IU0,A,S,P,2,0.5,3IU0_A_S2P
1HRC,A,T,V,50,1.9,1HRC_A_T50V
1HRC,A,M,A,81,5,1HRC_A_M81A
2BB2,A,W,C,59,-10,2BB2_A_W59C
2BB2,A,W,C,151,-18.7,2BB2_A_W151C
1HRC,A,L,V,94,-4.6,1HRC_A_L94V
1HRC,A,L,I,94,-3.8,1HRC_A_L94I
3MUD,A,A,T,18,-4.8,3MUD_A_A18T
1TGL,A,E,R,324,1.2,1TGL_A_E324R
1TGL,A,E,M,324,1.3,1TGL_A_E324M
1TGL,A,E,F,324,1.6,1TGL_A_E324F
1TGL,A,E,Y,324,2.1,1TGL_A_E324Y
1TGL,A,T,I,116,2.4,1TGL_A_T116I
1TGL,A,E,P,324,2.5,1TGL_A_E324P
1TGL,A,E,W,324,2.7,1TGL_A_E324W
1TGL,A,E,C,324,3.3,1TGL_A_E324C
1TGL,A,E,T,324,3.8,1TGL_A_E324T
1TGL,A,T,K,112,4.5,1TGL_A_T112K
1TGL,A,E,L,324,5.4,1TGL_A_E324L
1TGL,A,E,V,324,5.4,1TGL_A_E324V
1TGL,A,E,I,324,5.7,1TGL_A_E324I
1XZO,A,F,W,42,4.3,1XZO_A_F42W
1XZO,A,W,F,101,-9.2,1XZO_A_W101F
1XZO,A,W,A,36,-20.2,1XZO_A_W36A
1XZO,A,W,F,36,-9.9,1XZO_A_W36F
2KS4,A,E,A,2,1,2KS4_A_E2A
2KS4,A,D,A,9,-6,2KS4_A_D9A
1GWY,A,A,D,8,5,1GWY_A_A8D
4KBQ,A,E,K,28,-3.6,4KBQ_A_E28K
4KBQ,A,N,S,65,0,4KBQ_A_N65S
4KBQ,A,A,D,79,-7.6,4KBQ_A_A79D
4KBQ,A,A,T,79,-1.5,4KBQ_A_A79T
4KBQ,A,L,V,123,-6.9,4KBQ_A_L123V
4KBQ,A,N,I,130,-1.4,4KBQ_A_N130I
4KBQ,A,K,Q,145,-2.3,4KBQ_A_K145Q
4KBQ,A,W,C,147,-1.8,4KBQ_A_W147C
4KBQ,A,L,F,165,-2.3,4KBQ_A_L165F
4KBQ,A,M,I,211,2.1,4KBQ_A_M211I
4KBQ,A,S,T,236,-0.7,4KBQ_A_S236T
4KBQ,A,M,T,240,4.5,4KBQ_A_M240T
4KBQ,A,T,M,246,-11.9,4KBQ_A_T246M
4NC0,B,T,R,103,0.9,4NC0_B_T103R
4NC0,B,T,R,56,-1,4NC0_B_T56R
4NC0,B,Q,K,101,3.2,4NC0_B_Q101K
4NC0,B,T,K,103,0.3,4NC0_B_T103K
4NC0,A,T,R,54,-2.7,4NC0_A_T54R
4NC0,B,T,K,58,-1.3,4NC0_B_T58K
4NC0,B,T,I,56,-1.7,4NC0_B_T56I
4NC0,B,T,M,103,-0.8,4NC0_B_T103M
4NC0,B,N,R,109,-0.6,4NC0_B_N109R
4NC0,B,T,W,103,-0.7,4NC0_B_T103W
4NC0,B,D,R,107,-7.4,4NC0_B_D107R
4NC0,B,D,N,107,-3.3,4NC0_B_D107N
4NC0,B,E,Q,110,-0.1,4NC0_B_E110Q
4NC0,A,T,W,54,-4.2,4NC0_A_T54W
4NC0,A,T,Y,54,-2.2,4NC0_A_T54Y
4NC0,B,D,Y,107,-4.8,4NC0_B_D107Y
4NC0,B,R,W,104,-0.9,4NC0_B_R104W
4NC0,A,S,R,53,-4.2,4NC0_A_S53R
4NC0,B,Q,L,106,1.8,4NC0_B_Q106L
4NC0,B,Q,W,106,1.5,4NC0_B_Q106W
4NC0,B,Q,Y,106,0.8,4NC0_B_Q106Y
4NC0,B,Q,F,106,2.8,4NC0_B_Q106F
2JK2,A,C,Y,41,-12.6,2JK2_A_C41Y
2JK2,A,G,A,72,-11.7,2JK2_A_G72A
2JK2,A,E,D,104,-13.5,2JK2_A_E104D
2JK2,A,G,R,122,-2.9,2JK2_A_G122R
2JK2,A,V,M,154,-2.4,2JK2_A_V154M
2JK2,A,I,V,170,-0.1,2JK2_A_I170V
2JK2,A,V,M,231,-9.4,2JK2_A_V231M
2JK2,A,F,L,240,-9.9,2JK2_A_F240L
1IHG,A,K,A,308,-0.07,1IHG_A_K308A
1IHG,A,K,A,227,0.12,1IHG_A_K227A
1HN0,A,E,A,138,0,1HN0_A_E138A
1HN0,A,E,K,138,0,1HN0_A_E138K
1HN0,A,E,D,138,-6,1HN0_A_E138D
1HN0,A,E,P,138,2,1HN0_A_E138P
1I1N,A,A,V,65,-3.4,1I1N_A_A65V
1I1N,A,A,V,150,-4.5,1I1N_A_A150V
1I1N,A,P,H,174,0.5,1I1N_A_P174H
1I1N,A,L,S,191,-5.1,1I1N_A_L191S
1I1N,A,R,K,36,-5.2,1I1N_A_R36K
1I1N,A,R,A,36,-1.4,1I1N_A_R36A
1I1N,A,R,C,36,-1,1I1N_A_R36C
1I1N,A,A,V,1,-0.6,1I1N_A_A1V
1I1N,A,A,P,7,-1.3,1I1N_A_A7P
1I1N,A,R,H,17,-5,1I1N_A_R17H
1I1N,A,A,S,33,-2.4,1I1N_A_A33S
1I1N,A,H,N,38,-2.6,1I1N_A_H38N
1I1N,A,I,V,58,-1.3,1I1N_A_I58V
1I1N,A,F,L,72,0.3,1I1N_A_F72L
1I1N,A,A,G,79,-2.6,1I1N_A_A79G
1I1N,A,V,I,119,1.6,1I1N_A_V119I
1I1N,A,K,R,124,-0.2,1I1N_A_K124R
1I1N,A,P,S,162,-0.1,1I1N_A_P162S
4EYB,A,D,N,95,3,4EYB_A_D95N
4EYB,A,M,L,154,3.5,4EYB_A_M154L
4EYB,A,A,V,233,2,4EYB_A_A233V
4EYB,A,E,K,152,3.5,4EYB_A_E152K
4EYB,A,M,V,154,1.5,4EYB_A_M154V
4EYB,A,D,G,130,3.5,4EYB_A_D130G
4BVM,A,F,A,58,-6,4BVM_A_F58A
4BVM,A,P,G,39,-6,4BVM_A_P39G
4BVM,A,I,N,43,-17,4BVM_A_I43N
4BVM,A,T,P,51,-24,4BVM_A_T51P
4BVM,A,I,T,52,-13,4BVM_A_I52T
1ABZ,A,L,V,32,-27,1ABZ_A_L32V
1ABZ,A,L,V,11,-6,1ABZ_A_L11V
1ABZ,A,E,L,15,4,1ABZ_A_E15L
1ABZ,A,E,F,15,2,1ABZ_A_E15F
1ABZ,A,E,L,35,6,1ABZ_A_E35L
1R2Y,A,R,E,244,-12.2,1R2Y_A_R244E
5M10,A,W,Y,492,0.83,5M10_A_W492Y
5M10,A,F,D,248,-4.84,5M10_A_F248D
5M10,A,L,A,437,2.66,5M10_A_L437A
3MON,A,W,C,3,-4,3MON_A_W3C
3MON,A,R,G,39,2,3MON_A_R39G
1IV9,A,S,Y,76,10,1IV9_A_S76Y
4FMP,A,L,F,184,0.9,4FMP_A_L184F
4FMP,A,A,F,187,3.4,4FMP_A_A187F
4FMP,A,L,F,360,3.3,4FMP_A_L360F
5ZNO,A,Q,A,138,1.4,5ZNO_A_Q138A
5ZNO,A,E,R,184,-2,5ZNO_A_E184R
5ZNO,A,Q,E,110,3.5,5ZNO_A_Q110E
5ZNO,A,N,D,133,4.5,5ZNO_A_N133D
5ZNO,A,Q,E,141,4.8,5ZNO_A_Q141E
5ZNO,A,N,D,168,0.1,5ZNO_A_N168D
5ZNO,A,N,A,168,0.1,5ZNO_A_N168A
5ZNO,A,Q,E,209,2.7,5ZNO_A_Q209E
5ZNO,A,Q,H,123,2.7,5ZNO_A_Q123H
5ZNO,A,N,H,202,6.5,5ZNO_A_N202H
1BOF,A,W,F,211,-4,1BOF_A_W211F
1BOF,A,W,F,131,2,1BOF_A_W131F
1BOF,A,W,F,258,3,1BOF_A_W258F
1AZT,A,W,F,154,2,1AZT_A_W154F
1AZT,A,W,F,234,-6,1AZT_A_W234F
1AZT,A,W,F,277,7,1AZT_A_W277F
1AZT,A,W,F,281,1,1AZT_A_W281F
1GIA,A,W,F,211,-12,1GIA_A_W211F
1GIA,A,W,F,131,3,1GIA_A_W131F
1GIA,A,W,F,258,10,1GIA_A_W258F
1SS8,A,K,E,4,-5,1SS8_A_K4E
1SS8,A,D,K,523,-4,1SS8_A_D523K
1SS8,A,D,C,473,1,1SS8_A_D473C
1CF1,A,R,A,175,-11.7,1CF1_A_R175A
1CF1,A,G,A,297,-11.6,1CF1_A_G297A
1CF1,A,V,A,247,-9.9,1CF1_A_V247A
1CF1,A,F,A,380,-9,1CF1_A_F380A
1CF1,A,D,A,303,-9,1CF1_A_D303A
1CF1,A,A,G,307,-6.9,1CF1_A_A307G
1CF1,A,F,A,13,-6.8,1CF1_A_F13A
1CF1,A,R,A,66,-5.7,1CF1_A_R66A
1CF1,A,D,A,296,-4.8,1CF1_A_D296A
1CF1,A,G,A,144,-4.4,1CF1_A_G144A
1CF1,A,R,A,171,-4,1CF1_A_R171A
1CF1,A,V,A,170,-4,1CF1_A_V170A
1CF1,A,T,A,304,-3.9,1CF1_A_T304A
1CF1,A,L,A,111,-3.2,1CF1_A_L111A
1CF1,A,Y,A,25,-2.9,1CF1_A_Y25A
1CF1,A,V,A,11,-2.6,1CF1_A_V11A
1CF1,A,R,A,382,-2.4,1CF1_A_R382A
1CF1,A,V,A,376,-1.8,1CF1_A_V376A
1CF1,A,L,A,173,-1.8,1CF1_A_L173A
1CF1,A,E,A,341,-1.6,1CF1_A_E341A
1CF1,A,R,A,291,-1.1,1CF1_A_R291A
1CF1,A,F,A,375,-0.9,1CF1_A_F375A
1CF1,A,V,A,44,-0.1,1CF1_A_V44A
1CF1,A,K,A,298,0.1,1CF1_A_K298A
1CF1,A,F,A,377,1.8,1CF1_A_F377A
3VUB,A,I,K,24,1.3,3VUB_A_I24K
3VUB,A,I,T,24,-1.4,3VUB_A_I24T
3VUB,A,D,P,67,-5.3,3VUB_A_D67P
3VUB,A,G,C,100,-4.2,3VUB_A_G100C
3VUB,A,G,Y,100,-0.1,3VUB_A_G100Y
3VUB,A,V,L,20,-21.2,3VUB_A_V20L
3VUB,A,V,D,33,4.5,3VUB_A_V33D
3VUB,A,I,E,90,-18.9,3VUB_A_I90E
5O30,A,T,F,123,11,5O30_A_T123F
5O30,A,T,W,123,13.3,5O30_A_T123W
5O30,A,T,G,123,6.5,5O30_A_T123G
5O30,A,R,G,208,3,5O30_A_R208G
5O30,A,G,A,171,3,5O30_A_G171A
5O30,A,T,H,123,14,5O30_A_T123H
5O30,A,T,Y,123,14,5O30_A_T123Y
5O30,A,C,S,147,12.5,5O30_A_C147S
5O30,A,C,V,147,8,5O30_A_C147V
5O30,A,C,I,147,3,5O30_A_C147I
5O30,A,C,F,147,3,5O30_A_C147F
5O30,A,V,W,120,6,5O30_A_V120W
1EKG,A,D,G,104,3,1EKG_A_D104G
1EKG,A,A,V,107,-3,1EKG_A_A107V
1EKG,A,F,L,109,-11.4,1EKG_A_F109L
1EKG,A,Y,S,123,-14.4,1EKG_A_Y123S
1EKG,A,S,I,161,-11,1EKG_A_S161I
1EKG,A,S,F,181,-11.1,1EKG_A_S181F
1EKG,A,S,F,202,-0.3,1EKG_A_S202F
4IDL,A,N,D,27,7,4IDL_A_N27D
4IDL,A,R,I,71,4,4IDL_A_R71I
4TYU,A,S,I,25,0,4TYU_A_S25I
4TYU,A,F,A,29,-1,4TYU_A_F29A
4TYU,A,F,L,29,0,4TYU_A_F29L
4TYU,A,P,S,55,-2,4TYU_A_P55S
4TYU,A,Y,A,59,-3,4TYU_A_Y59A
4TYU,A,Y,P,59,-1,4TYU_A_Y59P
4TYU,A,R,A,70,-11,4TYU_A_R70A
4TYU,A,S,A,74,-2,4TYU_A_S74A
4TYU,A,A,R,75,-1,4TYU_A_A75R
4TYU,A,Y,A,98,-10,4TYU_A_Y98A
4TYU,A,D,A,102,-1,4TYU_A_D102A
4TYU,A,D,R,102,-12,4TYU_A_D102R
4TYU,A,K,G,104,-7,4TYU_A_K104G
4TYU,A,M,A,111,-9,4TYU_A_M111A
4TYU,A,M,T,111,-9,4TYU_A_M111T
4TYU,A,V,A,116,-5,4TYU_A_V116A
4TYU,A,V,Y,116,-6,4TYU_A_V116Y
12CA,A,H,Y,94,-16,12CA_A_H94Y
12CA,A,G,R,144,-10,12CA_A_G144R
4L00,A,I,F,597,-4,4L00_A_I597F
4L00,A,K,A,622,13,4L00_A_K622A
1EKG,A,L,C,198,-3.3,1EKG_A_L198C
1EKG,A,L,C,200,-7.1,1EKG_A_L200C
1EKG,A,L,C,203,1.6,1EKG_A_L203C
1SH7,A,N,P,142,2.9,1SH7_A_N142P
1SH7,A,I,P,144,3.2,1SH7_A_I144P
1SH7,A,N,P,377,-1.2,1SH7_A_N377P
1SH7,A,T,P,404,-0.3,1SH7_A_T404P
2V0U,A,C,A,450,3.3,2V0U_A_C450A
6TQ3,A,L,F,150,14.25,6TQ3_A_L150F
6TQ3,A,G,A,149,9.5,6TQ3_A_G149A
6TQ3,A,M,K,157,8,6TQ3_A_M157K
6TQ3,A,S,E,197,6.17,6TQ3_A_S197E
6TQ3,A,V,L,238,7,6TQ3_A_V238L
6TQ3,A,G,A,159,5.5,6TQ3_A_G159A
6TQ3,A,N,R,212,5,6TQ3_A_N212R
6TQ3,A,T,V,194,4,6TQ3_A_T194V
6TQ3,A,V,L,193,3.5,6TQ3_A_V193L
6TQ3,A,V,P,217,3,6TQ3_A_V217P
2M3T,A,S,C,39,-6.2,2M3T_A_S39C
2JIE,A,N,Y,223,3.98,2JIE_A_N223Y
2JIE,A,E,A,167,8.65,2JIE_A_E167A
2JIE,A,N,R,223,1.72,2JIE_A_N223R
2JIE,A,N,G,223,2.25,2JIE_A_N223G
2JIE,A,T,A,221,2.29,2JIE_A_T221A
2JIE,A,C,A,170,7.35,2JIE_A_C170A
2JIE,A,W,R,402,4.13,2JIE_A_W402R
2JIE,A,N,H,223,1.57,2JIE_A_N223H
2JIE,A,C,Q,170,3.13,2JIE_A_C170Q
2JIE,A,W,F,123,6.24,2JIE_A_W123F
2JIE,A,H,R,104,3.21,2JIE_A_H104R
2JIE,A,I,E,247,-2.09,2JIE_A_I247E
2JIE,A,Y,A,297,-1.94,2JIE_A_Y297A
2JIE,A,W,H,123,3.64,2JIE_A_W123H
2JIE,A,I,N,247,-3.09,2JIE_A_I247N
2JIE,A,S,A,19,-1.33,2JIE_A_S19A
2JIE,A,S,A,403,2.1,2JIE_A_S403A
2JIE,A,E,S,426,-0.45,2JIE_A_E426S
2JIE,A,E,A,409,3.84,2JIE_A_E409A
2JIE,A,W,Y,412,-3.18,2JIE_A_W412Y
2JIE,A,N,A,407,9.14,2JIE_A_N407A
2JIE,A,L,R,174,-1.1,2JIE_A_L174R
2JIE,A,R,D,243,-2.75,2JIE_A_R243D
2JIE,A,N,C,407,2.72,2JIE_A_N407C
2JIE,A,N,C,296,1.97,2JIE_A_N296C
2JIE,A,F,A,418,0.61,2JIE_A_F418A
2JIE,A,R,A,243,1.68,2JIE_A_R243A
2JIE,A,Q,S,22,-3.11,2JIE_A_Q22S
2JIE,A,W,C,402,1.77,2JIE_A_W402C
2JIE,A,N,A,223,-1.64,2JIE_A_N223A
2JIE,A,L,A,174,-2.37,2JIE_A_L174A
2JIE,A,E,D,409,-3.04,2JIE_A_E409D
2JIE,A,W,R,328,-2.53,2JIE_A_W328R
2JIE,A,T,A,18,-3.22,2JIE_A_T18A
2JIE,A,W,A,328,-3.41,2JIE_A_W328A
2JIE,A,S,A,17,-1.92,2JIE_A_S17A
2JIE,A,M,A,326,-2.81,2JIE_A_M326A
2JIE,A,S,A,334,-4.26,2JIE_A_S334A
2JIE,A,R,K,243,-1.77,2JIE_A_R243K
2JIE,A,E,H,225,-5.02,2JIE_A_E225H
2JIE,A,Y,F,297,-1.73,2JIE_A_Y297F
2JIE,A,E,D,157,4.3,2JIE_A_E157D
2JIE,A,N,A,296,2.35,2JIE_A_N296A
2JIE,A,W,H,328,-4.48,2JIE_A_W328H
2JIE,A,W,C,328,-4.07,2JIE_A_W328C
2JIE,A,T,A,355,-5.9,2JIE_A_T355A
2JIE,A,N,C,166,-5.17,2JIE_A_N166C
2JIE,A,N,A,166,-2.07,2JIE_A_N166A
2JIE,A,Y,A,21,-5.7,2JIE_A_Y21A
2JIE,A,M,A,224,1.98,2JIE_A_M224A
2JIE,A,E,A,225,-8.89,2JIE_A_E225A
2BHL,A,N,D,126,-3.4,2BHL_A_N126D
2BHL,A,N,Y,126,-5.6,2BHL_A_N126Y
2BHL,A,R,C,387,-8.8,2BHL_A_R387C
4OZF,A,R,K,113,-1.8,4OZF_A_R113K
4OZF,A,D,S,151,-1.6,4OZF_A_D151S
4OZF,A,T,I,132,0.8,4OZF_A_T132I
4OZF,A,A,T,172,2.6,4OZF_A_A172T
4OZF,A,S,F,121,5.2,4OZF_A_S121F
4OZF,A,K,A,138,1,4OZF_A_K138A
4OZF,A,K,N,138,0.6,4OZF_A_K138N
4PCP,A,H,R,23,9.9,4PCP_A_H23R
4PCP,A,P,R,224,2.3,4PCP_A_P224R
1VII,A,R,M,55,-5.7,1VII_A_R55M
1VII,A,D,N,44,-15.2,1VII_A_D44N
1VII,A,E,Q,45,-4.3,1VII_A_E45Q
1VII,A,D,N,46,-8.1,1VII_A_D46N
1VII,A,K,M,48,5,1VII_A_K48M
1VII,A,R,K,55,-4.9,1VII_A_R55K
1VII,A,K,M,65,4.2,1VII_A_K65M
1VII,A,K,M,70,9.2,1VII_A_K70M
1VII,A,K,E,70,-6.3,1VII_A_K70E
1VII,A,K,M,71,1.8,1VII_A_K71M
1VII,A,E,Q,72,0.6,1VII_A_E72Q
1VII,A,K,M,73,-3.5,1VII_A_K73M
1VII,A,N,A,68,3.1,1VII_A_N68A
1TGL,A,N,W,280,-3.1,1TGL_A_N280W
1TGL,A,N,W,358,-2.7,1TGL_A_N358W
1TGL,A,T,W,112,-2.2,1TGL_A_T112W
1TGL,A,D,L,332,-2.5,1TGL_A_D332L
1TGL,A,D,R,332,-2.8,1TGL_A_D332R
1TGL,A,T,I,112,-3,1TGL_A_T112I
1TGL,A,D,F,332,-3,1TGL_A_D332F
1TGL,A,E,I,314,-2.7,1TGL_A_E314I
1TGL,A,D,L,320,-3.3,1TGL_A_D320L
1TGL,A,D,P,332,-3.8,1TGL_A_D332P
1TGL,A,D,W,332,-4.5,1TGL_A_D332W
1TGL,A,D,Y,332,-5.4,1TGL_A_D332Y
1TGL,A,E,V,314,-5.3,1TGL_A_E314V
1TGL,A,S,Y,208,-5.5,1TGL_A_S208Y
1TGL,A,S,V,208,-4.9,1TGL_A_S208V
1TGL,A,S,F,208,-6.4,1TGL_A_S208F
1TGL,A,N,L,214,-7.5,1TGL_A_N214L
1TGL,A,A,L,102,-8.8,1TGL_A_A102L
1TGL,A,N,L,280,-10,1TGL_A_N280L
1TGL,A,N,L,321,-13,1TGL_A_N321L
1TGL,A,N,R,214,-13.6,1TGL_A_N214R
1TGL,A,S,W,208,3.9,1TGL_A_S208W
1TGL,A,Q,I,327,2.3,1TGL_A_Q327I
1ARR,A,P,A,8,15.1,1ARR_A_P8A
1ARR,A,S,A,35,4.4,1ARR_A_S35A
1ARR,A,N,A,11,3.1,1ARR_A_N11A
1ARR,A,K,A,6,0.6,1ARR_A_K6A
1ARR,A,R,A,16,0.5,1ARR_A_R16A
1ARR,A,M,A,4,0.2,1ARR_A_M4A
1ARR,A,E,A,27,-0.2,1ARR_A_E27A
1ARR,A,K,A,2,-0.3,1ARR_A_K2A
1ARR,A,Q,A,9,-0.6,1ARR_A_Q9A
1ARR,A,G,A,3,-0.9,1ARR_A_G3A
1ARR,A,M,A,1,-1,1ARR_A_M1A
1ARR,A,S,A,5,-1.5,1ARR_A_S5A
1ARR,A,R,A,13,-1.7,1ARR_A_R13A
1ARR,A,E,A,17,-2,1ARR_A_E17A
1ARR,A,E,A,43,-2.9,1ARR_A_E43A
1ARR,A,M,A,7,-3.5,1ARR_A_M7A
1ARR,A,D,A,20,-3.7,1ARR_A_D20A
1ARR,A,L,A,19,-11.7,1ARR_A_L19A
1ARR,A,F,A,10,-19.6,1ARR_A_F10A
1ARR,A,N,A,34,5.1,1ARR_A_N34A
1ARR,A,Q,A,39,3.5,1ARR_A_Q39A
1ARR,A,G,A,52,3,1ARR_A_G52A
1ARR,A,K,A,46,-0.8,1ARR_A_K46A
1ARR,A,R,A,23,-1.2,1ARR_A_R23A
1ARR,A,K,A,24,-1.6,1ARR_A_K24A
1ARR,A,E,A,28,-2.2,1ARR_A_E28A
1ARR,A,I,A,51,-7,1ARR_A_I51A
1ARR,A,G,A,49,-9.2,1ARR_A_G49A
1ARR,A,G,A,30,-10,1ARR_A_G30A
1ARR,A,R,A,50,-10,1ARR_A_R50A
1ARR,A,K,A,47,-10.7,1ARR_A_K47A
1ARR,A,P,A,15,-11.3,1ARR_A_P15A
1ARR,A,L,A,12,-15.6,1ARR_A_L12A
1ARR,A,L,A,21,-18.3,1ARR_A_L21A
1ARR,A,R,A,31,-20.8,1ARR_A_R31A
1ARR,A,M,A,42,-22.3,1ARR_A_M42A
1ARR,A,Y,A,38,-24.9,1ARR_A_Y38A
1ARR,A,W,A,14,-26.4,1ARR_A_W14A
1ARR,A,R,A,40,-26.7,1ARR_A_R40A
1ARR,A,V,A,25,0.3,1ARR_A_V25A
1ARR,A,V,A,18,-2.1,1ARR_A_V18A
1ARR,A,V,A,33,-13.8,1ARR_A_V33A
1ARR,A,S,A,32,-24.4,1ARR_A_S32A
1A5E,A,T,R,18,-1,1A5E_A_T18R
1A5E,A,L,S,37,4.3,1A5E_A_L37S
1A5E,A,A,E,73,0.2,1A5E_A_A73E
1A5E,A,L,R,121,4.4,1A5E_A_L121R
1A5E,A,L,K,65,1.2,1A5E_A_L65K
1A5E,A,L,G,78,0.9,1A5E_A_L78G
1A5E,A,V,K,95,1,1A5E_A_V95K
1A5E,A,W,D,15,2.2,1A5E_A_W15D
1A5E,A,R,D,124,-0.4,1A5E_A_R124D
1A5E,A,R,E,128,1.6,1A5E_A_R128E
1MJ5,A,L,W,177,10.13,1MJ5_A_L177W
6TQ3,A,P,K,7,1,6TQ3_A_P7K
6TQ3,A,P,R,7,0.83,6TQ3_A_P7R
6TQ3,A,L,P,9,0.67,6TQ3_A_L9P
6TQ3,A,N,K,10,-0.67,6TQ3_A_N10K
6TQ3,A,N,Y,10,0.17,6TQ3_A_N10Y
6TQ3,A,A,V,11,-0.33,6TQ3_A_A11V
6TQ3,A,V,I,13,-0.67,6TQ3_A_V13I
6TQ3,A,S,A,17,1,6TQ3_A_S17A
6TQ3,A,S,D,17,4,6TQ3_A_S17D
6TQ3,A,S,N,17,0.17,6TQ3_A_S17N
6TQ3,A,R,D,18,7.17,6TQ3_A_R18D
6TQ3,A,E,K,22,-1,6TQ3_A_E22K
6TQ3,A,E,Y,22,-2,6TQ3_A_E22Y
6TQ3,A,S,A,25,2.67,6TQ3_A_S25A
6TQ3,A,Q,K,27,1.5,6TQ3_A_Q27K
6TQ3,A,Q,N,27,-1,6TQ3_A_Q27N
6TQ3,A,Q,Y,27,-2.33,6TQ3_A_Q27Y
6TQ3,A,A,K,30,1.5,6TQ3_A_A30K
6TQ3,A,A,Q,30,-0.67,6TQ3_A_A30Q
6TQ3,A,E,L,31,1.75,6TQ3_A_E31L
6TQ3,A,E,Q,31,1.5,6TQ3_A_E31Q
6TQ3,A,Y,L,33,-1,6TQ3_A_Y33L
6TQ3,A,T,V,36,-2.5,6TQ3_A_T36V
6TQ3,A,S,D,39,7.83,6TQ3_A_S39D
6TQ3,A,S,N,39,-1.17,6TQ3_A_S39N
6TQ3,A,R,E,40,7,6TQ3_A_R40E
6TQ3,A,R,P,40,3.83,6TQ3_A_R40P
6TQ3,A,G,D,41,1.25,6TQ3_A_G41D
6TQ3,A,G,E,41,2.5,6TQ3_A_G41E
6TQ3,A,G,N,41,2.5,6TQ3_A_G41N
6TQ3,A,Q,E,44,3.5,6TQ3_A_Q44E
6TQ3,A,E,L,46,0.75,6TQ3_A_E46L
6TQ3,A,K,L,49,-0.83,6TQ3_A_K49L
6TQ3,A,K,R,49,0.17,6TQ3_A_K49R
6TQ3,A,V,I,55,1.25,6TQ3_A_V55I
6TQ3,A,V,K,55,1.25,6TQ3_A_V55K
6TQ3,A,Q,E,57,1.5,6TQ3_A_Q57E
6TQ3,A,Q,P,57,0.75,6TQ3_A_Q57P
6TQ3,A,T,R,60,2,6TQ3_A_T60R
6TQ3,A,H,K,62,-0.5,6TQ3_A_H62K
6TQ3,A,H,Y,62,0.5,6TQ3_A_H62Y
6TQ3,A,Q,I,65,-1.25,6TQ3_A_Q65I
6TQ3,A,V,P,71,1,6TQ3_A_V71P
6TQ3,A,A,L,74,-2.25,6TQ3_A_A74L
6TQ3,A,A,T,74,-1,6TQ3_A_A74T
6TQ3,A,G,A,75,1.67,6TQ3_A_G75A
6TQ3,A,G,L,75,3,6TQ3_A_G75L
6TQ3,A,S,L,76,-0.33,6TQ3_A_S76L
6TQ3,A,S,R,76,0.83,6TQ3_A_S76R
6TQ3,A,A,V,80,-3.75,6TQ3_A_A80V
6TQ3,A,S,E,86,0,6TQ3_A_S86E
6TQ3,A,D,L,88,-2,6TQ3_A_D88L
6TQ3,A,V,L,89,-3,6TQ3_A_V89L
6TQ3,A,V,I,91,-0.5,6TQ3_A_V91I
6TQ3,A,S,A,92,-1,6TQ3_A_S92A
6TQ3,A,S,E,92,12.17,6TQ3_A_S92E
6TQ3,A,S,N,92,0.5,6TQ3_A_S92N
6TQ3,A,S,A,97,2.83,6TQ3_A_S97A
6TQ3,A,S,K,97,-0.75,6TQ3_A_S97K
6TQ3,A,A,K,103,-4.17,6TQ3_A_A103K
6TQ3,A,A,P,103,-3.25,6TQ3_A_A103P
6TQ3,A,A,R,103,-2.67,6TQ3_A_A103R
6TQ3,A,A,D,106,0,6TQ3_A_A106D
6TQ3,A,A,P,106,1,6TQ3_A_A106P
6TQ3,A,A,E,108,-1.17,6TQ3_A_A108E
6TQ3,A,A,P,108,0.67,6TQ3_A_A108P
6TQ3,A,D,E,109,0.83,6TQ3_A_D109E
6TQ3,A,Q,K,111,-1,6TQ3_A_Q111K
6TQ3,A,M,L,113,-0.5,6TQ3_A_M113L
6TQ3,A,T,E,115,-1,6TQ3_A_T115E
6TQ3,A,T,K,115,-0.5,6TQ3_A_T115K
6TQ3,A,T,R,115,1.33,6TQ3_A_T115R
6TQ3,A,T,I,119,2.83,6TQ3_A_T119I
6TQ3,A,T,L,119,2.17,6TQ3_A_T119L
6TQ3,A,T,Q,119,-0.33,6TQ3_A_T119Q
6TQ3,A,K,I,126,2.5,6TQ3_A_K126I
6TQ3,A,A,K,127,-2.25,6TQ3_A_A127K
6TQ3,A,V,I,128,1.83,6TQ3_A_V128I
6TQ3,A,V,L,128,2.33,6TQ3_A_V128L
6TQ3,A,V,M,128,-0.83,6TQ3_A_V128M
6TQ3,A,K,R,130,0.33,6TQ3_A_K130R
6TQ3,A,A,K,131,-2.17,6TQ3_A_A131K
6TQ3,A,S,A,133,-0.5,6TQ3_A_S133A
6TQ3,A,S,Q,133,-0.33,6TQ3_A_S133Q
6TQ3,A,D,K,134,0.67,6TQ3_A_D134K
6TQ3,A,K,R,135,-2.25,6TQ3_A_K135R
6TQ3,A,Q,G,138,-0.75,6TQ3_A_Q138G
6TQ3,A,T,K,139,2,6TQ3_A_T139K
6TQ3,A,T,R,139,2,6TQ3_A_T139R
6TQ3,A,T,L,148,1,6TQ3_A_T148L
6TQ3,A,T,N,148,2.83,6TQ3_A_T148N
6TQ3,A,G,P,149,1.5,6TQ3_A_G149P
6TQ3,A,G,V,149,-4,6TQ3_A_G149V
6TQ3,A,R,M,153,2.75,6TQ3_A_R153M
6TQ3,A,A,F,155,14,6TQ3_A_A155F
6TQ3,A,A,Y,155,4.5,6TQ3_A_A155Y
6TQ3,A,P,K,156,-1,6TQ3_A_P156K
6TQ3,A,V,I,158,-4,6TQ3_A_V158I
6TQ3,A,V,M,158,3,6TQ3_A_V158M
6TQ3,A,S,A,162,-5.5,6TQ3_A_S162A
6TQ3,A,D,L,169,-10,6TQ3_A_D169L
6TQ3,A,P,R,181,-0.5,6TQ3_A_P181R
6TQ3,A,K,R,182,-1.5,6TQ3_A_K182R
6TQ3,A,N,V,185,-1.5,6TQ3_A_N185V
6TQ3,A,V,I,186,-4,6TQ3_A_V186I
6TQ3,A,C,T,188,-6,6TQ3_A_C188T
6TQ3,A,S,A,190,-3.25,6TQ3_A_S190A
6TQ3,A,S,L,190,1.25,6TQ3_A_S190L
6TQ3,A,V,I,193,3.5,6TQ3_A_V193I
6TQ3,A,T,I,194,-6,6TQ3_A_T194I
6TQ3,A,R,L,195,-3.75,6TQ3_A_R195L
6TQ3,A,T,I,196,-4.75,6TQ3_A_T196I
6TQ3,A,S,L,197,3.5,6TQ3_A_S197L
6TQ3,A,M,G,198,-2.5,6TQ3_A_M198G
6TQ3,A,D,R,203,-1,6TQ3_A_D203R
6TQ3,A,D,S,203,0.25,6TQ3_A_D203S
6TQ3,A,L,F,209,2.5,6TQ3_A_L209F
6TQ3,A,I,L,211,2.5,6TQ3_A_I211L
6TQ3,A,N,L,212,-1.25,6TQ3_A_N212L
6TQ3,A,N,P,212,4.75,6TQ3_A_N212P
6TQ3,A,D,E,218,-0.75,6TQ3_A_D218E
6TQ3,A,D,Q,222,5.25,6TQ3_A_D222Q
6TQ3,A,T,A,225,-1.75,6TQ3_A_T225A
6TQ3,A,T,K,225,-1.25,6TQ3_A_T225K
6TQ3,A,Y,F,226,1.5,6TQ3_A_Y226F
6TQ3,A,Y,W,226,-4,6TQ3_A_Y226W
6TQ3,A,K,H,229,-0.75,6TQ3_A_K229H
6TQ3,A,N,H,232,6.5,6TQ3_A_N232H
6TQ3,A,N,Y,232,14.75,6TQ3_A_N232Y
6TQ3,A,V,I,233,-2.5,6TQ3_A_V233I
6TQ3,A,V,L,233,-4.5,6TQ3_A_V233L
6TQ3,A,V,M,233,-1.75,6TQ3_A_V233M
6TQ3,A,T,K,236,-1,6TQ3_A_T236K
6TQ3,A,T,I,237,-4.75,6TQ3_A_T237I
6TQ3,A,T,V,237,-8.5,6TQ3_A_T237V
6TQ3,A,V,I,238,2.25,6TQ3_A_V238I
6TQ3,A,S,A,239,0,6TQ3_A_S239A
6TQ3,A,S,I,239,-3.75,6TQ3_A_S239I
6TQ3,A,S,L,239,-2.25,6TQ3_A_S239L
6TQ3,A,S,N,239,-3.25,6TQ3_A_S239N
6TQ3,A,C,I,245,-2.25,6TQ3_A_C245I
2JIE,A,S,E,17,-0.46,2JIE_A_S17E
2JIE,A,V,G,55,-0.65,2JIE_A_V55G
2JIE,A,F,A,75,-1.32,2JIE_A_F75A
2JIE,A,I,E,94,-0.27,2JIE_A_I94E
2JIE,A,H,N,122,0.38,2JIE_A_H122N
2JIE,A,H,A,122,0.3,2JIE_A_H122A
2JIE,A,N,A,163,-2.07,2JIE_A_N163A
2JIE,A,N,D,163,-1.41,2JIE_A_N163D
2JIE,A,N,C,163,-5.17,2JIE_A_N163C
2JIE,A,T,R,178,-1.87,2JIE_A_T178R
2JIE,A,E,L,180,-0.33,2JIE_A_E180L
2JIE,A,E,K,180,-3.2,2JIE_A_E180K
2JIE,A,E,A,180,-2.39,2JIE_A_E180A
2JIE,A,H,A,181,-0.29,2JIE_A_H181A
2JIE,A,A,S,195,-0.69,2JIE_A_A195S
2JIE,A,E,Y,225,-2.8,2JIE_A_E225Y
2JIE,A,E,K,225,-0.96,2JIE_A_E225K
2JIE,A,E,R,225,-0.83,2JIE_A_E225R
2JIE,A,E,Q,225,-0.18,2JIE_A_E225Q
2JIE,A,S,E,301,-0.32,2JIE_A_S301E
2JIE,A,I,N,303,-1.37,2JIE_A_I303N
2JIE,A,Q,R,313,2.18,2JIE_A_Q313R
2JIE,A,W,L,328,0.48,2JIE_A_W328L
2JIE,A,K,A,344,0.08,2JIE_A_K344A
2JIE,A,N,A,357,1.48,2JIE_A_N357A
2JIE,A,M,T,361,-0.39,2JIE_A_M361T
2JIE,A,L,M,365,0.09,2JIE_A_L365M
1QGD,A,G,A,506,1,1QGD_A_G506A
1QGD,A,I,L,365,1.4,1QGD_A_I365L
3VUB,A,V,L,5,-26.8,3VUB_A_V5L
3VUB,A,V,S,5,-16.8,3VUB_A_V5S
3VUB,A,Y,G,6,-24.4,3VUB_A_Y6G
3VUB,A,Y,P,6,-16.4,3VUB_A_Y6P
3VUB,A,L,E,16,-19.7,3VUB_A_L16E
3VUB,A,L,S,16,-14.5,3VUB_A_L16S
3VUB,A,F,D,17,-7.8,3VUB_A_F17D
3VUB,A,F,S,17,-2.6,3VUB_A_F17S
3VUB,A,V,A,18,-1.8,3VUB_A_V18A
3VUB,A,V,C,18,-3.5,3VUB_A_V18C
3VUB,A,V,D,18,-19.2,3VUB_A_V18D
3VUB,A,V,E,18,-16.3,3VUB_A_V18E
3VUB,A,V,F,18,-15.8,3VUB_A_V18F
3VUB,A,V,G,18,-15.6,3VUB_A_V18G
3VUB,A,V,H,18,-14.2,3VUB_A_V18H
3VUB,A,V,K,18,-19.8,3VUB_A_V18K
3VUB,A,V,L,18,-0.9,3VUB_A_V18L
3VUB,A,V,R,18,-14.8,3VUB_A_V18R
3VUB,A,V,S,18,-18.58,3VUB_A_V18S
3VUB,A,V,T,18,-8.8,3VUB_A_V18T
3VUB,A,V,Y,18,-13.3,3VUB_A_V18Y
3VUB,A,D,F,19,-4.5,3VUB_A_D19F
3VUB,A,R,G,31,-11,3VUB_A_R31G
3VUB,A,M,E,32,-28.4,3VUB_A_M32E
3VUB,A,M,L,32,-0.4,3VUB_A_M32L
3VUB,A,M,W,32,0,3VUB_A_M32W
3VUB,A,V,K,33,-22.9,3VUB_A_V33K
3VUB,A,V,M,33,-1.7,3VUB_A_V33M
3VUB,A,V,R,33,-23.4,3VUB_A_V33R
3VUB,A,I,H,34,-2.9,3VUB_A_I34H
3VUB,A,L,K,36,-21.4,3VUB_A_L36K
3VUB,A,A,M,37,0.4,3VUB_A_A37M
3VUB,A,R,I,40,-2.3,3VUB_A_R40I
3VUB,A,L,F,41,-0.4,3VUB_A_L41F
3VUB,A,S,R,43,-2.6,3VUB_A_S43R
3VUB,A,V,D,54,-6.1,3VUB_A_V54D
3VUB,A,V,E,54,-15.2,3VUB_A_V54E
3VUB,A,V,G,54,-18.7,3VUB_A_V54G
3VUB,A,V,S,54,-16,3VUB_A_V54S
3VUB,A,I,D,56,-4.8,3VUB_A_I56D
3VUB,A,I,E,56,-13.3,3VUB_A_I56E
3VUB,A,I,G,56,-16.9,3VUB_A_I56G
3VUB,A,M,A,63,-5.8,3VUB_A_M63A
3VUB,A,M,D,63,-12.8,3VUB_A_M63D
3VUB,A,M,E,64,-9.7,3VUB_A_M64E
3VUB,A,M,G,64,-20.3,3VUB_A_M64G
3VUB,A,T,N,65,-23.4,3VUB_A_T65N
3VUB,A,T,F,66,-3.9,3VUB_A_T66F
3VUB,A,V,G,71,-15.4,3VUB_A_V71G
3VUB,A,V,F,73,0,3VUB_A_V73F
3VUB,A,V,H,75,-1.4,3VUB_A_V75H
3VUB,A,G,F,77,-4.5,3VUB_A_G77F
3VUB,A,V,M,80,-7.3,3VUB_A_V80M
3VUB,A,V,N,80,-16.7,3VUB_A_V80N
3VUB,A,L,I,83,-23.7,3VUB_A_L83I
3VUB,A,L,K,83,-25.8,3VUB_A_L83K
3VUB,A,R,L,86,-0.7,3VUB_A_R86L
3VUB,A,H,I,85,-6.3,3VUB_A_H85I
3VUB,A,H,M,85,-8.8,3VUB_A_H85M
3VUB,A,H,S,85,-3.9,3VUB_A_H85S
3VUB,A,G,Q,77,-8.6,3VUB_A_G77Q
3VUB,A,S,W,70,5.5,3VUB_A_S70W
3VUB,A,D,T,67,-13.3,3VUB_A_D67T
3VUB,A,M,N,63,-17.5,3VUB_A_M63N
3VUB,A,E,M,59,-4.9,3VUB_A_E59M
3VUB,A,I,S,56,-14.9,3VUB_A_I56S
3VUB,A,H,V,55,-2.4,3VUB_A_H55V
3VUB,A,P,T,52,-2.9,3VUB_A_P52T
3VUB,A,L,N,36,-13.2,3VUB_A_L36N
3VUB,A,L,S,36,-20.6,3VUB_A_L36S
3VUB,A,M,N,32,-1.3,3VUB_A_M32N
3VUB,A,G,Q,29,-5.8,3VUB_A_G29Q
3VUB,A,G,W,29,-12.2,3VUB_A_G29W
3VUB,A,D,N,19,-13.2,3VUB_A_D19N
3VUB,A,L,T,16,0.2,3VUB_A_L16T
1AXB,A,V,R,31,3.3,1AXB_A_V31R
1AXB,A,G,A,76,1.5,1AXB_A_G76A
1AXB,A,S,H,80,2.2,1AXB_A_S80H
1AXB,A,G,D,90,4.1,1AXB_A_G90D
1AXB,A,F,Y,58,2.6,1AXB_A_F58Y
1AXB,A,E,L,46,0.4,1AXB_A_E46L
1RX4,A,A,T,145,-0.4,1RX4_A_A145T
3MBP,A,D,A,162,-2.2,3MBP_A_D162A
3MBP,A,K,A,163,-0.2,3MBP_A_K163A
3MBP,A,K,A,170,-1.5,3MBP_A_K170A
3MBP,A,D,A,223,-2.7,3MBP_A_D223A
3MBP,A,K,A,226,-1.8,3MBP_A_K226A
3MBP,A,N,A,231,-1.4,3MBP_A_N231A
3MBP,A,K,A,228,-1.3,3MBP_A_K228A
3MBP,A,H,A,229,-1.9,3MBP_A_H229A
1AXB,A,T,M,262,1.6,1AXB_A_T262M
1AXB,A,A,V,183,1.4,1AXB_A_A183V
3D2A,A,A,S,46,2.4,3D2A_A_A46S
3D2A,A,F,T,48,2.7,3D2A_A_F48T
3D2A,A,R,P,64,1,3D2A_A_R64P
3D2A,A,T,S,78,2.5,3D2A_A_T78S
3D2A,A,T,V,140,3.3,3D2A_A_T140V
3D2A,A,G,S,111,1.1,3D2A_A_G111S
3D2A,A,L,P,145,1.9,3D2A_A_L145P
3D2A,A,A,D,163,1.2,3D2A_A_A163D
3D2A,A,M,R,165,3.5,3D2A_A_M165R
3D2A,A,M,E,165,4,3D2A_A_M165E
3D2A,A,M,P,168,6.1,3D2A_A_M168P
3D2A,A,M,D,165,4.2,3D2A_A_M165D
3D2A,A,G,S,186,2.4,3D2A_A_G186S
3D2A,A,I,M,188,2.3,3D2A_A_I188M
3D2A,A,Y,N,192,3,3D2A_A_Y192N
3D2A,A,N,T,205,1.4,3D2A_A_N205T
2JIE,A,H,R,376,6.15,2JIE_A_H376R
1STN,A,L,A,107,-15.8,1STN_A_L107A
1STN,A,V,L,148,5.7,1STN_A_V148L
1STN,A,G,S,161,-9.5,1STN_A_G161S
1STN,A,G,V,170,4.3,1STN_A_G170V
1STN,A,A,S,172,-13.5,1STN_A_A172S
1STN,A,H,L,206,8.4,1STN_A_H206L
1LRP,A,V,I,37,3.4,1LRP_A_V37I
1LRP,A,M,A,41,-8.6,1LRP_A_M41A
1BVC,A,I,L,29,-1.7,1BVC_A_I29L
1BVC,A,I,M,29,-1.7,1BVC_A_I29M
1BVC,A,I,V,29,0.1,1BVC_A_I29V
1BVC,A,I,A,29,-4.4,1BVC_A_I29A
1BVC,A,I,L,112,-2,1BVC_A_I112L
1BVC,A,I,M,112,-3.7,1BVC_A_I112M
1BVC,A,I,A,112,-6.4,1BVC_A_I112A
1BVC,A,I,L,143,1.8,1BVC_A_I143L
1BVC,A,I,M,143,2.6,1BVC_A_I143M
1BVC,A,I,V,143,-0.3,1BVC_A_I143V
1BVC,A,I,A,143,-3.9,1BVC_A_I143A
1BVC,A,L,I,30,-3.6,1BVC_A_L30I
1BVC,A,L,M,30,-0.3,1BVC_A_L30M
1BVC,A,L,V,30,-6,1BVC_A_L30V
1BVC,A,L,A,30,-8.9,1BVC_A_L30A
1BVC,A,L,I,70,-0.1,1BVC_A_L70I
1BVC,A,L,V,70,-0.3,1BVC_A_L70V
1BVC,A,L,A,70,-3.8,1BVC_A_L70A
1BVC,A,L,I,136,-5.2,1BVC_A_L136I
1BVC,A,L,M,136,-2.5,1BVC_A_L136M
1BVC,A,L,V,136,-8.3,1BVC_A_L136V
1BVC,A,L,I,50,-2.5,1BVC_A_L50I
1BPI,A,Y,G,70,-18,1BPI_A_Y70G
1BPI,A,G,A,72,-21,1BPI_A_G72A
1BPI,A,N,G,78,-32,1BPI_A_N78G
1BPI,A,N,G,79,-21,1BPI_A_N79G
1BPI,A,G,S,71,-4.5,1BPI_A_G71S
1CTS,A,H,G,301,-1.9,1CTS_A_H301G
1CTS,A,H,R,301,-1.1,1CTS_A_H301R
1CTS,A,D,G,402,4.6,1CTS_A_D402G
1CTS,A,D,N,402,5.8,1CTS_A_D402N
1CTS,A,D,E,402,-1.1,1CTS_A_D402E
1CTS,A,D,Q,402,11.1,1CTS_A_D402Q
1STN,A,P,G,199,5,1STN_A_P199G
1STN,A,P,T,199,0.6,1STN_A_P199T
1STN,A,K,G,198,3.8,1STN_A_K198G
1BVC,A,G,A,130,2,1BVC_A_G130A
1BVC,A,V,A,67,1.4,1BVC_A_V67A
1BVC,A,P,A,89,1.1,1BVC_A_P89A
1BVC,A,H,A,117,0.3,1BVC_A_H117A
1BVC,A,V,A,14,-1.3,1BVC_A_V14A
1BVC,A,T,A,68,-0.5,1BVC_A_T68A
1BVC,A,S,A,118,-0.5,1BVC_A_S118A
1BVC,A,L,A,12,-0.8,1BVC_A_L12A
1BVC,A,L,A,10,-0.8,1BVC_A_L10A
1BVC,A,G,A,24,-2.2,1BVC_A_G24A
1BVC,A,L,A,138,-3.6,1BVC_A_L138A
1BVC,A,V,A,115,-2.9,1BVC_A_V115A
1BVC,A,T,A,52,-2.8,1BVC_A_T52A
1BVC,A,L,A,150,-3.2,1BVC_A_L150A
2RN2,A,Q,P,113,-2.1,2RN2_A_Q113P
1LRP,A,G,A,47,3.1,1LRP_A_G47A
1LRP,A,G,A,49,4.7,1LRP_A_G49A
1LRP,A,K,Q,5,2,1LRP_A_K5Q
1LRP,A,Q,Y,34,5.9,1LRP_A_Q34Y
1LRP,A,Q,Y,45,-0.1,1LRP_A_Q45Y
1LRP,A,A,V,50,-13,1LRP_A_A50V
1LRP,A,Y,H,23,-22.7,1LRP_A_Y23H
1LRP,A,A,T,67,-22.5,1LRP_A_A67T
1LRP,A,I,S,85,-14.3,1LRP_A_I85S
1LZ1,A,I,V,41,-1.6,1LZ1_A_I41V
1LZ1,A,I,V,74,-6.6,1LZ1_A_I74V
1LZ1,A,I,V,77,-5.1,1LZ1_A_I77V
1LZ1,A,I,V,107,-2.7,1LZ1_A_I107V
1LZ1,A,I,V,124,-5.6,1LZ1_A_I124V
1LZ1,A,I,T,74,-12.5,1LZ1_A_I74T
1LZ1,A,V,A,20,-7.9,1LZ1_A_V20A
1LZ1,A,V,A,92,-1.9,1LZ1_A_V92A
1LZ1,A,V,A,111,-4.4,1LZ1_A_V111A
1LZ1,A,V,A,117,-4.4,1LZ1_A_V117A
1LZ1,A,V,A,118,-2.6,1LZ1_A_V118A
1LZ1,A,V,A,128,1.5,1LZ1_A_V128A
1LZ1,A,V,A,139,-9.3,1LZ1_A_V139A
1LZ1,A,V,A,143,-7,1LZ1_A_V143A
1LZ1,A,V,A,148,-4.8,1LZ1_A_V148A
1WQ5,A,P,A,57,-0.1,1WQ5_A_P57A
1BNI,A,S,A,138,-4.81,1BNI_A_S138A
1BNI,A,I,V,135,-3.37,1BNI_A_I135V
1BNI,A,I,V,143,-2.4,1BNI_A_I143V
1BNI,A,I,V,98,-4.53,1BNI_A_I98V
1BNI,A,T,R,63,1.33,1BNI_A_T63R
1BNI,A,T,G,73,-4.06,1BNI_A_T73G
1BNI,A,S,A,139,-7.13,1BNI_A_S139A
1BNI,A,R,Q,130,-3.29,1BNI_A_R130Q
1BNI,A,R,M,116,-5.77,1BNI_A_R116M
1BNI,A,D,N,101,-7.49,1BNI_A_D101N
1BNI,A,D,M,69,-1.57,1BNI_A_D69M
1BNI,A,D,G,59,-2.3,1BNI_A_D59G
1BNI,A,D,A,55,-1.91,1BNI_A_D55A
1BPI,A,F,A,57,-14.7,1BPI_A_F57A
1BPI,A,Y,A,58,-33,1BPI_A_Y58A
1BPI,A,F,A,80,-38,1BPI_A_F80A
4LYZ,A,F,Y,21,-1.2,4LYZ_A_F21Y
4LYZ,A,H,L,33,2,4LYZ_A_H33L
4LYZ,A,N,K,37,-2.8,4LYZ_A_N37K
4LYZ,A,R,Q,39,-0.4,4LYZ_A_R39Q
4LYZ,A,F,Y,52,0.5,4LYZ_A_F52Y
4LYZ,A,R,K,86,-0.1,4LYZ_A_R86K
4LYZ,A,R,K,91,0.6,4LYZ_A_R91K
4LYZ,A,N,H,95,-1,4LYZ_A_N95H
4LYZ,A,D,G,119,1.2,4LYZ_A_D119G
4LYZ,A,G,V,120,-0.1,4LYZ_A_G120V
4LYZ,A,G,R,120,1,4LYZ_A_G120R
4LYZ,A,R,H,132,1.8,4LYZ_A_R132H
4LYZ,A,Q,H,139,-1.2,4LYZ_A_Q139H
4LYZ,A,A,V,49,3.1,4LYZ_A_A49V
4LYZ,A,A,I,49,3.6,4LYZ_A_A49I
4LYZ,A,A,L,49,4.7,4LYZ_A_A49L
4LYZ,A,D,S,119,2.3,4LYZ_A_D119S
4LYZ,A,D,A,119,2,4LYZ_A_D119A
4LYZ,A,D,F,119,1.9,4LYZ_A_D119F
4LYZ,A,D,R,119,0.7,4LYZ_A_D119R
4LYZ,A,D,K,119,0.5,4LYZ_A_D119K
4LYZ,A,D,N,119,0.1,4LYZ_A_D119N
4LYZ,A,D,Q,119,-0.2,4LYZ_A_D119Q
4LYZ,A,S,T,109,2.6,4LYZ_A_S109T
4LYZ,A,S,V,109,-0.2,4LYZ_A_S109V
4LYZ,A,S,A,109,-0.4,4LYZ_A_S109A
4LYZ,A,T,S,58,-0.7,4LYZ_A_T58S
4LYZ,A,I,L,73,-1.2,4LYZ_A_I73L
4LYZ,A,I,V,73,-2.4,4LYZ_A_I73V
4LYZ,A,T,I,58,-5.8,4LYZ_A_T58I
4LYZ,A,I,M,73,-6,4LYZ_A_I73M
4LYZ,A,S,D,109,-6.1,4LYZ_A_S109D
4LYZ,A,I,F,73,-6.5,4LYZ_A_I73F
4LYZ,A,S,Y,109,-8.1,4LYZ_A_S109Y
4LYZ,A,I,A,73,-11.6,4LYZ_A_I73A
4LYZ,A,I,T,73,-13.1,4LYZ_A_I73T
2CI2,A,L,A,28,-22.5,2CI2_A_L28A
2CI2,A,V,A,39,-4.7,2CI2_A_V39A
2CI2,A,I,V,40,-14.8,2CI2_A_I40V
2CI2,A,I,V,49,-7.2,2CI2_A_I49V
2CI2,A,I,A,49,-21.3,2CI2_A_I49A
2CI2,A,V,A,67,-28.5,2CI2_A_V67A
2CI2,A,L,A,69,-21.5,2CI2_A_L69A
2CI2,A,V,A,71,-16.8,2CI2_A_V71A
2CI2,A,I,V,77,1.4,2CI2_A_I77V
2CI2,A,I,A,77,-25.7,2CI2_A_I77A
1LZ1,A,P,G,89,-4.7,1LZ1_A_P89G
1LZ1,A,P,G,121,-0.1,1LZ1_A_P121G
1LZ1,A,D,P,109,-1.1,1LZ1_A_D109P
1LZ1,A,A,P,65,0.3,1LZ1_A_A65P
1LZ1,A,V,P,128,1.2,1LZ1_A_V128P
1RTB,A,P,A,119,-10.7,1RTB_A_P119A
1RTB,A,P,S,119,-8.5,1RTB_A_P119S
1RTB,A,P,A,140,-10.6,1RTB_A_P140A
1RTB,A,P,G,140,-10.5,1RTB_A_P140G
1LRP,A,G,S,49,4,1LRP_A_G49S
1LRP,A,G,N,49,4.1,1LRP_A_G49N
1RN1,A,Q,K,51,3.4,1RN1_A_Q51K
1RN1,A,E,A,84,-2.3,1RN1_A_E84A
1RN1,A,Y,F,37,-6,1RN1_A_Y37F
1RN1,A,Y,F,82,-2.1,1RN1_A_Y82F
1RN1,A,Y,F,83,-1.3,1RN1_A_Y83F
1RN1,A,Y,F,94,-4,1RN1_A_Y94F
1RN1,A,S,A,38,-3.2,1RN1_A_S38A
1RN1,A,S,A,43,1.7,1RN1_A_S43A
1RN1,A,S,A,90,-4.6,1RN1_A_S90A
1RN1,A,N,A,35,-2.1,1RN1_A_N35A
1RN1,A,N,A,70,-5.5,1RN1_A_N70A
1RN1,A,N,A,107,-8.6,1RN1_A_N107A
3SSI,A,M,A,134,-5.18,3SSI_A_M134A
3SSI,A,M,V,134,-4.33,3SSI_A_M134V
3SSI,A,M,I,134,-7.3,3SSI_A_M134I
3SSI,A,M,L,134,2.35,3SSI_A_M134L
3SSI,A,M,G,134,-14.4,3SSI_A_M134G
1BNI,A,I,A,143,-9.6,1BNI_A_I143A
1BNI,A,I,A,135,-11.2,1BNI_A_I135A
1BNI,A,L,A,61,-11.9,1BNI_A_L61A
1SUP,A,N,S,325,4,1SUP_A_N325S
1SUP,A,G,A,276,1.1,1SUP_A_G276A
1SUP,A,M,F,157,1.8,1SUP_A_M157F
1SUP,A,Y,K,324,2.7,1SUP_A_Y324K
1SUP,A,Q,C,313,4.7,1SUP_A_Q313C
1SUP,A,N,D,183,1.7,1SUP_A_N183D
2RN2,A,A,T,125,0.4,2RN2_A_A125T
1RN1,A,W,Y,85,20,1RN1_A_W85Y
1RN1,A,Y,W,71,-1.6,1RN1_A_Y71W
3SSI,A,V,A,44,-13.7,3SSI_A_V44A
3SSI,A,V,G,44,-27.7,3SSI_A_V44G
3SSI,A,V,F,44,-13.5,3SSI_A_V44F
3SSI,A,V,I,44,-2.4,3SSI_A_V44I
3SSI,A,V,L,44,-5.3,3SSI_A_V44L
3SSI,A,V,M,44,-12.6,3SSI_A_V44M
1BPI,A,R,A,36,-3.9,1BPI_A_R36A
1BPI,A,P,A,37,-9.8,1BPI_A_P37A
1BPI,A,D,A,38,1.4,1BPI_A_D38A
1BPI,A,F,A,39,-21,1BPI_A_F39A
1BPI,A,L,A,41,-4.6,1BPI_A_L41A
1BPI,A,E,A,42,-11.2,1BPI_A_E42A
1BPI,A,P,A,43,-2.5,1BPI_A_P43A
1BPI,A,P,A,44,-5.5,1BPI_A_P44A
1BPI,A,Y,A,45,-9,1BPI_A_Y45A
1BPI,A,T,A,46,-0.3,1BPI_A_T46A
1BPI,A,G,A,47,-16.1,1BPI_A_G47A
1BPI,A,P,A,48,-9,1BPI_A_P48A
1BPI,A,K,A,50,-4.2,1BPI_A_K50A
1BPI,A,R,A,52,-4.7,1BPI_A_R52A
1BPI,A,I,A,53,-10.9,1BPI_A_I53A
1BPI,A,I,A,54,-15.1,1BPI_A_I54A
1BPI,A,R,A,55,-13.2,1BPI_A_R55A
1BPI,A,N,A,59,-15.8,1BPI_A_N59A
1BPI,A,K,A,61,-0.1,1BPI_A_K61A
1BPI,A,G,A,63,-7.3,1BPI_A_G63A
1BPI,A,L,A,64,0.3,1BPI_A_L64A
1BPI,A,Q,A,66,-7.5,1BPI_A_Q66A
1BPI,A,T,A,67,-0.4,1BPI_A_T67A
1BPI,A,V,A,69,-9,1BPI_A_V69A
1BPI,A,Y,A,70,-16.2,1BPI_A_Y70A
1BPI,A,G,A,71,-15.4,1BPI_A_G71A
1BPI,A,K,A,76,-3,1BPI_A_K76A
1BPI,A,R,A,77,-3.6,1BPI_A_R77A
1BPI,A,N,A,79,-29,1BPI_A_N79A
1BPI,A,K,A,81,0.6,1BPI_A_K81A
1BPI,A,S,A,82,-11.9,1BPI_A_S82A
1BPI,A,E,A,84,-1.3,1BPI_A_E84A
1BPI,A,D,A,85,-2.6,1BPI_A_D85A
1BPI,A,M,A,87,-12.1,1BPI_A_M87A
1BPI,A,R,A,88,-0.9,1BPI_A_R88A
1BPI,A,T,A,89,-0.7,1BPI_A_T89A
1BPI,A,G,A,91,-1.4,1BPI_A_G91A
1BPI,A,G,A,92,-1.5,1BPI_A_G92A
1STN,A,V,A,148,-14.5,1STN_A_V148A
1STN,A,V,W,148,-10,1STN_A_V148W
1STN,A,L,A,89,-3.2,1STN_A_L89A
1STN,A,V,A,105,-12.5,1STN_A_V105A
1STN,A,K,G,106,-6.3,1STN_A_K106G
1STN,A,A,T,151,-13.7,1STN_A_A151T
1STN,A,E,A,157,-5.6,1STN_A_E157A
1STN,A,E,G,157,-15.2,1STN_A_E157G
1STN,A,G,W,170,4.8,1STN_A_G170W
1STN,A,L,A,219,-8.7,1STN_A_L219A
1RX4,A,G,V,121,-2.4,1RX4_A_G121V
1RX4,A,G,L,121,-5.2,1RX4_A_G121L
1RX4,A,G,S,121,-2.4,1RX4_A_G121S
1RX4,A,G,A,121,-2.7,1RX4_A_G121A
1RX4,A,G,C,121,-1.2,1RX4_A_G121C
1RX4,A,G,D,121,-5.5,1RX4_A_G121D
1RX4,A,G,H,121,-2.9,1RX4_A_G121H
1RX4,A,G,Y,121,-5.5,1RX4_A_G121Y
1STN,A,D,A,159,-10.7,1STN_A_D159A
1STN,A,E,V,157,-6.6,1STN_A_E157V
1YCC,A,N,I,58,17.2,1YCC_A_N58I
1YCC,A,C,S,108,11.3,1YCC_A_C108S
1YCC,A,C,A,108,11.6,1YCC_A_C108A
1CLW,A,G,R,178,-0.5,1CLW_A_G178R
1CLW,A,T,I,236,-0.4,1CLW_A_T236I
1CLW,A,G,R,245,-0.9,1CLW_A_G245R
1CLW,A,E,V,310,-0.6,1CLW_A_E310V
1CLW,A,R,K,286,-2.5,1CLW_A_R286K
1CLW,A,G,D,324,0.1,1CLW_A_G324D
1CLW,A,R,S,383,-5.2,1CLW_A_R383S
1RTB,A,Y,F,123,-10.1,1RTB_A_Y123F
1RTB,A,Y,A,123,-34.3,1RTB_A_Y123A
1RTB,A,Y,G,123,-33.3,1RTB_A_Y123G
1SUP,A,N,A,325,-3.3,1SUP_A_N325A
1PGA,A,T,Y,279,12.17,1PGA_A_T279Y
1PGA,A,T,I,279,10.73,1PGA_A_T279I
1PGA,A,T,F,279,10.63,1PGA_A_T279F
1PGA,A,T,W,279,8.68,1PGA_A_T279W
1PGA,A,T,V,279,8.42,1PGA_A_T279V
1PGA,A,T,S,279,7.75,1PGA_A_T279S
1PGA,A,T,M,279,7.21,1PGA_A_T279M
1PGA,A,T,C,279,6.94,1PGA_A_T279C
1PGA,A,T,L,279,5.42,1PGA_A_T279L
1PGA,A,T,R,279,5.36,1PGA_A_T279R
1PGA,A,T,N,279,4.83,1PGA_A_T279N
1PGA,A,T,H,279,3.91,1PGA_A_T279H
1PGA,A,T,Q,279,3.85,1PGA_A_T279Q
1PGA,A,T,K,279,3.6,1PGA_A_T279K
1PGA,A,T,E,279,1.76,1PGA_A_T279E
1PGA,A,T,D,279,-6.14,1PGA_A_T279D
1PGA,A,T,G,279,-11.1,1PGA_A_T279G
1SUP,A,S,C,194,-1.7,1SUP_A_S194C
1SUP,A,T,C,129,-2.5,1SUP_A_T129C
1LRP,A,P,A,79,-7,1LRP_A_P79A
4BLM,A,K,E,248,-7.5,4BLM_A_K248E
4BLM,A,K,A,248,5.2,4BLM_A_K248A
3SSI,A,M,K,104,3.71,3SSI_A_M104K
3SSI,A,M,D,104,3.46,3SSI_A_M104D
3SSI,A,M,E,104,1.99,3SSI_A_M104E
3SSI,A,M,G,104,-0.87,3SSI_A_M104G
3SSI,A,M,A,104,1.66,3SSI_A_M104A
3SSI,A,M,V,104,-1.75,3SSI_A_M104V
3SSI,A,M,L,104,-1.05,3SSI_A_M104L
3SSI,A,M,I,104,-2.42,3SSI_A_M104I
2TRX,A,L,K,79,-13.7,2TRX_A_L79K
2TRX,A,L,R,79,-16.1,2TRX_A_L79R
1N0J,A,I,T,82,-13.6,1N0J_A_I82T
1STN,A,K,W,152,-3.4,1STN_A_K152W
1CYO,A,F,Y,40,3.4,1CYO_A_F40Y
1CYO,A,F,L,40,-7.1,1CYO_A_F40L
1CYO,A,F,H,40,-11.3,1CYO_A_F40H
1LRP,A,T,A,9,-5,1LRP_A_T9A
1LRP,A,T,V,9,-5,1LRP_A_T9V
1LRP,A,E,A,11,-2,1LRP_A_E11A
1LRP,A,E,V,11,-2,1LRP_A_E11V
1LRP,A,L,A,13,-4,1LRP_A_L13A
1LRP,A,L,V,13,-2,1LRP_A_L13V
1LRP,A,E,A,24,-5,1LRP_A_E24A
1LRP,A,E,V,24,-4,1LRP_A_E24V
1RTB,A,P,A,68,-1.4,1RTB_A_P68A
1RTB,A,P,A,143,-6.7,1RTB_A_P143A
1RTB,A,P,G,119,-7.3,1RTB_A_P119G
1BTA,A,C,A,83,-1.4,1BTA_A_C83A
1SHF,A,E,D,107,2.1,1SHF_A_E107D
1SHF,A,E,T,107,-5.7,1SHF_A_E107T
1SHF,A,E,Q,107,-6,1SHF_A_E107Q
1SHF,A,E,H,107,-6.5,1SHF_A_E107H
1SHF,A,E,K,107,-6.6,1SHF_A_E107K
1SHF,A,E,A,107,-7.6,1SHF_A_E107A
1SHF,A,E,S,107,-12.3,1SHF_A_E107S
1SHF,A,E,F,107,-13.5,1SHF_A_E107F
1SHF,A,E,V,107,-14.3,1SHF_A_E107V
1SHF,A,E,P,107,-15.9,1SHF_A_E107P
1SHF,A,E,Y,107,-18.9,1SHF_A_E107Y
1SHF,A,E,I,107,-24.9,1SHF_A_E107I
1SHF,A,E,L,107,-27.1,1SHF_A_E107L
1SHF,A,E,R,107,-34.5,1SHF_A_E107R
1SHF,A,S,K,124,5.4,1SHF_A_S124K
1SHF,A,S,R,124,2.5,1SHF_A_S124R
1SHF,A,S,N,124,-2.6,1SHF_A_S124N
1SHF,A,S,L,124,-4.5,1SHF_A_S124L
1SHF,A,S,H,124,-5.3,1SHF_A_S124H
1SHF,A,S,A,124,-6.2,1SHF_A_S124A
1SHF,A,S,I,124,-6.8,1SHF_A_S124I
1SHF,A,S,V,124,-9.8,1SHF_A_S124V
1SHF,A,S,T,124,-14.5,1SHF_A_S124T
1SHF,A,S,F,124,-18.7,1SHF_A_S124F
1SHF,A,S,Y,124,-18.7,1SHF_A_S124Y
1SHF,A,S,D,124,-20.7,1SHF_A_S124D
1SHF,A,S,G,124,-21.5,1SHF_A_S124G
1LZ1,A,Y,F,56,-0.6,1LZ1_A_Y56F
1LZ1,A,Y,F,72,-3,1LZ1_A_Y72F
1LZ1,A,Y,F,81,-0.7,1LZ1_A_Y81F
1LZ1,A,Y,F,142,-1.1,1LZ1_A_Y142F
1RN1,A,N,D,70,-5.5,1RN1_A_N70D
1RN1,A,N,S,70,-5,1RN1_A_N70S
1BVU,A,D,T,168,-0.5,1BVU_A_D168T
1BVU,A,T,E,139,-5.5,1BVU_A_T139E
1LZ1,A,I,A,41,-8.1,1LZ1_A_I41A
1LZ1,A,I,A,74,-12.5,1LZ1_A_I74A
1LZ1,A,I,A,77,-5.8,1LZ1_A_I77A
1LZ1,A,I,A,107,-8.7,1LZ1_A_I107A
1LZ1,A,I,A,124,-3,1LZ1_A_I124A
1LZ1,A,I,G,77,-12.7,1LZ1_A_I77G
1YCC,A,P,L,82,-4.9,1YCC_A_P82L
1YCC,A,P,G,82,-5,1YCC_A_P82G
1YCC,A,P,V,82,-5.2,1YCC_A_P82V
1YCC,A,P,R,82,-4.9,1YCC_A_P82R
1YCC,A,P,S,82,-5.7,1YCC_A_P82S
1YCC,A,P,Y,82,-6.8,1YCC_A_P82Y
1YCC,A,P,W,82,-6.5,1YCC_A_P82W
1RTB,A,N,D,93,-3.4,1RTB_A_N93D
1YCC,A,K,W,79,-11.6,1YCC_A_K79W
1YCC,A,K,V,79,6.1,1YCC_A_K79V
1YCC,A,K,I,79,-5,1YCC_A_K79I
1TPK,A,V,I,280,0.5,1TPK_A_V280I
1TPK,A,V,T,280,-4.3,1TPK_A_V280T
1TPK,A,V,L,280,-8.5,1TPK_A_V280L
1TPK,A,V,A,280,-8.8,1TPK_A_V280A
1TPK,A,V,M,280,-9.9,1TPK_A_V280M
1TPK,A,V,S,280,-11.4,1TPK_A_V280S
1LRP,A,Y,C,86,1,1LRP_A_Y86C
1STN,A,L,F,171,-7.5,1STN_A_L171F
1STN,A,V,F,105,-10.2,1STN_A_V105F
1STN,A,H,Y,128,-0.6,1STN_A_H128Y
1STN,A,I,M,100,-2.1,1STN_A_I100M
1LRP,A,Y,C,89,8.8,1LRP_A_Y89C
3SSI,A,D,C,114,17.25,3SSI_A_D114C
3SSI,A,D,N,114,-2.3,3SSI_A_D114N
2CI2,A,S,A,32,-8.4,2CI2_A_S32A
2CI2,A,E,N,34,-3.8,2CI2_A_E34N
2CI2,A,K,A,37,-12.6,2CI2_A_K37A
2CI2,A,K,A,38,-5.2,2CI2_A_K38A
2CI2,A,K,G,38,-10.8,2CI2_A_K38G
2CI2,A,K,A,44,-5.8,2CI2_A_K44A
2CI2,A,I,V,50,1.4,2CI2_A_I50V
2CI2,A,T,A,23,-2.9,2CI2_A_T23A
2CI2,A,V,A,54,-2.8,2CI2_A_V54A
2CI2,A,V,T,54,-8.3,2CI2_A_V54T
2CI2,A,L,A,52,-9.1,2CI2_A_L52A
2CI2,A,L,V,52,-0.5,2CI2_A_L52V
2CI2,A,F,L,70,-14.1,2CI2_A_F70L
1YCC,A,L,I,100,-1.7,1YCC_A_L100I
1YCC,A,Y,F,103,-2.1,1YCC_A_Y103F
1YCC,A,F,Y,16,-7,1YCC_A_F16Y
1YCC,A,L,V,100,-4,1YCC_A_L100V
1YCC,A,F,I,16,-4.3,1YCC_A_F16I
1YCC,A,F,W,16,-12.3,1YCC_A_F16W
1YCC,A,L,T,100,-25.4,1YCC_A_L100T
1YCC,A,F,M,16,-15.2,1YCC_A_F16M
1YCC,A,L,A,100,-35.4,1YCC_A_L100A
1YCC,A,Y,A,103,-21.7,1YCC_A_Y103A
1YCC,A,C,T,108,7.9,1YCC_A_C108T
1YCC,A,V,C,26,6.8,1YCC_A_V26C
1BPI,A,F,A,68,-16.5,1BPI_A_F68A
1YCC,A,N,Q,58,2,1YCC_A_N58Q
1YCC,A,N,S,58,-10.7,1YCC_A_N58S
1YCC,A,N,H,58,-1.7,1YCC_A_N58H
1YCC,A,N,T,58,-8,1YCC_A_N58T
1YCC,A,N,A,58,4.5,1YCC_A_N58A
1YCC,A,N,V,58,8.9,1YCC_A_N58V
1YCC,A,N,M,58,13.5,1YCC_A_N58M
1YCC,A,N,L,58,12.9,1YCC_A_N58L
1LRP,A,L,P,58,-15,1LRP_A_L58P
1LRP,A,L,C,58,-19,1LRP_A_L58C
1LRP,A,L,A,58,-34,1LRP_A_L58A
1YCC,A,A,L,13,-1.7,1YCC_A_A13L
1YCC,A,A,Y,13,0.6,1YCC_A_A13Y
1RN1,A,D,N,102,-13.8,1RN1_A_D102N
1RN1,A,D,S,102,-13.6,1RN1_A_D102S
1RN1,A,D,A,102,-15.2,1RN1_A_D102A
1LZ1,A,S,A,42,-1.6,1LZ1_A_S42A
1LZ1,A,S,A,54,-3.5,1LZ1_A_S54A
1LZ1,A,S,A,69,-0.7,1LZ1_A_S69A
1LZ1,A,S,A,79,-4.3,1LZ1_A_S79A
1LZ1,A,S,A,98,1.4,1LZ1_A_S98A
1LZ1,A,S,A,100,1.1,1LZ1_A_S100A
1BNI,A,G,A,100,-8.6,1BNI_A_G100A
1BNI,A,G,A,99,-13.3,1BNI_A_G99A
1BNI,A,G,V,100,-19.6,1BNI_A_G100V
1BNI,A,G,V,99,-21.1,1BNI_A_G99V
1BTM,A,H,N,13,1,1BTM_A_H13N
1BTM,A,K,G,14,-3,1BTM_A_K14G
451C,A,F,A,29,9.5,451C_A_F29A
451C,A,V,M,35,3.2,451C_A_V35M
451C,A,F,Y,56,16,451C_A_F56Y
451C,A,Q,R,59,4.3,451C_A_Q59R
451C,A,E,Y,65,5.1,451C_A_E65Y
451C,A,V,I,100,8.4,451C_A_V100I
1CYO,A,V,E,66,-4,1CYO_A_V66E
1CYO,A,V,Y,66,-4.7,1CYO_A_V66Y
1CYO,A,V,H,66,-5.9,1CYO_A_V66H
1CYO,A,V,K,66,-8.7,1CYO_A_V66K
1HFZ,A,H,Y,51,0.3,1HFZ_A_H51Y
1HFZ,A,H,A,51,-11.6,1HFZ_A_H51A
1HFZ,A,L,H,129,6.3,1HFZ_A_L129H
1HFZ,A,L,R,129,1.9,1HFZ_A_L129R
1HFZ,A,L,E,129,-1.1,1HFZ_A_L129E
1HFZ,A,Q,A,136,-4.1,1HFZ_A_Q136A
1HFZ,A,W,Y,137,-5.4,1HFZ_A_W137Y
1HFZ,A,W,H,137,-3.3,1HFZ_A_W137H
1HFZ,A,A,S,125,-6.1,1HFZ_A_A125S
1HFZ,A,H,Y,126,-1,1HFZ_A_H126Y
1HFZ,A,H,A,126,-4.1,1HFZ_A_H126A
1HFZ,A,H,W,126,-8.7,1HFZ_A_H126W
1HFZ,A,K,N,133,10.7,1HFZ_A_K133N
1HFZ,A,K,Q,133,-2.7,1HFZ_A_K133Q
1HFZ,A,K,E,133,-3.2,1HFZ_A_K133E
1HFZ,A,V,N,61,-1.1,1HFZ_A_V61N
1HFZ,A,V,A,61,-4.5,1HFZ_A_V61A
1HFZ,A,V,G,61,-5.2,1HFZ_A_V61G
1HFZ,A,Q,A,73,-1.9,1HFZ_A_Q73A
1HFZ,A,I,W,78,-4.5,1HFZ_A_I78W
1HFZ,A,Y,P,122,-1.1,1HFZ_A_Y122P
1HFZ,A,Y,A,122,-10.7,1HFZ_A_Y122A
1HFZ,A,W,Y,123,-12.5,1HFZ_A_W123Y
1LZ1,A,N,L,45,0.4,1LZ1_A_N45L
1LZ1,A,A,L,50,-0.3,1LZ1_A_A50L
1LZ1,A,E,L,53,-1.8,1LZ1_A_E53L
1LZ1,A,G,Q,55,-0.8,1LZ1_A_G55Q
1LZ1,A,R,G,68,0.9,1LZ1_A_R68G
1LZ1,A,Q,G,76,5.7,1LZ1_A_Q76G
1LZ1,A,V,S,92,-1.2,1LZ1_A_V92S
1LZ1,A,H,G,96,-0.5,1LZ1_A_H96G
1LZ1,A,A,M,114,0.1,1LZ1_A_A114M
1LZ1,A,V,F,118,-6.5,1LZ1_A_V118F
1A23,A,P,A,170,-11,1A23_A_P170A
1LZ1,A,I,G,74,-2.7,1LZ1_A_I74G
1LZ1,A,I,L,74,-0.3,1LZ1_A_I74L
1LZ1,A,I,M,74,-5.8,1LZ1_A_I74M
1LZ1,A,I,F,74,-15,1LZ1_A_I74F
1LZ1,A,I,M,77,-4.2,1LZ1_A_I77M
1LZ1,A,I,F,77,-2.6,1LZ1_A_I77F
1LZ1,A,I,S,77,-11.8,1LZ1_A_I77S
1LZ1,A,I,T,77,-6.9,1LZ1_A_I77T
1LZ1,A,I,Y,77,-13.8,1LZ1_A_I77Y
2AKY,A,N,D,171,-0.6,2AKY_A_N171D
2AKY,A,T,H,79,-1.1,2AKY_A_T79H
2AKY,A,V,I,10,-1.5,2AKY_A_V10I
2AKY,A,I,F,215,-7.7,2AKY_A_I215F
1AKK,A,L,V,95,-4,1AKK_A_L95V
1AYF,A,H,Q,114,-4.94,1AYF_A_H114Q
1AYF,A,H,T,114,-2.64,1AYF_A_H114T
1AYF,A,H,R,114,-2.11,1AYF_A_H114R
1AYF,A,T,S,112,0.21,1AYF_A_T112S
1AYF,A,T,A,112,-4.29,1AYF_A_T112A
1AYF,A,Y,S,140,-0.79,1AYF_A_Y140S
1AYF,A,Y,L,140,-0.69,1AYF_A_Y140L
1AYF,A,Y,F,140,0.11,1AYF_A_Y140F
1AYF,A,Y,W,140,-0.7,1AYF_A_Y140W
1AYF,A,C,S,153,4.36,1AYF_A_C153S
1AYF,A,D,E,134,2.01,1AYF_A_D134E
1STN,A,M,L,114,-3.2,1STN_A_M114L
1STN,A,M,I,114,-2.3,1STN_A_M114I
1PGA,A,F,H,256,-53,1PGA_A_F256H
1N0J,A,Q,E,167,14.1,1N0J_A_Q167E
1N0J,A,Q,S,167,6,1N0J_A_Q167S
1N0J,A,Q,N,167,-31.5,1N0J_A_Q167N
1N0J,A,Q,A,167,-9.1,1N0J_A_Q167A
1N0J,A,Q,V,167,-20.7,1N0J_A_Q167V
2AFG,A,C,S,98,-13,2AFG_A_C98S
2AFG,A,C,S,132,-2,2AFG_A_C132S
2AFG,A,H,G,108,7.3,2AFG_A_H108G
1RTB,A,G,R,114,0.8,1RTB_A_G114R
1LZ1,A,K,M,19,-0.5,1LZ1_A_K19M
1LZ1,A,K,A,19,-2.2,1LZ1_A_K19A
1STN,A,G,C,111,-4.6,1STN_A_G111C
1STN,A,G,C,132,-2.6,1STN_A_G132C
1STN,A,E,C,139,-0.9,1STN_A_E139C
1STN,A,A,C,142,-3.6,1STN_A_A142C
1STN,A,K,C,152,-2.8,1STN_A_K152C
1STN,A,K,C,160,0.4,1STN_A_K160C
1STN,A,R,C,187,-11.1,1STN_A_R187C
1STN,A,A,C,194,-2.8,1STN_A_A194C
1STN,A,K,C,216,-2.9,1STN_A_K216C
1STN,A,G,F,111,-6.4,1STN_A_G111F
1STN,A,G,F,132,-2.5,1STN_A_G132F
1STN,A,E,F,139,-1.1,1STN_A_E139F
1STN,A,K,F,160,-0.5,1STN_A_K160F
1STN,A,R,F,187,-15.1,1STN_A_R187F
1STN,A,A,F,194,-6.9,1STN_A_A194F
1STN,A,K,F,216,-1.7,1STN_A_K216F
1LZ1,A,V,G,20,-7.5,1LZ1_A_V20G
1LZ1,A,V,I,20,3.4,1LZ1_A_V20I
1LZ1,A,V,L,20,-0.2,1LZ1_A_V20L
1LZ1,A,V,M,20,-1,1LZ1_A_V20M
1LZ1,A,V,F,20,-2.7,1LZ1_A_V20F
1LZ1,A,V,G,92,-0.7,1LZ1_A_V92G
1LZ1,A,V,I,92,1.7,1LZ1_A_V92I
1LZ1,A,V,L,92,0.6,1LZ1_A_V92L
1LZ1,A,V,M,92,2,1LZ1_A_V92M
1LZ1,A,V,F,92,-0.9,1LZ1_A_V92F
1LZ1,A,V,G,128,1.6,1LZ1_A_V128G
1LZ1,A,V,I,128,2.7,1LZ1_A_V128I
1LZ1,A,V,L,128,0.2,1LZ1_A_V128L
1LZ1,A,V,M,128,1.6,1LZ1_A_V128M
1LZ1,A,V,F,128,-0.2,1LZ1_A_V128F
1RN1,A,Y,W,50,1.6,1RN1_A_Y50W
1RN1,A,Y,W,68,-0.6,1RN1_A_Y68W
1RN1,A,H,T,66,-0.5,1RN1_A_H66T
1RN1,A,H,A,118,-1.3,1RN1_A_H118A
1LZ1,A,E,Q,25,-3.9,1LZ1_A_E25Q
1LZ1,A,D,N,36,-4.6,1LZ1_A_D36N
1LZ1,A,D,N,85,-6.1,1LZ1_A_D85N
1LZ1,A,D,N,138,-1.8,1LZ1_A_D138N
4LYZ,A,G,A,85,-2.9,4LYZ_A_G85A
4LYZ,A,G,A,89,-1.2,4LYZ_A_G89A
4LYZ,A,G,A,135,-4.6,4LYZ_A_G135A
1RTB,A,K,W,27,3.3,1RTB_A_K27W
1RTB,A,F,W,34,-10.1,1RTB_A_F34W
1RTB,A,D,W,64,-3.5,1RTB_A_D64W
1RTB,A,Y,W,99,-6.1,1RTB_A_Y99W
1RTB,A,Y,W,102,-6.1,1RTB_A_Y102W
1RTB,A,Y,W,118,2.5,1RTB_A_Y118W
1RTB,A,K,W,130,-10.9,1RTB_A_K130W
1RTB,A,Y,W,141,-4.4,1RTB_A_Y141W
1RTB,A,V,W,150,-4.5,1RTB_A_V150W
4LYZ,A,M,L,30,-1.8,4LYZ_A_M30L
4LYZ,A,M,F,30,0.8,4LYZ_A_M30F
1ADO,A,D,G,129,-12.7,1ADO_A_D129G
1ADO,A,D,A,129,-11.9,1ADO_A_D129A
1ADO,A,D,N,129,-11.7,1ADO_A_D129N
1ADO,A,D,Q,129,-11.6,1ADO_A_D129Q
1ADO,A,D,V,129,-12.2,1ADO_A_D129V
1LZ1,A,L,T,26,-12.4,1LZ1_A_L26T
1LZ1,A,A,S,27,-0.1,1LZ1_A_A27S
1LZ1,A,A,S,50,-1,1LZ1_A_A50S
1LZ1,A,A,S,110,2.6,1LZ1_A_A110S
1LZ1,A,V,T,111,-2.3,1LZ1_A_V111T
1LZ1,A,A,S,114,-3.3,1LZ1_A_A114S
1LZ1,A,V,T,117,-1.6,1LZ1_A_V117T
1LZ1,A,V,T,118,-0.9,1LZ1_A_V118T
1LZ1,A,R,A,39,4.5,1LZ1_A_R39A
1LZ1,A,R,G,39,3.7,1LZ1_A_R39G
1LZ1,A,Y,A,56,-8.9,1LZ1_A_Y56A
1LZ1,A,Y,G,56,-8.2,1LZ1_A_Y56G
1LZ1,A,R,A,68,1.4,1LZ1_A_R68A
1LZ1,A,Q,A,76,3.1,1LZ1_A_Q76A
1LZ1,A,H,A,96,-0.5,1LZ1_A_H96A
1LZ1,A,N,A,136,0.6,1LZ1_A_N136A
1LZ1,A,N,G,136,0.2,1LZ1_A_N136G
1K9Q,A,L,Y,190,7.1,1K9Q_A_L190Y
1K9Q,A,D,T,194,4.9,1K9Q_A_D194T
1K9Q,A,A,R,180,11.4,1K9Q_A_A180R
1RN1,A,V,A,42,-8.2,1RN1_A_V42A
1RN1,A,V,S,42,-15.6,1RN1_A_V42S
1RN1,A,V,T,42,-11.3,1RN1_A_V42T
1RN1,A,V,C,42,-9.6,1RN1_A_V42C
1RN1,A,V,A,104,-7.9,1RN1_A_V104A
1RN1,A,V,S,104,-16.6,1RN1_A_V104S
1RN1,A,V,T,104,-11.3,1RN1_A_V104T
1RN1,A,V,S,115,-21.6,1RN1_A_V115S
1RN1,A,V,T,115,-13.2,1RN1_A_V115T
1RN1,A,V,C,115,-4.9,1RN1_A_V115C
1LZ1,A,G,A,34,-4.6,1LZ1_A_G34A
1LZ1,A,G,A,40,-7.2,1LZ1_A_G40A
1LZ1,A,G,A,55,-0.9,1LZ1_A_G55A
1LZ1,A,G,A,66,1.5,1LZ1_A_G66A
1LZ1,A,G,A,86,-0.4,1LZ1_A_G86A
1LZ1,A,G,A,90,-1.1,1LZ1_A_G90A
1LZ1,A,G,A,123,-2.1,1LZ1_A_G123A
1LZ1,A,G,A,145,-1.7,1LZ1_A_G145A
1LZ1,A,G,A,147,0.5,1LZ1_A_G147A
1RBP,A,W,Y,42,-11,1RBP_A_W42Y
1RBP,A,W,F,42,-12,1RBP_A_W42F
1RBP,A,W,L,42,-12.3,1RBP_A_W42L
1RBP,A,W,H,109,-0.5,1RBP_A_W109H
1RBP,A,W,F,123,-2.2,1RBP_A_W123F
1RBP,A,R,Q,157,-12.4,1RBP_A_R157Q
2CBR,A,R,Q,112,9.4,2CBR_A_R112Q
2CBR,A,R,Q,132,11.6,2CBR_A_R132Q
1STN,A,E,G,155,-15.2,1STN_A_E155G
1STN,A,D,G,159,-8.1,1STN_A_D159G
1HFZ,A,D,N,106,32.4,1HFZ_A_D106N
1QLP,A,W,F,218,-0.5,1QLP_A_W218F
1QLP,A,W,F,262,-1.7,1QLP_A_W262F
2AFG,A,L,P,59,3,2AFG_A_L59P
2AFG,A,L,V,88,-8.5,2AFG_A_L88V
2AFG,A,V,L,124,-3.3,2AFG_A_V124L
1XAS,A,W,A,126,2,1XAS_A_W126A
1XAS,A,W,F,126,-4,1XAS_A_W126F
1XAS,A,W,H,126,-1,1XAS_A_W126H
1XAS,A,Y,A,213,-5,1XAS_A_Y213A
1XAS,A,Y,F,213,-0.9,1XAS_A_Y213F
1XAS,A,Y,S,213,1.6,1XAS_A_Y213S
1XAS,A,W,A,307,-4.7,1XAS_A_W307A
1XAS,A,W,F,307,-3.3,1XAS_A_W307F
1XAS,A,W,H,307,-7.3,1XAS_A_W307H
1XAS,A,W,A,315,4.1,1XAS_A_W315A
1XAS,A,W,F,315,0.8,1XAS_A_W315F
1XAS,A,W,H,315,0.2,1XAS_A_W315H
1CHK,A,W,F,68,-7.1,1CHK_A_W68F
1CHK,A,W,F,141,-7.5,1CHK_A_W141F
1CHK,A,W,F,267,-6.8,1CHK_A_W267F
1LZ1,A,V,S,20,-4.4,1LZ1_A_V20S
1LZ1,A,V,Y,20,-1.2,1LZ1_A_V20Y
1LZ1,A,V,D,20,-4.5,1LZ1_A_V20D
1LZ1,A,V,N,20,-4.1,1LZ1_A_V20N
1LZ1,A,V,R,20,-1.3,1LZ1_A_V20R
1LZ1,A,V,Y,92,-0.9,1LZ1_A_V92Y
1LZ1,A,V,D,92,-1.4,1LZ1_A_V92D
1LZ1,A,V,N,92,-1,1LZ1_A_V92N
1LZ1,A,V,R,92,-0.3,1LZ1_A_V92R
1LZ1,A,V,Y,128,-0.5,1LZ1_A_V128Y
1LZ1,A,V,D,128,0.5,1LZ1_A_V128D
1LZ1,A,V,N,128,0.2,1LZ1_A_V128N
1LZ1,A,V,R,128,2.9,1LZ1_A_V128R
1AV1,A,L,R,165,-2,1AV1_A_L165R
1AYF,A,F,W,69,-5.3,1AYF_A_F69W
1AYF,A,F,W,101,-6.5,1AYF_A_F101W
1AYF,A,F,W,117,-14.6,1AYF_A_F117W
1AYF,A,F,W,122,-3.2,1AYF_A_F122W
1QLP,A,K,F,355,6,1QLP_A_K355F
1QLP,A,K,I,355,3,1QLP_A_K355I
1QLP,A,K,V,355,4,1QLP_A_K355V
1QLP,A,K,T,355,-1,1QLP_A_K355T
1QLP,A,S,R,354,-4,1QLP_A_S354R
1H8V,A,A,V,51,7.7,1H8V_A_A51V
1H8V,A,W,Y,23,-1,1H8V_A_W23Y
1H8V,A,A,S,51,-4,1H8V_A_A51S
1H8V,A,S,N,55,0.5,1H8V_A_S55N
1H8V,A,G,A,57,2.5,1H8V_A_G57A
1H8V,A,S,V,79,-0.8,1H8V_A_S79V
1H8V,A,A,N,82,0.1,1H8V_A_A82N
1H8V,A,S,G,93,0.1,1H8V_A_S93G
1H8V,A,N,D,107,0.5,1H8V_A_N107D
1H8V,A,S,T,159,0.5,1H8V_A_S159T
1H8V,A,T,S,179,0.3,1H8V_A_T179S
1H8V,A,N,S,183,0.2,1H8V_A_N183S
1H8V,A,A,G,204,0.5,1H8V_A_A204G
1SHG,A,D,G,1011,11.3,1SHG_A_D1011G
1TCA,A,V,I,235,0.8,1TCA_A_V235I
1TCA,A,V,D,246,-2,1TCA_A_V246D
1TCA,A,A,E,306,-6.8,1TCA_A_A306E
1KFW,A,N,K,235,0.6,1KFW_A_N235K
1KFW,A,G,P,130,1.2,1KFW_A_G130P
1KFW,A,G,Q,443,-0.6,1KFW_A_G443Q
1ANT,A,N,A,167,-1,1ANT_A_N167A
1RTB,A,F,L,72,-11.1,1RTB_A_F72L
1RTB,A,F,V,72,-12.1,1RTB_A_F72V
1RTB,A,F,A,72,-22.4,1RTB_A_F72A
1RTP,A,H,P,27,5.6,1RTP_A_H27P
1RTP,A,A,P,22,-8.5,1RTP_A_A22P
1RTP,A,K,S,81,-1.3,1RTP_A_K81S
1H8V,A,G,C,186,2.1,1H8V_A_G186C
1H8V,A,P,C,217,3.9,1H8V_A_P217C
1H8V,A,V,C,226,0.1,1H8V_A_V226C
1OLR,A,C,G,205,1.2,1OLR_A_C205G
1OLR,A,C,S,205,0.2,1OLR_A_C205S
1OLR,A,C,P,236,-9.2,1OLR_A_C236P
1OLR,A,C,S,236,-5.4,1OLR_A_C236S
1OLR,A,C,V,246,0.8,1OLR_A_C246V
1OLR,A,C,S,246,-5.6,1OLR_A_C246S
1BNI,A,D,A,59,-1,1BNI_A_D59A
1BNI,A,Y,G,60,-15.6,1BNI_A_Y60G
1BNI,A,Q,G,62,-2,1BNI_A_Q62G
1BNI,A,Q,A,62,-0.9,1BNI_A_Q62A
1BNI,A,Y,G,64,-10.3,1BNI_A_Y64G
1BNI,A,I,G,102,-5.3,1BNI_A_I102G
1BNI,A,R,G,119,-5.7,1BNI_A_R119G
1BNI,A,E,G,120,-12.7,1BNI_A_E120G
1BNI,A,I,G,135,-20.8,1BNI_A_I135G
1BNI,A,L,G,136,-8.7,1BNI_A_L136G
1BNI,A,L,G,142,-9.1,1BNI_A_L142G
1BNI,A,I,G,143,-15.7,1BNI_A_I143G
1BNI,A,Y,G,144,-17.9,1BNI_A_Y144G
1BNI,A,T,G,147,-4.3,1BNI_A_T147G
1SHF,A,F,S,87,-27.2,1SHF_A_F87S
1SHF,A,F,A,87,-8.9,1SHF_A_F87A
1SHF,A,F,V,87,-1.3,1SHF_A_F87V
1SHF,A,F,L,87,-14.6,1SHF_A_F87L
1SHF,A,A,S,89,-12.6,1SHF_A_A89S
1SHF,A,A,G,89,-18.6,1SHF_A_A89G
1SHF,A,A,V,89,-41.5,1SHF_A_A89V
1SHF,A,A,L,89,-29.3,1SHF_A_A89L
1SHF,A,A,F,89,-40.7,1SHF_A_A89F
1SHF,A,L,S,101,-43,1SHF_A_L101S
1SHF,A,L,A,101,-43.8,1SHF_A_L101A
1SHF,A,L,V,101,-10.7,1SHF_A_L101V
1SHF,A,L,I,101,-1.3,1SHF_A_L101I
1SHF,A,L,F,101,-5.5,1SHF_A_L101F
1SHF,A,F,S,103,-40.9,1SHF_A_F103S
1SHF,A,F,A,103,-22.3,1SHF_A_F103A
1SHF,A,F,V,103,-8.4,1SHF_A_F103V
1SHF,A,F,L,103,-10.9,1SHF_A_F103L
1SHF,A,F,V,109,-16.7,1SHF_A_F109V
1SHF,A,F,I,109,-11.6,1SHF_A_F109I
1SHF,A,F,L,109,-2.6,1SHF_A_F109L
1SHF,A,I,S,111,-33.5,1SHF_A_I111S
1SHF,A,I,A,111,-27.1,1SHF_A_I111A
1SHF,A,I,V,111,-2.2,1SHF_A_I111V
1SHF,A,I,L,111,-7.2,1SHF_A_I111L
1SHF,A,I,F,111,-22.6,1SHF_A_I111F
1SHF,A,W,S,120,-25.6,1SHF_A_W120S
1SHF,A,W,A,120,-21.6,1SHF_A_W120A
1SHF,A,W,V,120,-8.3,1SHF_A_W120V
1SHF,A,W,L,120,-3.2,1SHF_A_W120L
1SHF,A,W,F,120,-4.4,1SHF_A_W120F
1SHF,A,A,S,122,-26.9,1SHF_A_A122S
1SHF,A,A,G,122,-12,1SHF_A_A122G
1SHF,A,A,V,122,-0.6,1SHF_A_A122V
1SHF,A,A,L,122,-31.7,1SHF_A_A122L
1SHF,A,A,F,122,-21.9,1SHF_A_A122F
1SHF,A,I,A,133,-35.9,1SHF_A_I133A
1SHF,A,I,V,133,-2.2,1SHF_A_I133V
1SHF,A,I,L,133,-4.9,1SHF_A_I133L
1SHF,A,I,F,133,-34.8,1SHF_A_I133F
1SHF,A,V,S,138,1.5,1SHF_A_V138S
1SHF,A,V,A,138,-17.1,1SHF_A_V138A
1SHF,A,V,I,138,-0.2,1SHF_A_V138I
1SHF,A,V,L,138,0.9,1SHF_A_V138L
1SHF,A,V,F,138,-7.1,1SHF_A_V138F
3MBP,A,P,S,74,0.6,3MBP_A_P74S
3MBP,A,P,S,185,-6.1,3MBP_A_P185S
3MBP,A,P,A,74,1.3,3MBP_A_P74A
3MBP,A,P,A,185,-7.5,3MBP_A_P185A
1STN,A,S,A,223,-1.3,1STN_A_S223A
1B26,A,R,A,191,-2.2,1B26_A_R191A
1B26,A,E,A,232,-1.1,1B26_A_E232A
1B26,A,K,A,194,1.5,1B26_A_K194A
1N0J,A,Y,F,58,15.9,1N0J_A_Y58F
1FTG,A,E,K,21,5.2,1FTG_A_E21K
1FTG,A,E,K,41,6.6,1FTG_A_E41K
1FTG,A,E,K,62,3.6,1FTG_A_E62K
1FTG,A,D,K,66,-2.1,1FTG_A_D66K
1FTG,A,E,K,73,7.6,1FTG_A_E73K
1FTG,A,D,K,76,7.8,1FTG_A_D76K
1FTG,A,D,K,127,4.6,1FTG_A_D127K
1FTG,A,D,K,151,-6.2,1FTG_A_D151K
1FTG,A,L,A,7,-11.8,1FTG_A_L7A
1FTG,A,I,V,23,-6.3,1FTG_A_I23V
1FTG,A,V,A,32,-4.8,1FTG_A_V32A
1FTG,A,D,A,44,0.6,1FTG_A_D44A
1FTG,A,I,V,53,-4.1,1FTG_A_I53V
1FTG,A,S,A,72,-1,1FTG_A_S72A
1FTG,A,A,G,85,-5.4,1FTG_A_A85G
1FTG,A,N,A,98,-2.4,1FTG_A_N98A
1FTG,A,Q,A,100,8.5,1FTG_A_Q100A
1FTG,A,I,V,105,-4,1FTG_A_I105V
1FTG,A,S,A,111,-1.7,1FTG_A_S111A
1FTG,A,V,A,118,-8,1FTG_A_V118A
1FTG,A,T,S,123,5.9,1FTG_A_T123S
1FTG,A,V,A,140,-6.4,1FTG_A_V140A
1FTG,A,L,A,144,-1.5,1FTG_A_L144A
1FTG,A,I,V,157,-8.7,1FTG_A_I157V
1FTG,A,V,A,161,-8.2,1FTG_A_V161A
2AFG,A,H,Y,36,3.6,2AFG_A_H36Y
2AFG,A,L,F,59,3.1,2AFG_A_L59F
2AFG,A,H,Y,117,1.9,2AFG_A_H117Y
2AFG,A,F,Y,123,1.6,2AFG_A_F123Y
2AFG,A,V,I,124,-0.4,2AFG_A_V124I
5AZU,A,K,R,44,-2,5AZU_A_K44R
1H7M,A,E,A,7,-8.6,1H7M_A_E7A
1H7M,A,K,A,10,-8.4,1H7M_A_K10A
1H7M,A,K,M,10,-7.1,1H7M_A_K10M
1H7M,A,E,A,91,-0.9,1H7M_A_E91A
1H7M,A,R,A,93,-3.7,1H7M_A_R93A
1H7M,A,R,M,93,-3.1,1H7M_A_R93M
1BAH,A,H,F,43,17,1BAH_A_H43F
1STN,A,W,F,222,-11.6,1STN_A_W222F
1STN,A,W,Y,222,-12.1,1STN_A_W222Y
1STN,A,W,H,222,-8.9,1STN_A_W222H
1QQV,A,H,Y,791,10,1QQV_A_H791Y
1H7M,A,D,A,3,-2.5,1H7M_A_D3A
1H7M,A,R,A,9,-7,1H7M_A_R9A
1H7M,A,D,A,13,0.4,1H7M_A_D13A
1H7M,A,K,A,16,-6.1,1H7M_A_K16A
1H7M,A,R,A,22,-1.5,1H7M_A_R22A
1H7M,A,K,A,23,1,1H7M_A_K23A
1H7M,A,K,A,29,-4.4,1H7M_A_K29A
1H7M,A,K,A,34,-6.4,1H7M_A_K34A
1H7M,A,R,A,40,-4.8,1H7M_A_R40A
1H7M,A,R,A,43,0.2,1H7M_A_R43A
1H7M,A,D,A,45,0.1,1H7M_A_D45A
1H7M,A,K,A,47,-7.4,1H7M_A_K47A
1H7M,A,E,A,48,2,1H7M_A_E48A
1H7M,A,D,A,49,3.2,1H7M_A_D49A
1H7M,A,E,A,51,2.3,1H7M_A_E51A
1H7M,A,R,A,55,-5.4,1H7M_A_R55A
1H7M,A,E,A,63,-5.5,1H7M_A_E63A
1H7M,A,E,A,65,0.4,1H7M_A_E65A
1H7M,A,E,A,70,-2,1H7M_A_E70A
1H7M,A,R,A,77,-1.5,1H7M_A_R77A
1H7M,A,H,A,79,-2.2,1H7M_A_H79A
1H7M,A,D,A,88,-9.2,1H7M_A_D88A
1LS4,A,T,A,47,4,1LS4_A_T47A
1LS4,A,T,A,159,-9,1LS4_A_T159A
1LS4,A,L,K,33,-16,1LS4_A_L33K
1LS4,A,A,K,155,-15,1LS4_A_A155K
1HFY,A,W,F,137,1.8,1HFY_A_W137F
1HFY,A,W,F,79,-3.2,1HFY_A_W79F
1HFZ,A,E,Q,26,7.9,1HFZ_A_E26Q
1HFZ,A,E,L,30,9.7,1HFZ_A_E30L
1HFZ,A,D,N,33,-3,1HFZ_A_D33N
1HFZ,A,E,A,44,1.1,1HFZ_A_E44A
1HFZ,A,D,N,56,14.4,1HFZ_A_D56N
1HFY,A,T,A,57,-6.8,1HFY_A_T57A
1HYN,A,E,K,40,-1.3,1HYN_A_E40K
1HYN,A,G,R,130,-0.7,1HYN_A_G130R
1HYN,A,P,R,327,-5,1HYN_A_P327R
1HYN,A,K,E,56,-1.3,1HYN_A_K56E
1FTG,A,V,I,19,4.9,1FTG_A_V19I
1FTG,A,I,A,22,-0.5,1FTG_A_I22A
1FTG,A,I,G,22,3.8,1FTG_A_I22G
1FTG,A,L,A,51,0.6,1FTG_A_L51A
1FTG,A,G,A,69,6.7,1FTG_A_G69A
1FTG,A,V,I,84,1,1FTG_A_V84I
1FTG,A,A,V,102,5.4,1FTG_A_A102V
1FTG,A,E,A,108,2.7,1FTG_A_E108A
1FTG,A,Q,G,112,3.7,1FTG_A_Q112G
1RTB,A,A,S,30,-1.69,1RTB_A_A30S
1RTB,A,A,S,31,-1.42,1RTB_A_A31S
1RTB,A,S,A,149,5.9,1RTB_A_S149A
1YNR,A,Y,F,43,6.2,1YNR_A_Y43F
451C,A,Y,F,49,8.9,451C_A_Y49F
2CPP,A,T,V,102,-3.5,2CPP_A_T102V
1RTB,A,V,A,73,-13,1RTB_A_V73A
1RTB,A,V,A,80,-8.2,1RTB_A_V80A
1RTB,A,V,G,80,-17.2,1RTB_A_V80G
1RTB,A,V,A,83,-9.3,1RTB_A_V83A
1RTB,A,V,G,83,-19.9,1RTB_A_V83G
1RTB,A,V,A,89,0.1,1RTB_A_V89A
1RTB,A,V,G,89,-11.9,1RTB_A_V89G
1RTB,A,A,G,90,-2.2,1RTB_A_A90G
1RTB,A,I,G,107,-17,1RTB_A_I107G
1RTB,A,I,V,132,-3,1RTB_A_I132V
1RTB,A,I,A,132,-14.9,1RTB_A_I132A
1RTB,A,I,V,133,0.6,1RTB_A_I133V
1RTB,A,I,A,133,-10.3,1RTB_A_I133A
1RTB,A,V,A,134,-14.7,1RTB_A_V134A
1RTB,A,V,G,134,-28.6,1RTB_A_V134G
1RTB,A,A,G,135,-2.6,1RTB_A_A135G
1RTB,A,V,A,142,-3.2,1RTB_A_V142A
1RTB,A,V,G,142,-4.4,1RTB_A_V142G
1RTB,A,V,A,144,-5.5,1RTB_A_V144A
1RTB,A,V,G,144,-10.1,1RTB_A_V144G
1RTB,A,I,L,132,-6.3,1RTB_A_I132L
1RTB,A,I,L,133,-8.6,1RTB_A_I133L
1RTB,A,V,L,80,-3.3,1RTB_A_V80L
1RTB,A,V,I,80,-2.6,1RTB_A_V80I
1RTB,A,V,L,83,-7.3,1RTB_A_V83L
1RTB,A,V,I,83,-0.2,1RTB_A_V83I
1RTB,A,V,L,134,-2.4,1RTB_A_V134L
1RTB,A,V,I,134,0.1,1RTB_A_V134I
1PGA,A,T,P,228,-6.6,1PGA_A_T228P
1PGA,A,G,P,235,-17,1PGA_A_G235P
1PGA,A,K,P,236,-8.4,1PGA_A_K236P
1PGA,A,V,P,247,6.2,1PGA_A_V247P
1PGA,A,A,P,249,-1.4,1PGA_A_A249P
1PGA,A,A,P,250,-4.6,1PGA_A_A250P
1PGA,A,T,P,251,-20.9,1PGA_A_T251P
1PGA,A,V,P,255,-22.6,1PGA_A_V255P
1PGA,A,D,P,262,-21,1PGA_A_D262P
1PGA,A,A,P,274,-6.8,1PGA_A_A274P
1FTG,A,V,L,19,0.5,1FTG_A_V19L
1FTG,A,G,A,88,0.3,1FTG_A_G88A
1FTG,A,G,V,88,3,1FTG_A_G88V
1FTG,A,G,L,88,1.7,1FTG_A_G88L
1FTG,A,A,L,102,0.5,1FTG_A_A102L
1STN,A,V,T,105,-14.7,1STN_A_V105T
1STN,A,V,T,121,-7.5,1STN_A_V121T
1STN,A,V,T,133,-1,1STN_A_V133T
1STN,A,V,T,148,-6.3,1STN_A_V148T
1STN,A,V,T,156,-18.3,1STN_A_V156T
1STN,A,V,T,181,-15.2,1STN_A_V181T
1STN,A,V,T,186,-10.3,1STN_A_V186T
1STN,A,V,T,193,-10.2,1STN_A_V193T
1STN,A,V,T,196,-1,1STN_A_V196T
1STN,A,V,S,121,-11,1STN_A_V121S
1STN,A,V,S,133,-0.6,1STN_A_V133S
1STN,A,V,S,148,-13.9,1STN_A_V148S
1STN,A,V,S,196,0.6,1STN_A_V196S
1STN,A,Y,F,109,-3.9,1STN_A_Y109F
1STN,A,Y,F,136,-1.8,1STN_A_Y136F
1STN,A,Y,F,167,-1.3,1STN_A_Y167F
1STN,A,Y,F,173,-7.2,1STN_A_Y173F
1STN,A,Y,F,175,-7.8,1STN_A_Y175F
1STN,A,Y,F,195,0.9,1STN_A_Y195F
1STN,A,Y,F,197,0.8,1STN_A_Y197F
1STN,A,Y,L,136,-12.4,1STN_A_Y136L
1STN,A,Y,L,167,-0.7,1STN_A_Y167L
1STN,A,Y,L,173,-14.1,1STN_A_Y173L
1STN,A,Y,L,195,-0.7,1STN_A_Y195L
1STN,A,Y,L,197,-1.4,1STN_A_Y197L
1STN,A,S,A,210,4.9,1STN_A_S210A
1STN,A,S,A,229,-0.6,1STN_A_S229A
1STN,A,T,S,95,-1.6,1STN_A_T95S
1STN,A,T,S,104,-2.8,1STN_A_T104S
1STN,A,T,S,115,-5.5,1STN_A_T115S
1STN,A,T,S,123,-3.1,1STN_A_T123S
1STN,A,T,S,126,-0.5,1STN_A_T126S
1STN,A,T,S,144,-9,1STN_A_T144S
1STN,A,T,S,164,-3.5,1STN_A_T164S
1STN,A,T,S,202,-2.8,1STN_A_T202S
1STN,A,T,V,95,-1.6,1STN_A_T95V
1STN,A,T,V,104,-3.6,1STN_A_T104V
1STN,A,T,V,115,2.3,1STN_A_T115V
1STN,A,T,V,123,4.2,1STN_A_T123V
1STN,A,T,V,126,1,1STN_A_T126V
1STN,A,T,V,144,2.3,1STN_A_T144V
1STN,A,T,V,164,1.6,1STN_A_T164V
1STN,A,T,V,202,-5.4,1STN_A_T202V
1STN,A,T,C,95,-3.8,1STN_A_T95C
1STN,A,T,C,104,-3.8,1STN_A_T104C
1STN,A,T,C,115,-3.6,1STN_A_T115C
1STN,A,T,C,123,2.9,1STN_A_T123C
1STN,A,T,C,126,0.5,1STN_A_T126C
1STN,A,T,C,144,-4.6,1STN_A_T144C
1STN,A,T,C,164,-2.5,1STN_A_T164C
1STN,A,T,C,202,-5.6,1STN_A_T202C
1STN,A,T,I,104,-3.6,1STN_A_T104I
1STN,A,T,I,115,2.2,1STN_A_T115I
1STN,A,T,I,123,4.2,1STN_A_T123I
1STN,A,T,I,126,-4.2,1STN_A_T126I
1STN,A,T,I,144,-3.9,1STN_A_T144I
1STN,A,T,I,164,1.6,1STN_A_T164I
1STN,A,T,I,202,-5,1STN_A_T202I
1STN,A,D,F,101,-4.6,1STN_A_D101F
1STN,A,K,F,110,-4.2,1STN_A_K110F
1STN,A,P,F,129,-0.9,1STN_A_P129F
1STN,A,K,F,130,-0.4,1STN_A_K130F
1STN,A,K,F,131,-1.2,1STN_A_K131F
1STN,A,E,F,134,-0.5,1STN_A_E134F
1STN,A,M,F,147,-5.8,1STN_A_M147F
1STN,A,E,F,149,-6.6,1STN_A_E149F
1STN,A,E,F,155,-5.3,1STN_A_E155F
1STN,A,Q,F,162,-1.6,1STN_A_Q162F
1STN,A,K,F,166,-3.5,1STN_A_K166F
1STN,A,G,F,168,-9.1,1STN_A_G168F
1STN,A,G,F,178,-11.3,1STN_A_G178F
1STN,A,E,F,183,-16.1,1STN_A_E183F
1STN,A,K,F,198,0.6,1STN_A_K198F
1STN,A,E,F,204,-1,1STN_A_E204F
1STN,A,Q,F,205,-2,1STN_A_Q205F
1STN,A,K,F,209,-1.2,1STN_A_K209F
1STN,A,S,F,210,-3.8,1STN_A_S210F
1STN,A,E,F,217,-3.5,1STN_A_E217F
1STN,A,K,F,218,-6.4,1STN_A_K218F
1STN,A,D,F,225,-1.5,1STN_A_D225F
1STN,A,T,A,144,-8.1,1STN_A_T144A
1STN,A,T,F,144,0.5,1STN_A_T144F
1STN,A,T,G,144,-15.9,1STN_A_T144G
1STN,A,T,H,144,-8.2,1STN_A_T144H
1STN,A,T,K,144,-18.2,1STN_A_T144K
1STN,A,T,L,144,-5.3,1STN_A_T144L
1STN,A,T,M,144,-2.3,1STN_A_T144M
1STN,A,T,N,144,-16.7,1STN_A_T144N
1STN,A,T,Q,144,-13.5,1STN_A_T144Q
2DRI,A,S,A,34,-1.5,2DRI_A_S34A
2DRI,A,N,A,38,-3.6,2DRI_A_N38A
2DRI,A,F,A,40,-9.5,2DRI_A_F40A
2DRI,A,F,A,41,-6.3,2DRI_A_F41A
2DRI,A,N,A,89,-9.8,2DRI_A_N89A
2DRI,A,D,A,114,-6.5,2DRI_A_D114A
2DRI,A,S,A,128,-3,2DRI_A_S128A
2DRI,A,I,A,157,-2.5,2DRI_A_I157A
2DRI,A,F,A,189,-10.4,2DRI_A_F189A
2DRI,A,N,A,215,-12.2,2DRI_A_N215A
2DRI,A,F,A,239,-17.7,2DRI_A_F239A
2DRI,A,D,A,240,-12.4,2DRI_A_D240A
2DRI,A,Q,A,260,-4.8,2DRI_A_Q260A
4BLM,A,S,C,140,1.7,4BLM_A_S140C
4BLM,A,S,C,277,-6.4,4BLM_A_S277C
1RTB,A,S,A,101,-7.9,1RTB_A_S101A
1RTB,A,S,T,101,-8.9,1RTB_A_S101T
1RTB,A,S,C,101,-17.9,1RTB_A_S101C
1RTB,A,S,R,101,-22.9,1RTB_A_S101R
1CHK,A,A,L,144,-7,1CHK_A_A144L
1CHK,A,K,R,204,-1,1CHK_A_K204R
2AFG,A,F,W,100,-0.3,2AFG_A_F100W
2AFG,A,F,W,147,1.3,2AFG_A_F147W
1SHG,A,N,A,1010,-9.5,1SHG_A_N1010A
1SHG,A,A,G,1019,-4.6,1SHG_A_A1019G
1SHG,A,A,E,1019,-3.8,1SHG_A_A1019E
1SHG,A,A,K,1019,-0.6,1SHG_A_A1019K
3D2A,A,S,P,194,1,3D2A_A_S194P
1STN,A,F,C,116,-13,1STN_A_F116C
1STN,A,L,C,118,-14,1STN_A_L118C
2DRI,A,L,C,87,-8.6,2DRI_A_L87C
2DRI,A,A,C,213,-6.6,2DRI_A_A213C
1JK9,A,G,A,94,20,1JK9_A_G94A
1JK9,A,G,R,86,45,1JK9_A_G86R
